date,open,high,low,close
1962-01-02,1.0,1.0,1.0,1.0
1962-01-03,1.0,1.0,1.0,1.0
1962-01-04,1.0,1.0,1.0,1.0
1962-01-05,1.0,1.0,1.0,1.0
1962-01-08,1.0,1.0,1.0,1.0
1962-01-09,1.0,1.0,1.0,1.0
1962-01-10,1.0,1.0,1.0,1.0
1962-01-11,1.0,1.0,1.0,1.0
1962-01-12,1.0,1.0,1.0,1.0
1962-01-15,1.0,1.0,1.0,1.0
1962-01-16,1.0,1.0,1.0,1.0
1962-01-17,1.0,1.0,1.0,1.0
1962-01-18,1.0,1.0,1.0,1.0
1962-01-19,1.0,1.0,1.0,1.0
1962-01-22,1.0,1.0,1.0,1.0
1962-01-23,1.0,1.0,1.0,1.0
1962-01-24,1.0,1.0,1.0,1.0
1962-01-25,1.0,1.0,1.0,1.0
1962-01-26,1.0,1.0,1.0,1.0
1962-01-29,1.0,1.0,1.0,1.0
1962-01-30,1.0,1.0,1.0,1.0
1962-01-31,1.0,1.0,1.0,1.0
1962-02-01,1.0,1.0,1.0,1.0
1962-02-02,1.0,1.0,1.0,1.0
1962-02-05,1.0,1.0,1.0,1.0
1962-02-06,1.0,1.0,1.0,1.0
1962-02-07,1.0,1.0,1.0,1.0
1962-02-08,1.0,1.0,1.0,1.0
1962-02-09,1.0,1.0,1.0,1.0
1962-02-12,1.0,1.0,1.0,1.0
1962-02-13,1.0,1.0,1.0,1.0
1962-02-14,1.0,1.0,1.0,1.0
1962-02-15,1.0,1.0,1.0,1.0
1962-02-16,1.0,1.0,1.0,1.0
1962-02-19,1.0,1.0,1.0,1.0
1962-02-20,1.0,1.0,1.0,1.0
1962-02-21,1.0,1.0,1.0,1.0
1962-02-22,1.0,1.0,1.0,1.0
1962-02-23,1.0,1.0,1.0,1.0
1962-02-26,1.0,1.0,1.0,1.0
1962-02-27,1.0,1.0,1.0,1.0
1962-02-28,1.0,1.0,1.0,1.0
1962-03-01,1.0,1.0,1.0,1.0
1962-03-02,1.0,1.0,1.0,1.0
1962-03-05,1.0,1.0,1.0,1.0
1962-03-06,1.0,1.0,1.0,1.0
1962-03-07,1.0,1.0,1.0,1.0
1962-03-08,1.0,1.0,1.0,1.0
1962-03-09,1.0,1.0,1.0,1.0
1962-03-12,1.0,1.0,1.0,1.0
1962-03-13,1.0,1.0,1.0,1.0
1962-03-14,1.0,1.0,1.0,1.0
1962-03-15,1.0,1.0,1.0,1.0
1962-03-16,1.0,1.0,1.0,1.0
1962-03-19,1.0,1.0,1.0,1.0
1962-03-20,1.0,1.0,1.0,1.0
1962-03-21,1.0,1.0,1.0,1.0
1962-03-22,1.0,1.0,1.0,1.0
1962-03-23,1.0,1.0,1.0,1.0
1962-03-26,1.0,1.0,1.0,1.0
1962-03-27,1.0,1.0,1.0,1.0
1962-03-28,1.0,1.0,1.0,1.0
1962-03-29,1.0,1.0,1.0,1.0
1962-03-30,1.0,1.0,1.0,1.0
1962-04-02,1.0,1.0,1.0,1.0
1962-04-03,1.0,1.0,1.0,1.0
1962-04-04,1.0,1.0,1.0,1.0
1962-04-05,1.0,1.0,1.0,1.0
1962-04-06,1.0,1.0,1.0,1.0
1962-04-09,1.0,1.0,1.0,1.0
1962-04-10,1.0,1.0,1.0,1.0
1962-04-11,1.0,1.0,1.0,1.0
1962-04-12,1.0,1.0,1.0,1.0
1962-04-13,1.0,1.0,1.0,1.0
1962-04-16,1.0,1.0,1.0,1.0
1962-04-17,1.0,1.0,1.0,1.0
1962-04-18,1.0,1.0,1.0,1.0
1962-04-19,1.0,1.0,1.0,1.0
1962-04-20,1.0,1.0,1.0,1.0
1962-04-23,1.0,1.0,1.0,1.0
1962-04-24,1.0,1.0,1.0,1.0
1962-04-25,1.0,1.0,1.0,1.0
1962-04-26,1.0,1.0,1.0,1.0
1962-04-27,1.0,1.0,1.0,1.0
1962-04-30,1.0,1.0,1.0,1.0
1962-05-01,1.0,1.0,1.0,1.0
1962-05-02,1.0,1.0,1.0,1.0
1962-05-03,1.0,1.0,1.0,1.0
1962-05-04,1.0,1.0,1.0,1.0
1962-05-07,1.0,1.0,1.0,1.0
1962-05-08,1.0,1.0,1.0,1.0
1962-05-09,1.0,1.0,1.0,1.0
1962-05-10,1.0,1.0,1.0,1.0
1962-05-11,1.0,1.0,1.0,1.0
1962-05-14,1.0,1.0,1.0,1.0
1962-05-15,1.0,1.0,1.0,1.0
1962-05-16,1.0,1.0,1.0,1.0
1962-05-17,1.0,1.0,1.0,1.0
1962-05-18,1.0,1.0,1.0,1.0
1962-05-21,1.0,1.0,1.0,1.0
1962-05-22,1.0,1.0,1.0,1.0
1962-05-23,1.0,1.0,1.0,1.0
1962-05-24,1.0,1.0,1.0,1.0
1962-05-25,1.0,1.0,1.0,1.0
1962-05-28,1.0,1.0,1.0,1.0
1962-05-29,1.0,1.0,1.0,1.0
1962-05-30,1.0,1.0,1.0,1.0
1962-05-31,1.0,1.0,1.0,1.0
1962-06-01,1.0,1.0,1.0,1.0
1962-06-04,1.0,1.0,1.0,1.0
1962-06-05,1.0,1.0,1.0,1.0
1962-06-06,1.0,1.0,1.0,1.0
1962-06-07,1.0,1.0,1.0,1.0
1962-06-08,1.0,1.0,1.0,1.0
1962-06-11,1.0,1.0,1.0,1.0
1962-06-12,1.0,1.0,1.0,1.0
1962-06-13,1.0,1.0,1.0,1.0
1962-06-14,1.0,1.0,1.0,1.0
1962-06-15,1.0,1.0,1.0,1.0
1962-06-18,1.0,1.0,1.0,1.0
1962-06-19,1.0,1.0,1.0,1.0
1962-06-20,1.0,1.0,1.0,1.0
1962-06-21,1.0,1.0,1.0,1.0
1962-06-22,1.0,1.0,1.0,1.0
1962-06-25,1.0,1.0,1.0,1.0
1962-06-26,1.0,1.0,1.0,1.0
1962-06-27,1.0,1.0,1.0,1.0
1962-06-28,1.0,1.0,1.0,1.0
1962-06-29,1.0,1.0,1.0,1.0
1962-07-02,1.0,1.0,1.0,1.0
1962-07-03,1.0,1.0,1.0,1.0
1962-07-04,1.0,1.0,1.0,1.0
1962-07-05,1.0,1.0,1.0,1.0
1962-07-06,1.0,1.0,1.0,1.0
1962-07-09,1.0,1.0,1.0,1.0
1962-07-10,1.0,1.0,1.0,1.0
1962-07-11,1.0,1.0,1.0,1.0
1962-07-12,1.0,1.0,1.0,1.0
1962-07-13,1.0,1.0,1.0,1.0
1962-07-16,1.0,1.0,1.0,1.0
1962-07-17,1.0,1.0,1.0,1.0
1962-07-18,1.0,1.0,1.0,1.0
1962-07-19,1.0,1.0,1.0,1.0
1962-07-20,1.0,1.0,1.0,1.0
1962-07-23,1.0,1.0,1.0,1.0
1962-07-24,1.0,1.0,1.0,1.0
1962-07-25,1.0,1.0,1.0,1.0
1962-07-26,1.0,1.0,1.0,1.0
1962-07-27,1.0,1.0,1.0,1.0
1962-07-30,1.0,1.0,1.0,1.0
1962-07-31,1.0,1.0,1.0,1.0
1962-08-01,1.0,1.0,1.0,1.0
1962-08-02,1.0,1.0,1.0,1.0
1962-08-03,1.0,1.0,1.0,1.0
1962-08-06,1.0,1.0,1.0,1.0
1962-08-07,1.0,1.0,1.0,1.0
1962-08-08,1.0,1.0,1.0,1.0
1962-08-09,1.0,1.0,1.0,1.0
1962-08-10,1.0,1.0,1.0,1.0
1962-08-13,1.0,1.0,1.0,1.0
1962-08-14,1.0,1.0,1.0,1.0
1962-08-15,1.0,1.0,1.0,1.0
1962-08-16,1.0,1.0,1.0,1.0
1962-08-17,1.0,1.0,1.0,1.0
1962-08-20,1.0,1.0,1.0,1.0
1962-08-21,1.0,1.0,1.0,1.0
1962-08-22,1.0,1.0,1.0,1.0
1962-08-23,1.0,1.0,1.0,1.0
1962-08-24,1.0,1.0,1.0,1.0
1962-08-27,1.0,1.0,1.0,1.0
1962-08-28,1.0,1.0,1.0,1.0
1962-08-29,1.0,1.0,1.0,1.0
1962-08-30,1.0,1.0,1.0,1.0
1962-08-31,1.0,1.0,1.0,1.0
1962-09-03,1.0,1.0,1.0,1.0
1962-09-04,1.0,1.0,1.0,1.0
1962-09-05,1.0,1.0,1.0,1.0
1962-09-06,1.0,1.0,1.0,1.0
1962-09-07,1.0,1.0,1.0,1.0
1962-09-10,1.0,1.0,1.0,1.0
1962-09-11,1.0,1.0,1.0,1.0
1962-09-12,1.0,1.0,1.0,1.0
1962-09-13,1.0,1.0,1.0,1.0
1962-09-14,1.0,1.0,1.0,1.0
1962-09-17,1.0,1.0,1.0,1.0
1962-09-18,1.0,1.0,1.0,1.0
1962-09-19,1.0,1.0,1.0,1.0
1962-09-20,1.0,1.0,1.0,1.0
1962-09-21,1.0,1.0,1.0,1.0
1962-09-24,1.0,1.0,1.0,1.0
1962-09-25,1.0,1.0,1.0,1.0
1962-09-26,1.0,1.0,1.0,1.0
1962-09-27,1.0,1.0,1.0,1.0
1962-09-28,1.0,1.0,1.0,1.0
1962-10-01,1.0,1.0,1.0,1.0
1962-10-02,1.0,1.0,1.0,1.0
1962-10-03,1.0,1.0,1.0,1.0
1962-10-04,1.0,1.0,1.0,1.0
1962-10-05,1.0,1.0,1.0,1.0
1962-10-08,1.0,1.0,1.0,1.0
1962-10-09,1.0,1.0,1.0,1.0
1962-10-10,1.0,1.0,1.0,1.0
1962-10-11,1.0,1.0,1.0,1.0
1962-10-12,1.0,1.0,1.0,1.0
1962-10-15,1.0,1.0,1.0,1.0
1962-10-16,1.0,1.0,1.0,1.0
1962-10-17,1.0,1.0,1.0,1.0
1962-10-18,1.0,1.0,1.0,1.0
1962-10-19,1.0,1.0,1.0,1.0
1962-10-22,1.0,1.0,1.0,1.0
1962-10-23,1.0,1.0,1.0,1.0
1962-10-24,1.0,1.0,1.0,1.0
1962-10-25,1.0,1.0,1.0,1.0
1962-10-26,1.0,1.0,1.0,1.0
1962-10-29,1.0,1.0,1.0,1.0
1962-10-30,1.0,1.0,1.0,1.0
1962-10-31,1.0,1.0,1.0,1.0
1962-11-01,1.0,1.0,1.0,1.0
1962-11-02,1.0,1.0,1.0,1.0
1962-11-05,1.0,1.0,1.0,1.0
1962-11-06,1.0,1.0,1.0,1.0
1962-11-07,1.0,1.0,1.0,1.0
1962-11-08,1.0,1.0,1.0,1.0
1962-11-09,1.0,1.0,1.0,1.0
1962-11-12,1.0,1.0,1.0,1.0
1962-11-13,1.0,1.0,1.0,1.0
1962-11-14,1.0,1.0,1.0,1.0
1962-11-15,1.0,1.0,1.0,1.0
1962-11-16,1.0,1.0,1.0,1.0
1962-11-19,1.0,1.0,1.0,1.0
1962-11-20,1.0,1.0,1.0,1.0
1962-11-21,1.0,1.0,1.0,1.0
1962-11-22,1.0,1.0,1.0,1.0
1962-11-23,1.0,1.0,1.0,1.0
1962-11-26,1.0,1.0,1.0,1.0
1962-11-27,1.0,1.0,1.0,1.0
1962-11-28,1.0,1.0,1.0,1.0
1962-11-29,1.0,1.0,1.0,1.0
1962-11-30,1.0,1.0,1.0,1.0
1962-12-03,1.0,1.0,1.0,1.0
1962-12-04,1.0,1.0,1.0,1.0
1962-12-05,1.0,1.0,1.0,1.0
1962-12-06,1.0,1.0,1.0,1.0
1962-12-07,1.0,1.0,1.0,1.0
1962-12-10,1.0,1.0,1.0,1.0
1962-12-11,1.0,1.0,1.0,1.0
1962-12-12,1.0,1.0,1.0,1.0
1962-12-13,1.0,1.0,1.0,1.0
1962-12-14,1.0,1.0,1.0,1.0
1962-12-17,1.0,1.0,1.0,1.0
1962-12-18,1.0,1.0,1.0,1.0
1962-12-19,1.0,1.0,1.0,1.0
1962-12-20,1.0,1.0,1.0,1.0
1962-12-21,1.0,1.0,1.0,1.0
1962-12-24,1.0,1.0,1.0,1.0
1962-12-25,1.0,1.0,1.0,1.0
1962-12-26,1.0,1.0,1.0,1.0
1962-12-27,1.0,1.0,1.0,1.0
1962-12-28,1.0,1.0,1.0,1.0
1962-12-31,1.0,1.0,1.0,1.0
1963-01-01,1.0,1.0,1.0,1.0
1963-01-02,1.0,1.0,1.0,1.0
1963-01-03,1.0,1.0,1.0,1.0
1963-01-04,1.0,1.0,1.0,1.0
1963-01-07,1.0,1.0,1.0,1.0
1963-01-08,1.0,1.0,1.0,1.0
1963-01-09,1.0,1.0,1.0,1.0
1963-01-10,1.0,1.0,1.0,1.0
1963-01-11,1.0,1.0,1.0,1.0
1963-01-14,1.0,1.0,1.0,1.0
1963-01-15,1.0,1.0,1.0,1.0
1963-01-16,1.0,1.0,1.0,1.0
1963-01-17,1.0,1.0,1.0,1.0
1963-01-18,1.0,1.0,1.0,1.0
1963-01-21,1.0,1.0,1.0,1.0
1963-01-22,1.0,1.0,1.0,1.0
1963-01-23,1.0,1.0,1.0,1.0
1963-01-24,1.0,1.0,1.0,1.0
1963-01-25,1.0,1.0,1.0,1.0
1963-01-28,1.0,1.0,1.0,1.0
1963-01-29,1.0,1.0,1.0,1.0
1963-01-30,1.0,1.0,1.0,1.0
1963-01-31,1.0,1.0,1.0,1.0
1963-02-01,1.0,1.0,1.0,1.0
1963-02-04,1.0,1.0,1.0,1.0
1963-02-05,1.0,1.0,1.0,1.0
1963-02-06,1.0,1.0,1.0,1.0
1963-02-07,1.0,1.0,1.0,1.0
1963-02-08,1.0,1.0,1.0,1.0
1963-02-11,1.0,1.0,1.0,1.0
1963-02-12,1.0,1.0,1.0,1.0
1963-02-13,1.0,1.0,1.0,1.0
1963-02-14,1.0,1.0,1.0,1.0
1963-02-15,1.0,1.0,1.0,1.0
1963-02-18,1.0,1.0,1.0,1.0
1963-02-19,1.0,1.0,1.0,1.0
1963-02-20,1.0,1.0,1.0,1.0
1963-02-21,1.0,1.0,1.0,1.0
1963-02-22,1.0,1.0,1.0,1.0
1963-02-25,1.0,1.0,1.0,1.0
1963-02-26,1.0,1.0,1.0,1.0
1963-02-27,1.0,1.0,1.0,1.0
1963-02-28,1.0,1.0,1.0,1.0
1963-03-01,1.0,1.0,1.0,1.0
1963-03-04,1.0,1.0,1.0,1.0
1963-03-05,1.0,1.0,1.0,1.0
1963-03-06,1.0,1.0,1.0,1.0
1963-03-07,1.0,1.0,1.0,1.0
1963-03-08,1.0,1.0,1.0,1.0
1963-03-11,1.0,1.0,1.0,1.0
1963-03-12,1.0,1.0,1.0,1.0
1963-03-13,1.0,1.0,1.0,1.0
1963-03-14,1.0,1.0,1.0,1.0
1963-03-15,1.0,1.0,1.0,1.0
1963-03-18,1.0,1.0,1.0,1.0
1963-03-19,1.0,1.0,1.0,1.0
1963-03-20,1.0,1.0,1.0,1.0
1963-03-21,1.0,1.0,1.0,1.0
1963-03-22,1.0,1.0,1.0,1.0
1963-03-25,1.0,1.0,1.0,1.0
1963-03-26,1.0,1.0,1.0,1.0
1963-03-27,1.0,1.0,1.0,1.0
1963-03-28,1.0,1.0,1.0,1.0
1963-03-29,1.0,1.0,1.0,1.0
1963-04-01,1.0,1.0,1.0,1.0
1963-04-02,1.0,1.0,1.0,1.0
1963-04-03,1.0,1.0,1.0,1.0
1963-04-04,1.0,1.0,1.0,1.0
1963-04-05,1.0,1.0,1.0,1.0
1963-04-08,1.0,1.0,1.0,1.0
1963-04-09,1.0,1.0,1.0,1.0
1963-04-10,1.0,1.0,1.0,1.0
1963-04-11,1.0,1.0,1.0,1.0
1963-04-12,1.0,1.0,1.0,1.0
1963-04-15,1.0,1.0,1.0,1.0
1963-04-16,1.0,1.0,1.0,1.0
1963-04-17,1.0,1.0,1.0,1.0
1963-04-18,1.0,1.0,1.0,1.0
1963-04-19,1.0,1.0,1.0,1.0
1963-04-22,1.0,1.0,1.0,1.0
1963-04-23,1.0,1.0,1.0,1.0
1963-04-24,1.0,1.0,1.0,1.0
1963-04-25,1.0,1.0,1.0,1.0
1963-04-26,1.0,1.0,1.0,1.0
1963-04-29,1.0,1.0,1.0,1.0
1963-04-30,1.0,1.0,1.0,1.0
1963-05-01,1.0,1.0,1.0,1.0
1963-05-02,1.0,1.0,1.0,1.0
1963-05-03,1.0,1.0,1.0,1.0
1963-05-06,1.0,1.0,1.0,1.0
1963-05-07,1.0,1.0,1.0,1.0
1963-05-08,1.0,1.0,1.0,1.0
1963-05-09,1.0,1.0,1.0,1.0
1963-05-10,1.0,1.0,1.0,1.0
1963-05-13,1.0,1.0,1.0,1.0
1963-05-14,1.0,1.0,1.0,1.0
1963-05-15,1.0,1.0,1.0,1.0
1963-05-16,1.0,1.0,1.0,1.0
1963-05-17,1.0,1.0,1.0,1.0
1963-05-20,1.0,1.0,1.0,1.0
1963-05-21,1.0,1.0,1.0,1.0
1963-05-22,1.0,1.0,1.0,1.0
1963-05-23,1.0,1.0,1.0,1.0
1963-05-24,1.0,1.0,1.0,1.0
1963-05-27,1.0,1.0,1.0,1.0
1963-05-28,1.0,1.0,1.0,1.0
1963-05-29,1.0,1.0,1.0,1.0
1963-05-30,1.0,1.0,1.0,1.0
1963-05-31,1.0,1.0,1.0,1.0
1963-06-03,1.0,1.0,1.0,1.0
1963-06-04,1.0,1.0,1.0,1.0
1963-06-05,1.0,1.0,1.0,1.0
1963-06-06,1.0,1.0,1.0,1.0
1963-06-07,1.0,1.0,1.0,1.0
1963-06-10,1.0,1.0,1.0,1.0
1963-06-11,1.0,1.0,1.0,1.0
1963-06-12,1.0,1.0,1.0,1.0
1963-06-13,1.0,1.0,1.0,1.0
1963-06-14,1.0,1.0,1.0,1.0
1963-06-17,1.0,1.0,1.0,1.0
1963-06-18,1.0,1.0,1.0,1.0
1963-06-19,1.0,1.0,1.0,1.0
1963-06-20,1.0,1.0,1.0,1.0
1963-06-21,1.0,1.0,1.0,1.0
1963-06-24,1.0,1.0,1.0,1.0
1963-06-25,1.0,1.0,1.0,1.0
1963-06-26,1.0,1.0,1.0,1.0
1963-06-27,1.0,1.0,1.0,1.0
1963-06-28,1.0,1.0,1.0,1.0
1963-07-01,1.0,1.0,1.0,1.0
1963-07-02,1.0,1.0,1.0,1.0
1963-07-03,1.0,1.0,1.0,1.0
1963-07-04,1.0,1.0,1.0,1.0
1963-07-05,1.0,1.0,1.0,1.0
1963-07-08,1.0,1.0,1.0,1.0
1963-07-09,1.0,1.0,1.0,1.0
1963-07-10,1.0,1.0,1.0,1.0
1963-07-11,1.0,1.0,1.0,1.0
1963-07-12,1.0,1.0,1.0,1.0
1963-07-15,1.0,1.0,1.0,1.0
1963-07-16,1.0,1.0,1.0,1.0
1963-07-17,1.0,1.0,1.0,1.0
1963-07-18,1.0,1.0,1.0,1.0
1963-07-19,1.0,1.0,1.0,1.0
1963-07-22,1.0,1.0,1.0,1.0
1963-07-23,1.0,1.0,1.0,1.0
1963-07-24,1.0,1.0,1.0,1.0
1963-07-25,1.0,1.0,1.0,1.0
1963-07-26,1.0,1.0,1.0,1.0
1963-07-29,1.0,1.0,1.0,1.0
1963-07-30,1.0,1.0,1.0,1.0
1963-07-31,1.0,1.0,1.0,1.0
1963-08-01,1.0,1.0,1.0,1.0
1963-08-02,1.0,1.0,1.0,1.0
1963-08-05,1.0,1.0,1.0,1.0
1963-08-06,1.0,1.0,1.0,1.0
1963-08-07,1.0,1.0,1.0,1.0
1963-08-08,1.0,1.0,1.0,1.0
1963-08-09,1.0,1.0,1.0,1.0
1963-08-12,1.0,1.0,1.0,1.0
1963-08-13,1.0,1.0,1.0,1.0
1963-08-14,1.0,1.0,1.0,1.0
1963-08-15,1.0,1.0,1.0,1.0
1963-08-16,1.0,1.0,1.0,1.0
1963-08-19,1.0,1.0,1.0,1.0
1963-08-20,1.0,1.0,1.0,1.0
1963-08-21,1.0,1.0,1.0,1.0
1963-08-22,1.0,1.0,1.0,1.0
1963-08-23,1.0,1.0,1.0,1.0
1963-08-26,1.0,1.0,1.0,1.0
1963-08-27,1.0,1.0,1.0,1.0
1963-08-28,1.0,1.0,1.0,1.0
1963-08-29,1.0,1.0,1.0,1.0
1963-08-30,1.0,1.0,1.0,1.0
1963-09-02,1.0,1.0,1.0,1.0
1963-09-03,1.0,1.0,1.0,1.0
1963-09-04,1.0,1.0,1.0,1.0
1963-09-05,1.0,1.0,1.0,1.0
1963-09-06,1.0,1.0,1.0,1.0
1963-09-09,1.0,1.0,1.0,1.0
1963-09-10,1.0,1.0,1.0,1.0
1963-09-11,1.0,1.0,1.0,1.0
1963-09-12,1.0,1.0,1.0,1.0
1963-09-13,1.0,1.0,1.0,1.0
1963-09-16,1.0,1.0,1.0,1.0
1963-09-17,1.0,1.0,1.0,1.0
1963-09-18,1.0,1.0,1.0,1.0
1963-09-19,1.0,1.0,1.0,1.0
1963-09-20,1.0,1.0,1.0,1.0
1963-09-23,1.0,1.0,1.0,1.0
1963-09-24,1.0,1.0,1.0,1.0
1963-09-25,1.0,1.0,1.0,1.0
1963-09-26,1.0,1.0,1.0,1.0
1963-09-27,1.0,1.0,1.0,1.0
1963-09-30,1.0,1.0,1.0,1.0
1963-10-01,1.0,1.0,1.0,1.0
1963-10-02,1.0,1.0,1.0,1.0
1963-10-03,1.0,1.0,1.0,1.0
1963-10-04,1.0,1.0,1.0,1.0
1963-10-07,1.0,1.0,1.0,1.0
1963-10-08,1.0,1.0,1.0,1.0
1963-10-09,1.0,1.0,1.0,1.0
1963-10-10,1.0,1.0,1.0,1.0
1963-10-11,1.0,1.0,1.0,1.0
1963-10-14,1.0,1.0,1.0,1.0
1963-10-15,1.0,1.0,1.0,1.0
1963-10-16,1.0,1.0,1.0,1.0
1963-10-17,1.0,1.0,1.0,1.0
1963-10-18,1.0,1.0,1.0,1.0
1963-10-21,1.0,1.0,1.0,1.0
1963-10-22,1.0,1.0,1.0,1.0
1963-10-23,1.0,1.0,1.0,1.0
1963-10-24,1.0,1.0,1.0,1.0
1963-10-25,1.0,1.0,1.0,1.0
1963-10-28,1.0,1.0,1.0,1.0
1963-10-29,1.0,1.0,1.0,1.0
1963-10-30,1.0,1.0,1.0,1.0
1963-10-31,1.0,1.0,1.0,1.0
1963-11-01,1.0,1.0,1.0,1.0
1963-11-04,1.0,1.0,1.0,1.0
1963-11-05,1.0,1.0,1.0,1.0
1963-11-06,1.0,1.0,1.0,1.0
1963-11-07,1.0,1.0,1.0,1.0
1963-11-08,1.0,1.0,1.0,1.0
1963-11-11,1.0,1.0,1.0,1.0
1963-11-12,1.0,1.0,1.0,1.0
1963-11-13,1.0,1.0,1.0,1.0
1963-11-14,1.0,1.0,1.0,1.0
1963-11-15,1.0,1.0,1.0,1.0
1963-11-18,1.0,1.0,1.0,1.0
1963-11-19,1.0,1.0,1.0,1.0
1963-11-20,1.0,1.0,1.0,1.0
1963-11-21,1.0,1.0,1.0,1.0
1963-11-22,1.0,1.0,1.0,1.0
1963-11-25,1.0,1.0,1.0,1.0
1963-11-26,1.0,1.0,1.0,1.0
1963-11-27,1.0,1.0,1.0,1.0
1963-11-28,1.0,1.0,1.0,1.0
1963-11-29,1.0,1.0,1.0,1.0
1963-12-02,1.0,1.0,1.0,1.0
1963-12-03,1.0,1.0,1.0,1.0
1963-12-04,1.0,1.0,1.0,1.0
1963-12-05,1.0,1.0,1.0,1.0
1963-12-06,1.0,1.0,1.0,1.0
1963-12-09,1.0,1.0,1.0,1.0
1963-12-10,1.0,1.0,1.0,1.0
1963-12-11,1.0,1.0,1.0,1.0
1963-12-12,1.0,1.0,1.0,1.0
1963-12-13,1.0,1.0,1.0,1.0
1963-12-16,1.0,1.0,1.0,1.0
1963-12-17,1.0,1.0,1.0,1.0
1963-12-18,1.0,1.0,1.0,1.0
1963-12-19,1.0,1.0,1.0,1.0
1963-12-20,1.0,1.0,1.0,1.0
1963-12-23,1.0,1.0,1.0,1.0
1963-12-24,1.0,1.0,1.0,1.0
1963-12-25,1.0,1.0,1.0,1.0
1963-12-26,1.0,1.0,1.0,1.0
1963-12-27,1.0,1.0,1.0,1.0
1963-12-30,1.0,1.0,1.0,1.0
1963-12-31,1.0,1.0,1.0,1.0
1964-01-01,1.0,1.0,1.0,1.0
1964-01-02,1.0,1.0,1.0,1.0
1964-01-03,1.0,1.0,1.0,1.0
1964-01-06,1.0,1.0,1.0,1.0
1964-01-07,1.0,1.0,1.0,1.0
1964-01-08,1.0,1.0,1.0,1.0
1964-01-09,1.0,1.0,1.0,1.0
1964-01-10,1.0,1.0,1.0,1.0
1964-01-13,1.0,1.0,1.0,1.0
1964-01-14,1.0,1.0,1.0,1.0
1964-01-15,1.0,1.0,1.0,1.0
1964-01-16,1.0,1.0,1.0,1.0
1964-01-17,1.0,1.0,1.0,1.0
1964-01-20,1.0,1.0,1.0,1.0
1964-01-21,1.0,1.0,1.0,1.0
1964-01-22,1.0,1.0,1.0,1.0
1964-01-23,1.0,1.0,1.0,1.0
1964-01-24,1.0,1.0,1.0,1.0
1964-01-27,1.0,1.0,1.0,1.0
1964-01-28,1.0,1.0,1.0,1.0
1964-01-29,1.0,1.0,1.0,1.0
1964-01-30,1.0,1.0,1.0,1.0
1964-01-31,1.0,1.0,1.0,1.0
1964-02-03,1.0,1.0,1.0,1.0
1964-02-04,1.0,1.0,1.0,1.0
1964-02-05,1.0,1.0,1.0,1.0
1964-02-06,1.0,1.0,1.0,1.0
1964-02-07,1.0,1.0,1.0,1.0
1964-02-10,1.0,1.0,1.0,1.0
1964-02-11,1.0,1.0,1.0,1.0
1964-02-12,1.0,1.0,1.0,1.0
1964-02-13,1.0,1.0,1.0,1.0
1964-02-14,1.0,1.0,1.0,1.0
1964-02-17,1.0,1.0,1.0,1.0
1964-02-18,1.0,1.0,1.0,1.0
1964-02-19,1.0,1.0,1.0,1.0
1964-02-20,1.0,1.0,1.0,1.0
1964-02-21,1.0,1.0,1.0,1.0
1964-02-24,1.0,1.0,1.0,1.0
1964-02-25,1.0,1.0,1.0,1.0
1964-02-26,1.0,1.0,1.0,1.0
1964-02-27,1.0,1.0,1.0,1.0
1964-02-28,1.0,1.0,1.0,1.0
1964-03-02,1.0,1.0,1.0,1.0
1964-03-03,1.0,1.0,1.0,1.0
1964-03-04,1.0,1.0,1.0,1.0
1964-03-05,1.0,1.0,1.0,1.0
1964-03-06,1.0,1.0,1.0,1.0
1964-03-09,1.0,1.0,1.0,1.0
1964-03-10,1.0,1.0,1.0,1.0
1964-03-11,1.0,1.0,1.0,1.0
1964-03-12,1.0,1.0,1.0,1.0
1964-03-13,1.0,1.0,1.0,1.0
1964-03-16,1.0,1.0,1.0,1.0
1964-03-17,1.0,1.0,1.0,1.0
1964-03-18,1.0,1.0,1.0,1.0
1964-03-19,1.0,1.0,1.0,1.0
1964-03-20,1.0,1.0,1.0,1.0
1964-03-23,1.0,1.0,1.0,1.0
1964-03-24,1.0,1.0,1.0,1.0
1964-03-25,1.0,1.0,1.0,1.0
1964-03-26,1.0,1.0,1.0,1.0
1964-03-27,1.0,1.0,1.0,1.0
1964-03-30,1.0,1.0,1.0,1.0
1964-03-31,1.0,1.0,1.0,1.0
1964-04-01,1.0,1.0,1.0,1.0
1964-04-02,1.0,1.0,1.0,1.0
1964-04-03,1.0,1.0,1.0,1.0
1964-04-06,1.0,1.0,1.0,1.0
1964-04-07,1.0,1.0,1.0,1.0
1964-04-08,1.0,1.0,1.0,1.0
1964-04-09,1.0,1.0,1.0,1.0
1964-04-10,1.0,1.0,1.0,1.0
1964-04-13,1.0,1.0,1.0,1.0
1964-04-14,1.0,1.0,1.0,1.0
1964-04-15,1.0,1.0,1.0,1.0
1964-04-16,1.0,1.0,1.0,1.0
1964-04-17,1.0,1.0,1.0,1.0
1964-04-20,1.0,1.0,1.0,1.0
1964-04-21,1.0,1.0,1.0,1.0
1964-04-22,1.0,1.0,1.0,1.0
1964-04-23,1.0,1.0,1.0,1.0
1964-04-24,1.0,1.0,1.0,1.0
1964-04-27,1.0,1.0,1.0,1.0
1964-04-28,1.0,1.0,1.0,1.0
1964-04-29,1.0,1.0,1.0,1.0
1964-04-30,1.0,1.0,1.0,1.0
1964-05-01,1.0,1.0,1.0,1.0
1964-05-04,1.0,1.0,1.0,1.0
1964-05-05,1.0,1.0,1.0,1.0
1964-05-06,1.0,1.0,1.0,1.0
1964-05-07,1.0,1.0,1.0,1.0
1964-05-08,1.0,1.0,1.0,1.0
1964-05-11,1.0,1.0,1.0,1.0
1964-05-12,1.0,1.0,1.0,1.0
1964-05-13,1.0,1.0,1.0,1.0
1964-05-14,1.0,1.0,1.0,1.0
1964-05-15,1.0,1.0,1.0,1.0
1964-05-18,1.0,1.0,1.0,1.0
1964-05-19,1.0,1.0,1.0,1.0
1964-05-20,1.0,1.0,1.0,1.0
1964-05-21,1.0,1.0,1.0,1.0
1964-05-22,1.0,1.0,1.0,1.0
1964-05-25,1.0,1.0,1.0,1.0
1964-05-26,1.0,1.0,1.0,1.0
1964-05-27,1.0,1.0,1.0,1.0
1964-05-28,1.0,1.0,1.0,1.0
1964-05-29,1.0,1.0,1.0,1.0
1964-06-01,1.0,1.0,1.0,1.0
1964-06-02,1.0,1.0,1.0,1.0
1964-06-03,1.0,1.0,1.0,1.0
1964-06-04,1.0,1.0,1.0,1.0
1964-06-05,1.0,1.0,1.0,1.0
1964-06-08,1.0,1.0,1.0,1.0
1964-06-09,1.0,1.0,1.0,1.0
1964-06-10,1.0,1.0,1.0,1.0
1964-06-11,1.0,1.0,1.0,1.0
1964-06-12,1.0,1.0,1.0,1.0
1964-06-15,1.0,1.0,1.0,1.0
1964-06-16,1.0,1.0,1.0,1.0
1964-06-17,1.0,1.0,1.0,1.0
1964-06-18,1.0,1.0,1.0,1.0
1964-06-19,1.0,1.0,1.0,1.0
1964-06-22,1.0,1.0,1.0,1.0
1964-06-23,1.0,1.0,1.0,1.0
1964-06-24,1.0,1.0,1.0,1.0
1964-06-25,1.0,1.0,1.0,1.0
1964-06-26,1.0,1.0,1.0,1.0
1964-06-29,1.0,1.0,1.0,1.0
1964-06-30,1.0,1.0,1.0,1.0
1964-07-01,1.0,1.0,1.0,1.0
1964-07-02,1.0,1.0,1.0,1.0
1964-07-03,1.0,1.0,1.0,1.0
1964-07-06,1.0,1.0,1.0,1.0
1964-07-07,1.0,1.0,1.0,1.0
1964-07-08,1.0,1.0,1.0,1.0
1964-07-09,1.0,1.0,1.0,1.0
1964-07-10,1.0,1.0,1.0,1.0
1964-07-13,1.0,1.0,1.0,1.0
1964-07-14,1.0,1.0,1.0,1.0
1964-07-15,1.0,1.0,1.0,1.0
1964-07-16,1.0,1.0,1.0,1.0
1964-07-17,1.0,1.0,1.0,1.0
1964-07-20,1.0,1.0,1.0,1.0
1964-07-21,1.0,1.0,1.0,1.0
1964-07-22,1.0,1.0,1.0,1.0
1964-07-23,1.0,1.0,1.0,1.0
1964-07-24,1.0,1.0,1.0,1.0
1964-07-27,1.0,1.0,1.0,1.0
1964-07-28,1.0,1.0,1.0,1.0
1964-07-29,1.0,1.0,1.0,1.0
1964-07-30,1.0,1.0,1.0,1.0
1964-07-31,1.0,1.0,1.0,1.0
1964-08-03,1.0,1.0,1.0,1.0
1964-08-04,1.0,1.0,1.0,1.0
1964-08-05,1.0,1.0,1.0,1.0
1964-08-06,1.0,1.0,1.0,1.0
1964-08-07,1.0,1.0,1.0,1.0
1964-08-10,1.0,1.0,1.0,1.0
1964-08-11,1.0,1.0,1.0,1.0
1964-08-12,1.0,1.0,1.0,1.0
1964-08-13,1.0,1.0,1.0,1.0
1964-08-14,1.0,1.0,1.0,1.0
1964-08-17,1.0,1.0,1.0,1.0
1964-08-18,1.0,1.0,1.0,1.0
1964-08-19,1.0,1.0,1.0,1.0
1964-08-20,1.0,1.0,1.0,1.0
1964-08-21,1.0,1.0,1.0,1.0
1964-08-24,1.0,1.0,1.0,1.0
1964-08-25,1.0,1.0,1.0,1.0
1964-08-26,1.0,1.0,1.0,1.0
1964-08-27,1.0,1.0,1.0,1.0
1964-08-28,1.0,1.0,1.0,1.0
1964-08-31,1.0,1.0,1.0,1.0
1964-09-01,1.0,1.0,1.0,1.0
1964-09-02,1.0,1.0,1.0,1.0
1964-09-03,1.0,1.0,1.0,1.0
1964-09-04,1.0,1.0,1.0,1.0
1964-09-07,1.0,1.0,1.0,1.0
1964-09-08,1.0,1.0,1.0,1.0
1964-09-09,1.0,1.0,1.0,1.0
1964-09-10,1.0,1.0,1.0,1.0
1964-09-11,1.0,1.0,1.0,1.0
1964-09-14,1.0,1.0,1.0,1.0
1964-09-15,1.0,1.0,1.0,1.0
1964-09-16,1.0,1.0,1.0,1.0
1964-09-17,1.0,1.0,1.0,1.0
1964-09-18,1.0,1.0,1.0,1.0
1964-09-21,1.0,1.0,1.0,1.0
1964-09-22,1.0,1.0,1.0,1.0
1964-09-23,1.0,1.0,1.0,1.0
1964-09-24,1.0,1.0,1.0,1.0
1964-09-25,1.0,1.0,1.0,1.0
1964-09-28,1.0,1.0,1.0,1.0
1964-09-29,1.0,1.0,1.0,1.0
1964-09-30,1.0,1.0,1.0,1.0
1964-10-01,1.0,1.0,1.0,1.0
1964-10-02,1.0,1.0,1.0,1.0
1964-10-05,1.0,1.0,1.0,1.0
1964-10-06,1.0,1.0,1.0,1.0
1964-10-07,1.0,1.0,1.0,1.0
1964-10-08,1.0,1.0,1.0,1.0
1964-10-09,1.0,1.0,1.0,1.0
1964-10-12,1.0,1.0,1.0,1.0
1964-10-13,1.0,1.0,1.0,1.0
1964-10-14,1.0,1.0,1.0,1.0
1964-10-15,1.0,1.0,1.0,1.0
1964-10-16,1.0,1.0,1.0,1.0
1964-10-19,1.0,1.0,1.0,1.0
1964-10-20,1.0,1.0,1.0,1.0
1964-10-21,1.0,1.0,1.0,1.0
1964-10-22,1.0,1.0,1.0,1.0
1964-10-23,1.0,1.0,1.0,1.0
1964-10-26,1.0,1.0,1.0,1.0
1964-10-27,1.0,1.0,1.0,1.0
1964-10-28,1.0,1.0,1.0,1.0
1964-10-29,1.0,1.0,1.0,1.0
1964-10-30,1.0,1.0,1.0,1.0
1964-11-02,1.0,1.0,1.0,1.0
1964-11-03,1.0,1.0,1.0,1.0
1964-11-04,1.0,1.0,1.0,1.0
1964-11-05,1.0,1.0,1.0,1.0
1964-11-06,1.0,1.0,1.0,1.0
1964-11-09,1.0,1.0,1.0,1.0
1964-11-10,1.0,1.0,1.0,1.0
1964-11-11,1.0,1.0,1.0,1.0
1964-11-12,1.0,1.0,1.0,1.0
1964-11-13,1.0,1.0,1.0,1.0
1964-11-16,1.0,1.0,1.0,1.0
1964-11-17,1.0,1.0,1.0,1.0
1964-11-18,1.0,1.0,1.0,1.0
1964-11-19,1.0,1.0,1.0,1.0
1964-11-20,1.0,1.0,1.0,1.0
1964-11-23,1.0,1.0,1.0,1.0
1964-11-24,1.0,1.0,1.0,1.0
1964-11-25,1.0,1.0,1.0,1.0
1964-11-26,1.0,1.0,1.0,1.0
1964-11-27,1.0,1.0,1.0,1.0
1964-11-30,1.0,1.0,1.0,1.0
1964-12-01,1.0,1.0,1.0,1.0
1964-12-02,1.0,1.0,1.0,1.0
1964-12-03,1.0,1.0,1.0,1.0
1964-12-04,1.0,1.0,1.0,1.0
1964-12-07,1.0,1.0,1.0,1.0
1964-12-08,1.0,1.0,1.0,1.0
1964-12-09,1.0,1.0,1.0,1.0
1964-12-10,1.0,1.0,1.0,1.0
1964-12-11,1.0,1.0,1.0,1.0
1964-12-14,1.0,1.0,1.0,1.0
1964-12-15,1.0,1.0,1.0,1.0
1964-12-16,1.0,1.0,1.0,1.0
1964-12-17,1.0,1.0,1.0,1.0
1964-12-18,1.0,1.0,1.0,1.0
1964-12-21,1.0,1.0,1.0,1.0
1964-12-22,1.0,1.0,1.0,1.0
1964-12-23,1.0,1.0,1.0,1.0
1964-12-24,1.0,1.0,1.0,1.0
1964-12-25,1.0,1.0,1.0,1.0
1964-12-28,1.0,1.0,1.0,1.0
1964-12-29,1.0,1.0,1.0,1.0
1964-12-30,1.0,1.0,1.0,1.0
1964-12-31,1.0,1.0,1.0,1.0
1965-01-01,1.0,1.0,1.0,1.0
1965-01-04,1.0,1.0,1.0,1.0
1965-01-05,1.0,1.0,1.0,1.0
1965-01-06,1.0,1.0,1.0,1.0
1965-01-07,1.0,1.0,1.0,1.0
1965-01-08,1.0,1.0,1.0,1.0
1965-01-11,1.0,1.0,1.0,1.0
1965-01-12,1.0,1.0,1.0,1.0
1965-01-13,1.0,1.0,1.0,1.0
1965-01-14,1.0,1.0,1.0,1.0
1965-01-15,1.0,1.0,1.0,1.0
1965-01-18,1.0,1.0,1.0,1.0
1965-01-19,1.0,1.0,1.0,1.0
1965-01-20,1.0,1.0,1.0,1.0
1965-01-21,1.0,1.0,1.0,1.0
1965-01-22,1.0,1.0,1.0,1.0
1965-01-25,1.0,1.0,1.0,1.0
1965-01-26,1.0,1.0,1.0,1.0
1965-01-27,1.0,1.0,1.0,1.0
1965-01-28,1.0,1.0,1.0,1.0
1965-01-29,1.0,1.0,1.0,1.0
1965-02-01,1.0,1.0,1.0,1.0
1965-02-02,1.0,1.0,1.0,1.0
1965-02-03,1.0,1.0,1.0,1.0
1965-02-04,1.0,1.0,1.0,1.0
1965-02-05,1.0,1.0,1.0,1.0
1965-02-08,1.0,1.0,1.0,1.0
1965-02-09,1.0,1.0,1.0,1.0
1965-02-10,1.0,1.0,1.0,1.0
1965-02-11,1.0,1.0,1.0,1.0
1965-02-12,1.0,1.0,1.0,1.0
1965-02-15,1.0,1.0,1.0,1.0
1965-02-16,1.0,1.0,1.0,1.0
1965-02-17,1.0,1.0,1.0,1.0
1965-02-18,1.0,1.0,1.0,1.0
1965-02-19,1.0,1.0,1.0,1.0
1965-02-22,1.0,1.0,1.0,1.0
1965-02-23,1.0,1.0,1.0,1.0
1965-02-24,1.0,1.0,1.0,1.0
1965-02-25,1.0,1.0,1.0,1.0
1965-02-26,1.0,1.0,1.0,1.0
1965-03-01,1.0,1.0,1.0,1.0
1965-03-02,1.0,1.0,1.0,1.0
1965-03-03,1.0,1.0,1.0,1.0
1965-03-04,1.0,1.0,1.0,1.0
1965-03-05,1.0,1.0,1.0,1.0
1965-03-08,1.0,1.0,1.0,1.0
1965-03-09,1.0,1.0,1.0,1.0
1965-03-10,1.0,1.0,1.0,1.0
1965-03-11,1.0,1.0,1.0,1.0
1965-03-12,1.0,1.0,1.0,1.0
1965-03-15,1.0,1.0,1.0,1.0
1965-03-16,1.0,1.0,1.0,1.0
1965-03-17,1.0,1.0,1.0,1.0
1965-03-18,1.0,1.0,1.0,1.0
1965-03-19,1.0,1.0,1.0,1.0
1965-03-22,1.0,1.0,1.0,1.0
1965-03-23,1.0,1.0,1.0,1.0
1965-03-24,1.0,1.0,1.0,1.0
1965-03-25,1.0,1.0,1.0,1.0
1965-03-26,1.0,1.0,1.0,1.0
1965-03-29,1.0,1.0,1.0,1.0
1965-03-30,1.0,1.0,1.0,1.0
1965-03-31,1.0,1.0,1.0,1.0
1965-04-01,1.0,1.0,1.0,1.0
1965-04-02,1.0,1.0,1.0,1.0
1965-04-05,1.0,1.0,1.0,1.0
1965-04-06,1.0,1.0,1.0,1.0
1965-04-07,1.0,1.0,1.0,1.0
1965-04-08,1.0,1.0,1.0,1.0
1965-04-09,1.0,1.0,1.0,1.0
1965-04-12,1.0,1.0,1.0,1.0
1965-04-13,1.0,1.0,1.0,1.0
1965-04-14,1.0,1.0,1.0,1.0
1965-04-15,1.0,1.0,1.0,1.0
1965-04-16,1.0,1.0,1.0,1.0
1965-04-19,1.0,1.0,1.0,1.0
1965-04-20,1.0,1.0,1.0,1.0
1965-04-21,1.0,1.0,1.0,1.0
1965-04-22,1.0,1.0,1.0,1.0
1965-04-23,1.0,1.0,1.0,1.0
1965-04-26,1.0,1.0,1.0,1.0
1965-04-27,1.0,1.0,1.0,1.0
1965-04-28,1.0,1.0,1.0,1.0
1965-04-29,1.0,1.0,1.0,1.0
1965-04-30,1.0,1.0,1.0,1.0
1965-05-03,1.0,1.0,1.0,1.0
1965-05-04,1.0,1.0,1.0,1.0
1965-05-05,1.0,1.0,1.0,1.0
1965-05-06,1.0,1.0,1.0,1.0
1965-05-07,1.0,1.0,1.0,1.0
1965-05-10,1.0,1.0,1.0,1.0
1965-05-11,1.0,1.0,1.0,1.0
1965-05-12,1.0,1.0,1.0,1.0
1965-05-13,1.0,1.0,1.0,1.0
1965-05-14,1.0,1.0,1.0,1.0
1965-05-17,1.0,1.0,1.0,1.0
1965-05-18,1.0,1.0,1.0,1.0
1965-05-19,1.0,1.0,1.0,1.0
1965-05-20,1.0,1.0,1.0,1.0
1965-05-21,1.0,1.0,1.0,1.0
1965-05-24,1.0,1.0,1.0,1.0
1965-05-25,1.0,1.0,1.0,1.0
1965-05-26,1.0,1.0,1.0,1.0
1965-05-27,1.0,1.0,1.0,1.0
1965-05-28,1.0,1.0,1.0,1.0
1965-05-31,1.0,1.0,1.0,1.0
1965-06-01,1.0,1.0,1.0,1.0
1965-06-02,1.0,1.0,1.0,1.0
1965-06-03,1.0,1.0,1.0,1.0
1965-06-04,1.0,1.0,1.0,1.0
1965-06-07,1.0,1.0,1.0,1.0
1965-06-08,1.0,1.0,1.0,1.0
1965-06-09,1.0,1.0,1.0,1.0
1965-06-10,1.0,1.0,1.0,1.0
1965-06-11,1.0,1.0,1.0,1.0
1965-06-14,1.0,1.0,1.0,1.0
1965-06-15,1.0,1.0,1.0,1.0
1965-06-16,1.0,1.0,1.0,1.0
1965-06-17,1.0,1.0,1.0,1.0
1965-06-18,1.0,1.0,1.0,1.0
1965-06-21,1.0,1.0,1.0,1.0
1965-06-22,1.0,1.0,1.0,1.0
1965-06-23,1.0,1.0,1.0,1.0
1965-06-24,1.0,1.0,1.0,1.0
1965-06-25,1.0,1.0,1.0,1.0
1965-06-28,1.0,1.0,1.0,1.0
1965-06-29,1.0,1.0,1.0,1.0
1965-06-30,1.0,1.0,1.0,1.0
1965-07-01,1.0,1.0,1.0,1.0
1965-07-02,1.0,1.0,1.0,1.0
1965-07-05,1.0,1.0,1.0,1.0
1965-07-06,1.0,1.0,1.0,1.0
1965-07-07,1.0,1.0,1.0,1.0
1965-07-08,1.0,1.0,1.0,1.0
1965-07-09,1.0,1.0,1.0,1.0
1965-07-12,1.0,1.0,1.0,1.0
1965-07-13,1.0,1.0,1.0,1.0
1965-07-14,1.0,1.0,1.0,1.0
1965-07-15,1.0,1.0,1.0,1.0
1965-07-16,1.0,1.0,1.0,1.0
1965-07-19,1.0,1.0,1.0,1.0
1965-07-20,1.0,1.0,1.0,1.0
1965-07-21,1.0,1.0,1.0,1.0
1965-07-22,1.0,1.0,1.0,1.0
1965-07-23,1.0,1.0,1.0,1.0
1965-07-26,1.0,1.0,1.0,1.0
1965-07-27,1.0,1.0,1.0,1.0
1965-07-28,1.0,1.0,1.0,1.0
1965-07-29,1.0,1.0,1.0,1.0
1965-07-30,1.0,1.0,1.0,1.0
1965-08-02,1.0,1.0,1.0,1.0
1965-08-03,1.0,1.0,1.0,1.0
1965-08-04,1.0,1.0,1.0,1.0
1965-08-05,1.0,1.0,1.0,1.0
1965-08-06,1.0,1.0,1.0,1.0
1965-08-09,1.0,1.0,1.0,1.0
1965-08-10,1.0,1.0,1.0,1.0
1965-08-11,1.0,1.0,1.0,1.0
1965-08-12,1.0,1.0,1.0,1.0
1965-08-13,1.0,1.0,1.0,1.0
1965-08-16,1.0,1.0,1.0,1.0
1965-08-17,1.0,1.0,1.0,1.0
1965-08-18,1.0,1.0,1.0,1.0
1965-08-19,1.0,1.0,1.0,1.0
1965-08-20,1.0,1.0,1.0,1.0
1965-08-23,1.0,1.0,1.0,1.0
1965-08-24,1.0,1.0,1.0,1.0
1965-08-25,1.0,1.0,1.0,1.0
1965-08-26,1.0,1.0,1.0,1.0
1965-08-27,1.0,1.0,1.0,1.0
1965-08-30,1.0,1.0,1.0,1.0
1965-08-31,1.0,1.0,1.0,1.0
1965-09-01,1.0,1.0,1.0,1.0
1965-09-02,1.0,1.0,1.0,1.0
1965-09-03,1.0,1.0,1.0,1.0
1965-09-06,1.0,1.0,1.0,1.0
1965-09-07,1.0,1.0,1.0,1.0
1965-09-08,1.0,1.0,1.0,1.0
1965-09-09,1.0,1.0,1.0,1.0
1965-09-10,1.0,1.0,1.0,1.0
1965-09-13,1.0,1.0,1.0,1.0
1965-09-14,1.0,1.0,1.0,1.0
1965-09-15,1.0,1.0,1.0,1.0
1965-09-16,1.0,1.0,1.0,1.0
1965-09-17,1.0,1.0,1.0,1.0
1965-09-20,1.0,1.0,1.0,1.0
1965-09-21,1.0,1.0,1.0,1.0
1965-09-22,1.0,1.0,1.0,1.0
1965-09-23,1.0,1.0,1.0,1.0
1965-09-24,1.0,1.0,1.0,1.0
1965-09-27,1.0,1.0,1.0,1.0
1965-09-28,1.0,1.0,1.0,1.0
1965-09-29,1.0,1.0,1.0,1.0
1965-09-30,1.0,1.0,1.0,1.0
1965-10-01,1.0,1.0,1.0,1.0
1965-10-04,1.0,1.0,1.0,1.0
1965-10-05,1.0,1.0,1.0,1.0
1965-10-06,1.0,1.0,1.0,1.0
1965-10-07,1.0,1.0,1.0,1.0
1965-10-08,1.0,1.0,1.0,1.0
1965-10-11,1.0,1.0,1.0,1.0
1965-10-12,1.0,1.0,1.0,1.0
1965-10-13,1.0,1.0,1.0,1.0
1965-10-14,1.0,1.0,1.0,1.0
1965-10-15,1.0,1.0,1.0,1.0
1965-10-18,1.0,1.0,1.0,1.0
1965-10-19,1.0,1.0,1.0,1.0
1965-10-20,1.0,1.0,1.0,1.0
1965-10-21,1.0,1.0,1.0,1.0
1965-10-22,1.0,1.0,1.0,1.0
1965-10-25,1.0,1.0,1.0,1.0
1965-10-26,1.0,1.0,1.0,1.0
1965-10-27,1.0,1.0,1.0,1.0
1965-10-28,1.0,1.0,1.0,1.0
1965-10-29,1.0,1.0,1.0,1.0
1965-11-01,1.0,1.0,1.0,1.0
1965-11-02,1.0,1.0,1.0,1.0
1965-11-03,1.0,1.0,1.0,1.0
1965-11-04,1.0,1.0,1.0,1.0
1965-11-05,1.0,1.0,1.0,1.0
1965-11-08,1.0,1.0,1.0,1.0
1965-11-09,1.0,1.0,1.0,1.0
1965-11-10,1.0,1.0,1.0,1.0
1965-11-11,1.0,1.0,1.0,1.0
1965-11-12,1.0,1.0,1.0,1.0
1965-11-15,1.0,1.0,1.0,1.0
1965-11-16,1.0,1.0,1.0,1.0
1965-11-17,1.0,1.0,1.0,1.0
1965-11-18,1.0,1.0,1.0,1.0
1965-11-19,1.0,1.0,1.0,1.0
1965-11-22,1.0,1.0,1.0,1.0
1965-11-23,1.0,1.0,1.0,1.0
1965-11-24,1.0,1.0,1.0,1.0
1965-11-25,1.0,1.0,1.0,1.0
1965-11-26,1.0,1.0,1.0,1.0
1965-11-29,1.0,1.0,1.0,1.0
1965-11-30,1.0,1.0,1.0,1.0
1965-12-01,1.0,1.0,1.0,1.0
1965-12-02,1.0,1.0,1.0,1.0
1965-12-03,1.0,1.0,1.0,1.0
1965-12-06,1.0,1.0,1.0,1.0
1965-12-07,1.0,1.0,1.0,1.0
1965-12-08,1.0,1.0,1.0,1.0
1965-12-09,1.0,1.0,1.0,1.0
1965-12-10,1.0,1.0,1.0,1.0
1965-12-13,1.0,1.0,1.0,1.0
1965-12-14,1.0,1.0,1.0,1.0
1965-12-15,1.0,1.0,1.0,1.0
1965-12-16,1.0,1.0,1.0,1.0
1965-12-17,1.0,1.0,1.0,1.0
1965-12-20,1.0,1.0,1.0,1.0
1965-12-21,1.0,1.0,1.0,1.0
1965-12-22,1.0,1.0,1.0,1.0
1965-12-23,1.0,1.0,1.0,1.0
1965-12-24,1.0,1.0,1.0,1.0
1965-12-27,1.0,1.0,1.0,1.0
1965-12-28,1.0,1.0,1.0,1.0
1965-12-29,1.0,1.0,1.0,1.0
1965-12-30,1.0,1.0,1.0,1.0
1965-12-31,1.0,1.0,1.0,1.0
1966-01-03,1.0,1.0,1.0,1.0
1966-01-04,1.0,1.0,1.0,1.0
1966-01-05,1.0,1.0,1.0,1.0
1966-01-06,1.0,1.0,1.0,1.0
1966-01-07,1.0,1.0,1.0,1.0
1966-01-10,1.0,1.0,1.0,1.0
1966-01-11,1.0,1.0,1.0,1.0
1966-01-12,1.0,1.0,1.0,1.0
1966-01-13,1.0,1.0,1.0,1.0
1966-01-14,1.0,1.0,1.0,1.0
1966-01-17,1.0,1.0,1.0,1.0
1966-01-18,1.0,1.0,1.0,1.0
1966-01-19,1.0,1.0,1.0,1.0
1966-01-20,1.0,1.0,1.0,1.0
1966-01-21,1.0,1.0,1.0,1.0
1966-01-24,1.0,1.0,1.0,1.0
1966-01-25,1.0,1.0,1.0,1.0
1966-01-26,1.0,1.0,1.0,1.0
1966-01-27,1.0,1.0,1.0,1.0
1966-01-28,1.0,1.0,1.0,1.0
1966-01-31,1.0,1.0,1.0,1.0
1966-02-01,1.0,1.0,1.0,1.0
1966-02-02,1.0,1.0,1.0,1.0
1966-02-03,1.0,1.0,1.0,1.0
1966-02-04,1.0,1.0,1.0,1.0
1966-02-07,1.0,1.0,1.0,1.0
1966-02-08,1.0,1.0,1.0,1.0
1966-02-09,1.0,1.0,1.0,1.0
1966-02-10,1.0,1.0,1.0,1.0
1966-02-11,1.0,1.0,1.0,1.0
1966-02-14,1.0,1.0,1.0,1.0
1966-02-15,1.0,1.0,1.0,1.0
1966-02-16,1.0,1.0,1.0,1.0
1966-02-17,1.0,1.0,1.0,1.0
1966-02-18,1.0,1.0,1.0,1.0
1966-02-21,1.0,1.0,1.0,1.0
1966-02-22,1.0,1.0,1.0,1.0
1966-02-23,1.0,1.0,1.0,1.0
1966-02-24,1.0,1.0,1.0,1.0
1966-02-25,1.0,1.0,1.0,1.0
1966-02-28,1.0,1.0,1.0,1.0
1966-03-01,1.0,1.0,1.0,1.0
1966-03-02,1.0,1.0,1.0,1.0
1966-03-03,1.0,1.0,1.0,1.0
1966-03-04,1.0,1.0,1.0,1.0
1966-03-07,1.0,1.0,1.0,1.0
1966-03-08,1.0,1.0,1.0,1.0
1966-03-09,1.0,1.0,1.0,1.0
1966-03-10,1.0,1.0,1.0,1.0
1966-03-11,1.0,1.0,1.0,1.0
1966-03-14,1.0,1.0,1.0,1.0
1966-03-15,1.0,1.0,1.0,1.0
1966-03-16,1.0,1.0,1.0,1.0
1966-03-17,1.0,1.0,1.0,1.0
1966-03-18,1.0,1.0,1.0,1.0
1966-03-21,1.0,1.0,1.0,1.0
1966-03-22,1.0,1.0,1.0,1.0
1966-03-23,1.0,1.0,1.0,1.0
1966-03-24,1.0,1.0,1.0,1.0
1966-03-25,1.0,1.0,1.0,1.0
1966-03-28,1.0,1.0,1.0,1.0
1966-03-29,1.0,1.0,1.0,1.0
1966-03-30,1.0,1.0,1.0,1.0
1966-03-31,1.0,1.0,1.0,1.0
1966-04-01,1.0,1.0,1.0,1.0
1966-04-04,1.0,1.0,1.0,1.0
1966-04-05,1.0,1.0,1.0,1.0
1966-04-06,1.0,1.0,1.0,1.0
1966-04-07,1.0,1.0,1.0,1.0
1966-04-08,1.0,1.0,1.0,1.0
1966-04-11,1.0,1.0,1.0,1.0
1966-04-12,1.0,1.0,1.0,1.0
1966-04-13,1.0,1.0,1.0,1.0
1966-04-14,1.0,1.0,1.0,1.0
1966-04-15,1.0,1.0,1.0,1.0
1966-04-18,1.0,1.0,1.0,1.0
1966-04-19,1.0,1.0,1.0,1.0
1966-04-20,1.0,1.0,1.0,1.0
1966-04-21,1.0,1.0,1.0,1.0
1966-04-22,1.0,1.0,1.0,1.0
1966-04-25,1.0,1.0,1.0,1.0
1966-04-26,1.0,1.0,1.0,1.0
1966-04-27,1.0,1.0,1.0,1.0
1966-04-28,1.0,1.0,1.0,1.0
1966-04-29,1.0,1.0,1.0,1.0
1966-05-02,1.0,1.0,1.0,1.0
1966-05-03,1.0,1.0,1.0,1.0
1966-05-04,1.0,1.0,1.0,1.0
1966-05-05,1.0,1.0,1.0,1.0
1966-05-06,1.0,1.0,1.0,1.0
1966-05-09,1.0,1.0,1.0,1.0
1966-05-10,1.0,1.0,1.0,1.0
1966-05-11,1.0,1.0,1.0,1.0
1966-05-12,1.0,1.0,1.0,1.0
1966-05-13,1.0,1.0,1.0,1.0
1966-05-16,1.0,1.0,1.0,1.0
1966-05-17,1.0,1.0,1.0,1.0
1966-05-18,1.0,1.0,1.0,1.0
1966-05-19,1.0,1.0,1.0,1.0
1966-05-20,1.0,1.0,1.0,1.0
1966-05-23,1.0,1.0,1.0,1.0
1966-05-24,1.0,1.0,1.0,1.0
1966-05-25,1.0,1.0,1.0,1.0
1966-05-26,1.0,1.0,1.0,1.0
1966-05-27,1.0,1.0,1.0,1.0
1966-05-30,1.0,1.0,1.0,1.0
1966-05-31,1.0,1.0,1.0,1.0
1966-06-01,1.0,1.0,1.0,1.0
1966-06-02,1.0,1.0,1.0,1.0
1966-06-03,1.0,1.0,1.0,1.0
1966-06-06,1.0,1.0,1.0,1.0
1966-06-07,1.0,1.0,1.0,1.0
1966-06-08,1.0,1.0,1.0,1.0
1966-06-09,1.0,1.0,1.0,1.0
1966-06-10,1.0,1.0,1.0,1.0
1966-06-13,1.0,1.0,1.0,1.0
1966-06-14,1.0,1.0,1.0,1.0
1966-06-15,1.0,1.0,1.0,1.0
1966-06-16,1.0,1.0,1.0,1.0
1966-06-17,1.0,1.0,1.0,1.0
1966-06-20,1.0,1.0,1.0,1.0
1966-06-21,1.0,1.0,1.0,1.0
1966-06-22,1.0,1.0,1.0,1.0
1966-06-23,1.0,1.0,1.0,1.0
1966-06-24,1.0,1.0,1.0,1.0
1966-06-27,1.0,1.0,1.0,1.0
1966-06-28,1.0,1.0,1.0,1.0
1966-06-29,1.0,1.0,1.0,1.0
1966-06-30,1.0,1.0,1.0,1.0
1966-07-01,1.0,1.0,1.0,1.0
1966-07-04,1.0,1.0,1.0,1.0
1966-07-05,1.0,1.0,1.0,1.0
1966-07-06,1.0,1.0,1.0,1.0
1966-07-07,1.0,1.0,1.0,1.0
1966-07-08,1.0,1.0,1.0,1.0
1966-07-11,1.0,1.0,1.0,1.0
1966-07-12,1.0,1.0,1.0,1.0
1966-07-13,1.0,1.0,1.0,1.0
1966-07-14,1.0,1.0,1.0,1.0
1966-07-15,1.0,1.0,1.0,1.0
1966-07-18,1.0,1.0,1.0,1.0
1966-07-19,1.0,1.0,1.0,1.0
1966-07-20,1.0,1.0,1.0,1.0
1966-07-21,1.0,1.0,1.0,1.0
1966-07-22,1.0,1.0,1.0,1.0
1966-07-25,1.0,1.0,1.0,1.0
1966-07-26,1.0,1.0,1.0,1.0
1966-07-27,1.0,1.0,1.0,1.0
1966-07-28,1.0,1.0,1.0,1.0
1966-07-29,1.0,1.0,1.0,1.0
1966-08-01,1.0,1.0,1.0,1.0
1966-08-02,1.0,1.0,1.0,1.0
1966-08-03,1.0,1.0,1.0,1.0
1966-08-04,1.0,1.0,1.0,1.0
1966-08-05,1.0,1.0,1.0,1.0
1966-08-08,1.0,1.0,1.0,1.0
1966-08-09,1.0,1.0,1.0,1.0
1966-08-10,1.0,1.0,1.0,1.0
1966-08-11,1.0,1.0,1.0,1.0
1966-08-12,1.0,1.0,1.0,1.0
1966-08-15,1.0,1.0,1.0,1.0
1966-08-16,1.0,1.0,1.0,1.0
1966-08-17,1.0,1.0,1.0,1.0
1966-08-18,1.0,1.0,1.0,1.0
1966-08-19,1.0,1.0,1.0,1.0
1966-08-22,1.0,1.0,1.0,1.0
1966-08-23,1.0,1.0,1.0,1.0
1966-08-24,1.0,1.0,1.0,1.0
1966-08-25,1.0,1.0,1.0,1.0
1966-08-26,1.0,1.0,1.0,1.0
1966-08-29,1.0,1.0,1.0,1.0
1966-08-30,1.0,1.0,1.0,1.0
1966-08-31,1.0,1.0,1.0,1.0
1966-09-01,1.0,1.0,1.0,1.0
1966-09-02,1.0,1.0,1.0,1.0
1966-09-05,1.0,1.0,1.0,1.0
1966-09-06,1.0,1.0,1.0,1.0
1966-09-07,1.0,1.0,1.0,1.0
1966-09-08,1.0,1.0,1.0,1.0
1966-09-09,1.0,1.0,1.0,1.0
1966-09-12,1.0,1.0,1.0,1.0
1966-09-13,1.0,1.0,1.0,1.0
1966-09-14,1.0,1.0,1.0,1.0
1966-09-15,1.0,1.0,1.0,1.0
1966-09-16,1.0,1.0,1.0,1.0
1966-09-19,1.0,1.0,1.0,1.0
1966-09-20,1.0,1.0,1.0,1.0
1966-09-21,1.0,1.0,1.0,1.0
1966-09-22,1.0,1.0,1.0,1.0
1966-09-23,1.0,1.0,1.0,1.0
1966-09-26,1.0,1.0,1.0,1.0
1966-09-27,1.0,1.0,1.0,1.0
1966-09-28,1.0,1.0,1.0,1.0
1966-09-29,1.0,1.0,1.0,1.0
1966-09-30,1.0,1.0,1.0,1.0
1966-10-03,1.0,1.0,1.0,1.0
1966-10-04,1.0,1.0,1.0,1.0
1966-10-05,1.0,1.0,1.0,1.0
1966-10-06,1.0,1.0,1.0,1.0
1966-10-07,1.0,1.0,1.0,1.0
1966-10-10,1.0,1.0,1.0,1.0
1966-10-11,1.0,1.0,1.0,1.0
1966-10-12,1.0,1.0,1.0,1.0
1966-10-13,1.0,1.0,1.0,1.0
1966-10-14,1.0,1.0,1.0,1.0
1966-10-17,1.0,1.0,1.0,1.0
1966-10-18,1.0,1.0,1.0,1.0
1966-10-19,1.0,1.0,1.0,1.0
1966-10-20,1.0,1.0,1.0,1.0
1966-10-21,1.0,1.0,1.0,1.0
1966-10-24,1.0,1.0,1.0,1.0
1966-10-25,1.0,1.0,1.0,1.0
1966-10-26,1.0,1.0,1.0,1.0
1966-10-27,1.0,1.0,1.0,1.0
1966-10-28,1.0,1.0,1.0,1.0
1966-10-31,1.0,1.0,1.0,1.0
1966-11-01,1.0,1.0,1.0,1.0
1966-11-02,1.0,1.0,1.0,1.0
1966-11-03,1.0,1.0,1.0,1.0
1966-11-04,1.0,1.0,1.0,1.0
1966-11-07,1.0,1.0,1.0,1.0
1966-11-08,1.0,1.0,1.0,1.0
1966-11-09,1.0,1.0,1.0,1.0
1966-11-10,1.0,1.0,1.0,1.0
1966-11-11,1.0,1.0,1.0,1.0
1966-11-14,1.0,1.0,1.0,1.0
1966-11-15,1.0,1.0,1.0,1.0
1966-11-16,1.0,1.0,1.0,1.0
1966-11-17,1.0,1.0,1.0,1.0
1966-11-18,1.0,1.0,1.0,1.0
1966-11-21,1.0,1.0,1.0,1.0
1966-11-22,1.0,1.0,1.0,1.0
1966-11-23,1.0,1.0,1.0,1.0
1966-11-24,1.0,1.0,1.0,1.0
1966-11-25,1.0,1.0,1.0,1.0
1966-11-28,1.0,1.0,1.0,1.0
1966-11-29,1.0,1.0,1.0,1.0
1966-11-30,1.0,1.0,1.0,1.0
1966-12-01,1.0,1.0,1.0,1.0
1966-12-02,1.0,1.0,1.0,1.0
1966-12-05,1.0,1.0,1.0,1.0
1966-12-06,1.0,1.0,1.0,1.0
1966-12-07,1.0,1.0,1.0,1.0
1966-12-08,1.0,1.0,1.0,1.0
1966-12-09,1.0,1.0,1.0,1.0
1966-12-12,1.0,1.0,1.0,1.0
1966-12-13,1.0,1.0,1.0,1.0
1966-12-14,1.0,1.0,1.0,1.0
1966-12-15,1.0,1.0,1.0,1.0
1966-12-16,1.0,1.0,1.0,1.0
1966-12-19,1.0,1.0,1.0,1.0
1966-12-20,1.0,1.0,1.0,1.0
1966-12-21,1.0,1.0,1.0,1.0
1966-12-22,1.0,1.0,1.0,1.0
1966-12-23,1.0,1.0,1.0,1.0
1966-12-26,1.0,1.0,1.0,1.0
1966-12-27,1.0,1.0,1.0,1.0
1966-12-28,1.0,1.0,1.0,1.0
1966-12-29,1.0,1.0,1.0,1.0
1966-12-30,1.0,1.0,1.0,1.0
1967-01-02,1.0,1.0,1.0,1.0
1967-01-03,1.0,1.0,1.0,1.0
1967-01-04,1.0,1.0,1.0,1.0
1967-01-05,1.0,1.0,1.0,1.0
1967-01-06,1.0,1.0,1.0,1.0
1967-01-09,1.0,1.0,1.0,1.0
1967-01-10,1.0,1.0,1.0,1.0
1967-01-11,1.0,1.0,1.0,1.0
1967-01-12,1.0,1.0,1.0,1.0
1967-01-13,1.0,1.0,1.0,1.0
1967-01-16,1.0,1.0,1.0,1.0
1967-01-17,1.0,1.0,1.0,1.0
1967-01-18,1.0,1.0,1.0,1.0
1967-01-19,1.0,1.0,1.0,1.0
1967-01-20,1.0,1.0,1.0,1.0
1967-01-23,1.0,1.0,1.0,1.0
1967-01-24,1.0,1.0,1.0,1.0
1967-01-25,1.0,1.0,1.0,1.0
1967-01-26,1.0,1.0,1.0,1.0
1967-01-27,1.0,1.0,1.0,1.0
1967-01-30,1.0,1.0,1.0,1.0
1967-01-31,1.0,1.0,1.0,1.0
1967-02-01,1.0,1.0,1.0,1.0
1967-02-02,1.0,1.0,1.0,1.0
1967-02-03,1.0,1.0,1.0,1.0
1967-02-06,1.0,1.0,1.0,1.0
1967-02-07,1.0,1.0,1.0,1.0
1967-02-08,1.0,1.0,1.0,1.0
1967-02-09,1.0,1.0,1.0,1.0
1967-02-10,1.0,1.0,1.0,1.0
1967-02-13,1.0,1.0,1.0,1.0
1967-02-14,1.0,1.0,1.0,1.0
1967-02-15,1.0,1.0,1.0,1.0
1967-02-16,1.0,1.0,1.0,1.0
1967-02-17,1.0,1.0,1.0,1.0
1967-02-20,1.0,1.0,1.0,1.0
1967-02-21,1.0,1.0,1.0,1.0
1967-02-22,1.0,1.0,1.0,1.0
1967-02-23,1.0,1.0,1.0,1.0
1967-02-24,1.0,1.0,1.0,1.0
1967-02-27,1.0,1.0,1.0,1.0
1967-02-28,1.0,1.0,1.0,1.0
1967-03-01,1.0,1.0,1.0,1.0
1967-03-02,1.0,1.0,1.0,1.0
1967-03-03,1.0,1.0,1.0,1.0
1967-03-06,1.0,1.0,1.0,1.0
1967-03-07,1.0,1.0,1.0,1.0
1967-03-08,1.0,1.0,1.0,1.0
1967-03-09,1.0,1.0,1.0,1.0
1967-03-10,1.0,1.0,1.0,1.0
1967-03-13,1.0,1.0,1.0,1.0
1967-03-14,1.0,1.0,1.0,1.0
1967-03-15,1.0,1.0,1.0,1.0
1967-03-16,1.0,1.0,1.0,1.0
1967-03-17,1.0,1.0,1.0,1.0
1967-03-20,1.0,1.0,1.0,1.0
1967-03-21,1.0,1.0,1.0,1.0
1967-03-22,1.0,1.0,1.0,1.0
1967-03-23,1.0,1.0,1.0,1.0
1967-03-24,1.0,1.0,1.0,1.0
1967-03-27,1.0,1.0,1.0,1.0
1967-03-28,1.0,1.0,1.0,1.0
1967-03-29,1.0,1.0,1.0,1.0
1967-03-30,1.0,1.0,1.0,1.0
1967-03-31,1.0,1.0,1.0,1.0
1967-04-03,1.0,1.0,1.0,1.0
1967-04-04,1.0,1.0,1.0,1.0
1967-04-05,1.0,1.0,1.0,1.0
1967-04-06,1.0,1.0,1.0,1.0
1967-04-07,1.0,1.0,1.0,1.0
1967-04-10,1.0,1.0,1.0,1.0
1967-04-11,1.0,1.0,1.0,1.0
1967-04-12,1.0,1.0,1.0,1.0
1967-04-13,1.0,1.0,1.0,1.0
1967-04-14,1.0,1.0,1.0,1.0
1967-04-17,1.0,1.0,1.0,1.0
1967-04-18,1.0,1.0,1.0,1.0
1967-04-19,1.0,1.0,1.0,1.0
1967-04-20,1.0,1.0,1.0,1.0
1967-04-21,1.0,1.0,1.0,1.0
1967-04-24,1.0,1.0,1.0,1.0
1967-04-25,1.0,1.0,1.0,1.0
1967-04-26,1.0,1.0,1.0,1.0
1967-04-27,1.0,1.0,1.0,1.0
1967-04-28,1.0,1.0,1.0,1.0
1967-05-01,1.0,1.0,1.0,1.0
1967-05-02,1.0,1.0,1.0,1.0
1967-05-03,1.0,1.0,1.0,1.0
1967-05-04,1.0,1.0,1.0,1.0
1967-05-05,1.0,1.0,1.0,1.0
1967-05-08,1.0,1.0,1.0,1.0
1967-05-09,1.0,1.0,1.0,1.0
1967-05-10,1.0,1.0,1.0,1.0
1967-05-11,1.0,1.0,1.0,1.0
1967-05-12,1.0,1.0,1.0,1.0
1967-05-15,1.0,1.0,1.0,1.0
1967-05-16,1.0,1.0,1.0,1.0
1967-05-17,1.0,1.0,1.0,1.0
1967-05-18,1.0,1.0,1.0,1.0
1967-05-19,1.0,1.0,1.0,1.0
1967-05-22,1.0,1.0,1.0,1.0
1967-05-23,1.0,1.0,1.0,1.0
1967-05-24,1.0,1.0,1.0,1.0
1967-05-25,1.0,1.0,1.0,1.0
1967-05-26,1.0,1.0,1.0,1.0
1967-05-29,1.0,1.0,1.0,1.0
1967-05-30,1.0,1.0,1.0,1.0
1967-05-31,1.0,1.0,1.0,1.0
1967-06-01,1.0,1.0,1.0,1.0
1967-06-02,1.0,1.0,1.0,1.0
1967-06-05,1.0,1.0,1.0,1.0
1967-06-06,1.0,1.0,1.0,1.0
1967-06-07,1.0,1.0,1.0,1.0
1967-06-08,1.0,1.0,1.0,1.0
1967-06-09,1.0,1.0,1.0,1.0
1967-06-12,1.0,1.0,1.0,1.0
1967-06-13,1.0,1.0,1.0,1.0
1967-06-14,1.0,1.0,1.0,1.0
1967-06-15,1.0,1.0,1.0,1.0
1967-06-16,1.0,1.0,1.0,1.0
1967-06-19,1.0,1.0,1.0,1.0
1967-06-20,1.0,1.0,1.0,1.0
1967-06-21,1.0,1.0,1.0,1.0
1967-06-22,1.0,1.0,1.0,1.0
1967-06-23,1.0,1.0,1.0,1.0
1967-06-26,1.0,1.0,1.0,1.0
1967-06-27,1.0,1.0,1.0,1.0
1967-06-28,1.0,1.0,1.0,1.0
1967-06-29,1.0,1.0,1.0,1.0
1967-06-30,1.0,1.0,1.0,1.0
1967-07-03,1.0,1.0,1.0,1.0
1967-07-04,1.0,1.0,1.0,1.0
1967-07-05,1.0,1.0,1.0,1.0
1967-07-06,1.0,1.0,1.0,1.0
1967-07-07,1.0,1.0,1.0,1.0
1967-07-10,1.0,1.0,1.0,1.0
1967-07-11,1.0,1.0,1.0,1.0
1967-07-12,1.0,1.0,1.0,1.0
1967-07-13,1.0,1.0,1.0,1.0
1967-07-14,1.0,1.0,1.0,1.0
1967-07-17,1.0,1.0,1.0,1.0
1967-07-18,1.0,1.0,1.0,1.0
1967-07-19,1.0,1.0,1.0,1.0
1967-07-20,1.0,1.0,1.0,1.0
1967-07-21,1.0,1.0,1.0,1.0
1967-07-24,1.0,1.0,1.0,1.0
1967-07-25,1.0,1.0,1.0,1.0
1967-07-26,1.0,1.0,1.0,1.0
1967-07-27,1.0,1.0,1.0,1.0
1967-07-28,1.0,1.0,1.0,1.0
1967-07-31,1.0,1.0,1.0,1.0
1967-08-01,1.0,1.0,1.0,1.0
1967-08-02,1.0,1.0,1.0,1.0
1967-08-03,1.0,1.0,1.0,1.0
1967-08-04,1.0,1.0,1.0,1.0
1967-08-07,1.0,1.0,1.0,1.0
1967-08-08,1.0,1.0,1.0,1.0
1967-08-09,1.0,1.0,1.0,1.0
1967-08-10,1.0,1.0,1.0,1.0
1967-08-11,1.0,1.0,1.0,1.0
1967-08-14,1.0,1.0,1.0,1.0
1967-08-15,1.0,1.0,1.0,1.0
1967-08-16,1.0,1.0,1.0,1.0
1967-08-17,1.0,1.0,1.0,1.0
1967-08-18,1.0,1.0,1.0,1.0
1967-08-21,1.0,1.0,1.0,1.0
1967-08-22,1.0,1.0,1.0,1.0
1967-08-23,1.0,1.0,1.0,1.0
1967-08-24,1.0,1.0,1.0,1.0
1967-08-25,1.0,1.0,1.0,1.0
1967-08-28,1.0,1.0,1.0,1.0
1967-08-29,1.0,1.0,1.0,1.0
1967-08-30,1.0,1.0,1.0,1.0
1967-08-31,1.0,1.0,1.0,1.0
1967-09-01,1.0,1.0,1.0,1.0
1967-09-04,1.0,1.0,1.0,1.0
1967-09-05,1.0,1.0,1.0,1.0
1967-09-06,1.0,1.0,1.0,1.0
1967-09-07,1.0,1.0,1.0,1.0
1967-09-08,1.0,1.0,1.0,1.0
1967-09-11,1.0,1.0,1.0,1.0
1967-09-12,1.0,1.0,1.0,1.0
1967-09-13,1.0,1.0,1.0,1.0
1967-09-14,1.0,1.0,1.0,1.0
1967-09-15,1.0,1.0,1.0,1.0
1967-09-18,1.0,1.0,1.0,1.0
1967-09-19,1.0,1.0,1.0,1.0
1967-09-20,1.0,1.0,1.0,1.0
1967-09-21,1.0,1.0,1.0,1.0
1967-09-22,1.0,1.0,1.0,1.0
1967-09-25,1.0,1.0,1.0,1.0
1967-09-26,1.0,1.0,1.0,1.0
1967-09-27,1.0,1.0,1.0,1.0
1967-09-28,1.0,1.0,1.0,1.0
1967-09-29,1.0,1.0,1.0,1.0
1967-10-02,1.0,1.0,1.0,1.0
1967-10-03,1.0,1.0,1.0,1.0
1967-10-04,1.0,1.0,1.0,1.0
1967-10-05,1.0,1.0,1.0,1.0
1967-10-06,1.0,1.0,1.0,1.0
1967-10-09,1.0,1.0,1.0,1.0
1967-10-10,1.0,1.0,1.0,1.0
1967-10-11,1.0,1.0,1.0,1.0
1967-10-12,1.0,1.0,1.0,1.0
1967-10-13,1.0,1.0,1.0,1.0
1967-10-16,1.0,1.0,1.0,1.0
1967-10-17,1.0,1.0,1.0,1.0
1967-10-18,1.0,1.0,1.0,1.0
1967-10-19,1.0,1.0,1.0,1.0
1967-10-20,1.0,1.0,1.0,1.0
1967-10-23,1.0,1.0,1.0,1.0
1967-10-24,1.0,1.0,1.0,1.0
1967-10-25,1.0,1.0,1.0,1.0
1967-10-26,1.0,1.0,1.0,1.0
1967-10-27,1.0,1.0,1.0,1.0
1967-10-30,1.0,1.0,1.0,1.0
1967-10-31,1.0,1.0,1.0,1.0
1967-11-01,1.0,1.0,1.0,1.0
1967-11-02,1.0,1.0,1.0,1.0
1967-11-03,1.0,1.0,1.0,1.0
1967-11-06,1.0,1.0,1.0,1.0
1967-11-07,1.0,1.0,1.0,1.0
1967-11-08,1.0,1.0,1.0,1.0
1967-11-09,1.0,1.0,1.0,1.0
1967-11-10,1.0,1.0,1.0,1.0
1967-11-13,1.0,1.0,1.0,1.0
1967-11-14,1.0,1.0,1.0,1.0
1967-11-15,1.0,1.0,1.0,1.0
1967-11-16,1.0,1.0,1.0,1.0
1967-11-17,1.0,1.0,1.0,1.0
1967-11-20,1.0,1.0,1.0,1.0
1967-11-21,1.0,1.0,1.0,1.0
1967-11-22,1.0,1.0,1.0,1.0
1967-11-23,1.0,1.0,1.0,1.0
1967-11-24,1.0,1.0,1.0,1.0
1967-11-27,1.0,1.0,1.0,1.0
1967-11-28,1.0,1.0,1.0,1.0
1967-11-29,1.0,1.0,1.0,1.0
1967-11-30,1.0,1.0,1.0,1.0
1967-12-01,1.0,1.0,1.0,1.0
1967-12-04,1.0,1.0,1.0,1.0
1967-12-05,1.0,1.0,1.0,1.0
1967-12-06,1.0,1.0,1.0,1.0
1967-12-07,1.0,1.0,1.0,1.0
1967-12-08,1.0,1.0,1.0,1.0
1967-12-11,1.0,1.0,1.0,1.0
1967-12-12,1.0,1.0,1.0,1.0
1967-12-13,1.0,1.0,1.0,1.0
1967-12-14,1.0,1.0,1.0,1.0
1967-12-15,1.0,1.0,1.0,1.0
1967-12-18,1.0,1.0,1.0,1.0
1967-12-19,1.0,1.0,1.0,1.0
1967-12-20,1.0,1.0,1.0,1.0
1967-12-21,1.0,1.0,1.0,1.0
1967-12-22,1.0,1.0,1.0,1.0
1967-12-25,1.0,1.0,1.0,1.0
1967-12-26,1.0,1.0,1.0,1.0
1967-12-27,1.0,1.0,1.0,1.0
1967-12-28,1.0,1.0,1.0,1.0
1967-12-29,1.0,1.0,1.0,1.0
1968-01-01,1.0,1.0,1.0,1.0
1968-01-02,1.0,1.0,1.0,1.0
1968-01-03,1.0,1.0,1.0,1.0
1968-01-04,1.0,1.0,1.0,1.0
1968-01-05,1.0,1.0,1.0,1.0
1968-01-08,1.0,1.0,1.0,1.0
1968-01-09,1.0,1.0,1.0,1.0
1968-01-10,1.0,1.0,1.0,1.0
1968-01-11,1.0,1.0,1.0,1.0
1968-01-12,1.0,1.0,1.0,1.0
1968-01-15,1.0,1.0,1.0,1.0
1968-01-16,1.0,1.0,1.0,1.0
1968-01-17,1.0,1.0,1.0,1.0
1968-01-18,1.0,1.0,1.0,1.0
1968-01-19,1.0,1.0,1.0,1.0
1968-01-22,1.0,1.0,1.0,1.0
1968-01-23,1.0,1.0,1.0,1.0
1968-01-24,1.0,1.0,1.0,1.0
1968-01-25,1.0,1.0,1.0,1.0
1968-01-26,1.0,1.0,1.0,1.0
1968-01-29,1.0,1.0,1.0,1.0
1968-01-30,1.0,1.0,1.0,1.0
1968-01-31,1.0,1.0,1.0,1.0
1968-02-01,1.0,1.0,1.0,1.0
1968-02-02,1.0,1.0,1.0,1.0
1968-02-05,1.0,1.0,1.0,1.0
1968-02-06,1.0,1.0,1.0,1.0
1968-02-07,1.0,1.0,1.0,1.0
1968-02-08,1.0,1.0,1.0,1.0
1968-02-09,1.0,1.0,1.0,1.0
1968-02-12,1.0,1.0,1.0,1.0
1968-02-13,1.0,1.0,1.0,1.0
1968-02-14,1.0,1.0,1.0,1.0
1968-02-15,1.0,1.0,1.0,1.0
1968-02-16,1.0,1.0,1.0,1.0
1968-02-19,1.0,1.0,1.0,1.0
1968-02-20,1.0,1.0,1.0,1.0
1968-02-21,1.0,1.0,1.0,1.0
1968-02-22,1.0,1.0,1.0,1.0
1968-02-23,1.0,1.0,1.0,1.0
1968-02-26,1.0,1.0,1.0,1.0
1968-02-27,1.0,1.0,1.0,1.0
1968-02-28,1.0,1.0,1.0,1.0
1968-02-29,1.0,1.0,1.0,1.0
1968-03-01,1.0,1.0,1.0,1.0
1968-03-04,1.0,1.0,1.0,1.0
1968-03-05,1.0,1.0,1.0,1.0
1968-03-06,1.0,1.0,1.0,1.0
1968-03-07,1.0,1.0,1.0,1.0
1968-03-08,1.0,1.0,1.0,1.0
1968-03-11,1.0,1.0,1.0,1.0
1968-03-12,1.0,1.0,1.0,1.0
1968-03-13,1.0,1.0,1.0,1.0
1968-03-14,1.0,1.0,1.0,1.0
1968-03-15,1.0,1.0,1.0,1.0
1968-03-18,1.0,1.0,1.0,1.0
1968-03-19,1.0,1.0,1.0,1.0
1968-03-20,1.0,1.0,1.0,1.0
1968-03-21,1.0,1.0,1.0,1.0
1968-03-22,1.0,1.0,1.0,1.0
1968-03-25,1.0,1.0,1.0,1.0
1968-03-26,1.0,1.0,1.0,1.0
1968-03-27,1.0,1.0,1.0,1.0
1968-03-28,1.0,1.0,1.0,1.0
1968-03-29,1.0,1.0,1.0,1.0
1968-04-01,1.0,1.0,1.0,1.0
1968-04-02,1.0,1.0,1.0,1.0
1968-04-03,1.0,1.0,1.0,1.0
1968-04-04,1.0,1.0,1.0,1.0
1968-04-05,1.0,1.0,1.0,1.0
1968-04-08,1.0,1.0,1.0,1.0
1968-04-09,1.0,1.0,1.0,1.0
1968-04-10,1.0,1.0,1.0,1.0
1968-04-11,1.0,1.0,1.0,1.0
1968-04-12,1.0,1.0,1.0,1.0
1968-04-15,1.0,1.0,1.0,1.0
1968-04-16,1.0,1.0,1.0,1.0
1968-04-17,1.0,1.0,1.0,1.0
1968-04-18,1.0,1.0,1.0,1.0
1968-04-19,1.0,1.0,1.0,1.0
1968-04-22,1.0,1.0,1.0,1.0
1968-04-23,1.0,1.0,1.0,1.0
1968-04-24,1.0,1.0,1.0,1.0
1968-04-25,1.0,1.0,1.0,1.0
1968-04-26,1.0,1.0,1.0,1.0
1968-04-29,1.0,1.0,1.0,1.0
1968-04-30,1.0,1.0,1.0,1.0
1968-05-01,1.0,1.0,1.0,1.0
1968-05-02,1.0,1.0,1.0,1.0
1968-05-03,1.0,1.0,1.0,1.0
1968-05-06,1.0,1.0,1.0,1.0
1968-05-07,1.0,1.0,1.0,1.0
1968-05-08,1.0,1.0,1.0,1.0
1968-05-09,1.0,1.0,1.0,1.0
1968-05-10,1.0,1.0,1.0,1.0
1968-05-13,1.0,1.0,1.0,1.0
1968-05-14,1.0,1.0,1.0,1.0
1968-05-15,1.0,1.0,1.0,1.0
1968-05-16,1.0,1.0,1.0,1.0
1968-05-17,1.0,1.0,1.0,1.0
1968-05-20,1.0,1.0,1.0,1.0
1968-05-21,1.0,1.0,1.0,1.0
1968-05-22,1.0,1.0,1.0,1.0
1968-05-23,1.0,1.0,1.0,1.0
1968-05-24,1.0,1.0,1.0,1.0
1968-05-27,1.0,1.0,1.0,1.0
1968-05-28,1.0,1.0,1.0,1.0
1968-05-29,1.0,1.0,1.0,1.0
1968-05-30,1.0,1.0,1.0,1.0
1968-05-31,1.0,1.0,1.0,1.0
1968-06-03,1.0,1.0,1.0,1.0
1968-06-04,1.0,1.0,1.0,1.0
1968-06-05,1.0,1.0,1.0,1.0
1968-06-06,1.0,1.0,1.0,1.0
1968-06-07,1.0,1.0,1.0,1.0
1968-06-10,1.0,1.0,1.0,1.0
1968-06-11,1.0,1.0,1.0,1.0
1968-06-12,1.0,1.0,1.0,1.0
1968-06-13,1.0,1.0,1.0,1.0
1968-06-14,1.0,1.0,1.0,1.0
1968-06-17,1.0,1.0,1.0,1.0
1968-06-18,1.0,1.0,1.0,1.0
1968-06-19,1.0,1.0,1.0,1.0
1968-06-20,1.0,1.0,1.0,1.0
1968-06-21,1.0,1.0,1.0,1.0
1968-06-24,1.0,1.0,1.0,1.0
1968-06-25,1.0,1.0,1.0,1.0
1968-06-26,1.0,1.0,1.0,1.0
1968-06-27,1.0,1.0,1.0,1.0
1968-06-28,1.0,1.0,1.0,1.0
1968-07-01,1.0,1.0,1.0,1.0
1968-07-02,1.0,1.0,1.0,1.0
1968-07-03,1.0,1.0,1.0,1.0
1968-07-04,1.0,1.0,1.0,1.0
1968-07-05,1.0,1.0,1.0,1.0
1968-07-08,1.0,1.0,1.0,1.0
1968-07-09,1.0,1.0,1.0,1.0
1968-07-10,1.0,1.0,1.0,1.0
1968-07-11,1.0,1.0,1.0,1.0
1968-07-12,1.0,1.0,1.0,1.0
1968-07-15,1.0,1.0,1.0,1.0
1968-07-16,1.0,1.0,1.0,1.0
1968-07-17,1.0,1.0,1.0,1.0
1968-07-18,1.0,1.0,1.0,1.0
1968-07-19,1.0,1.0,1.0,1.0
1968-07-22,1.0,1.0,1.0,1.0
1968-07-23,1.0,1.0,1.0,1.0
1968-07-24,1.0,1.0,1.0,1.0
1968-07-25,1.0,1.0,1.0,1.0
1968-07-26,1.0,1.0,1.0,1.0
1968-07-29,1.0,1.0,1.0,1.0
1968-07-30,1.0,1.0,1.0,1.0
1968-07-31,1.0,1.0,1.0,1.0
1968-08-01,1.0,1.0,1.0,1.0
1968-08-02,1.0,1.0,1.0,1.0
1968-08-05,1.0,1.0,1.0,1.0
1968-08-06,1.0,1.0,1.0,1.0
1968-08-07,1.0,1.0,1.0,1.0
1968-08-08,1.0,1.0,1.0,1.0
1968-08-09,1.0,1.0,1.0,1.0
1968-08-12,1.0,1.0,1.0,1.0
1968-08-13,1.0,1.0,1.0,1.0
1968-08-14,1.0,1.0,1.0,1.0
1968-08-15,1.0,1.0,1.0,1.0
1968-08-16,1.0,1.0,1.0,1.0
1968-08-19,1.0,1.0,1.0,1.0
1968-08-20,1.0,1.0,1.0,1.0
1968-08-21,1.0,1.0,1.0,1.0
1968-08-22,1.0,1.0,1.0,1.0
1968-08-23,1.0,1.0,1.0,1.0
1968-08-26,1.0,1.0,1.0,1.0
1968-08-27,1.0,1.0,1.0,1.0
1968-08-28,1.0,1.0,1.0,1.0
1968-08-29,1.0,1.0,1.0,1.0
1968-08-30,1.0,1.0,1.0,1.0
1968-09-02,1.0,1.0,1.0,1.0
1968-09-03,1.0,1.0,1.0,1.0
1968-09-04,1.0,1.0,1.0,1.0
1968-09-05,1.0,1.0,1.0,1.0
1968-09-06,1.0,1.0,1.0,1.0
1968-09-09,1.0,1.0,1.0,1.0
1968-09-10,1.0,1.0,1.0,1.0
1968-09-11,1.0,1.0,1.0,1.0
1968-09-12,1.0,1.0,1.0,1.0
1968-09-13,1.0,1.0,1.0,1.0
1968-09-16,1.0,1.0,1.0,1.0
1968-09-17,1.0,1.0,1.0,1.0
1968-09-18,1.0,1.0,1.0,1.0
1968-09-19,1.0,1.0,1.0,1.0
1968-09-20,1.0,1.0,1.0,1.0
1968-09-23,1.0,1.0,1.0,1.0
1968-09-24,1.0,1.0,1.0,1.0
1968-09-25,1.0,1.0,1.0,1.0
1968-09-26,1.0,1.0,1.0,1.0
1968-09-27,1.0,1.0,1.0,1.0
1968-09-30,1.0,1.0,1.0,1.0
1968-10-01,1.0,1.0,1.0,1.0
1968-10-02,1.0,1.0,1.0,1.0
1968-10-03,1.0,1.0,1.0,1.0
1968-10-04,1.0,1.0,1.0,1.0
1968-10-07,1.0,1.0,1.0,1.0
1968-10-08,1.0,1.0,1.0,1.0
1968-10-09,1.0,1.0,1.0,1.0
1968-10-10,1.0,1.0,1.0,1.0
1968-10-11,1.0,1.0,1.0,1.0
1968-10-14,1.0,1.0,1.0,1.0
1968-10-15,1.0,1.0,1.0,1.0
1968-10-16,1.0,1.0,1.0,1.0
1968-10-17,1.0,1.0,1.0,1.0
1968-10-18,1.0,1.0,1.0,1.0
1968-10-21,1.0,1.0,1.0,1.0
1968-10-22,1.0,1.0,1.0,1.0
1968-10-23,1.0,1.0,1.0,1.0
1968-10-24,1.0,1.0,1.0,1.0
1968-10-25,1.0,1.0,1.0,1.0
1968-10-28,1.0,1.0,1.0,1.0
1968-10-29,1.0,1.0,1.0,1.0
1968-10-30,1.0,1.0,1.0,1.0
1968-10-31,1.0,1.0,1.0,1.0
1968-11-01,1.0,1.0,1.0,1.0
1968-11-04,1.0,1.0,1.0,1.0
1968-11-05,1.0,1.0,1.0,1.0
1968-11-06,1.0,1.0,1.0,1.0
1968-11-07,1.0,1.0,1.0,1.0
1968-11-08,1.0,1.0,1.0,1.0
1968-11-11,1.0,1.0,1.0,1.0
1968-11-12,1.0,1.0,1.0,1.0
1968-11-13,1.0,1.0,1.0,1.0
1968-11-14,1.0,1.0,1.0,1.0
1968-11-15,1.0,1.0,1.0,1.0
1968-11-18,1.0,1.0,1.0,1.0
1968-11-19,1.0,1.0,1.0,1.0
1968-11-20,1.0,1.0,1.0,1.0
1968-11-21,1.0,1.0,1.0,1.0
1968-11-22,1.0,1.0,1.0,1.0
1968-11-25,1.0,1.0,1.0,1.0
1968-11-26,1.0,1.0,1.0,1.0
1968-11-27,1.0,1.0,1.0,1.0
1968-11-28,1.0,1.0,1.0,1.0
1968-11-29,1.0,1.0,1.0,1.0
1968-12-02,1.0,1.0,1.0,1.0
1968-12-03,1.0,1.0,1.0,1.0
1968-12-04,1.0,1.0,1.0,1.0
1968-12-05,1.0,1.0,1.0,1.0
1968-12-06,1.0,1.0,1.0,1.0
1968-12-09,1.0,1.0,1.0,1.0
1968-12-10,1.0,1.0,1.0,1.0
1968-12-11,1.0,1.0,1.0,1.0
1968-12-12,1.0,1.0,1.0,1.0
1968-12-13,1.0,1.0,1.0,1.0
1968-12-16,1.0,1.0,1.0,1.0
1968-12-17,1.0,1.0,1.0,1.0
1968-12-18,1.0,1.0,1.0,1.0
1968-12-19,1.0,1.0,1.0,1.0
1968-12-20,1.0,1.0,1.0,1.0
1968-12-23,1.0,1.0,1.0,1.0
1968-12-24,1.0,1.0,1.0,1.0
1968-12-25,1.0,1.0,1.0,1.0
1968-12-26,1.0,1.0,1.0,1.0
1968-12-27,1.0,1.0,1.0,1.0
1968-12-30,1.0,1.0,1.0,1.0
1968-12-31,1.0,1.0,1.0,1.0
1969-01-01,1.0,1.0,1.0,1.0
1969-01-02,1.0,1.0,1.0,1.0
1969-01-03,1.0,1.0,1.0,1.0
1969-01-06,1.0,1.0,1.0,1.0
1969-01-07,1.0,1.0,1.0,1.0
1969-01-08,1.0,1.0,1.0,1.0
1969-01-09,1.0,1.0,1.0,1.0
1969-01-10,1.0,1.0,1.0,1.0
1969-01-13,1.0,1.0,1.0,1.0
1969-01-14,1.0,1.0,1.0,1.0
1969-01-15,1.0,1.0,1.0,1.0
1969-01-16,1.0,1.0,1.0,1.0
1969-01-17,1.0,1.0,1.0,1.0
1969-01-20,1.0,1.0,1.0,1.0
1969-01-21,1.0,1.0,1.0,1.0
1969-01-22,1.0,1.0,1.0,1.0
1969-01-23,1.0,1.0,1.0,1.0
1969-01-24,1.0,1.0,1.0,1.0
1969-01-27,1.0,1.0,1.0,1.0
1969-01-28,1.0,1.0,1.0,1.0
1969-01-29,1.0,1.0,1.0,1.0
1969-01-30,1.0,1.0,1.0,1.0
1969-01-31,1.0,1.0,1.0,1.0
1969-02-03,1.0,1.0,1.0,1.0
1969-02-04,1.0,1.0,1.0,1.0
1969-02-05,1.0,1.0,1.0,1.0
1969-02-06,1.0,1.0,1.0,1.0
1969-02-07,1.0,1.0,1.0,1.0
1969-02-10,1.0,1.0,1.0,1.0
1969-02-11,1.0,1.0,1.0,1.0
1969-02-12,1.0,1.0,1.0,1.0
1969-02-13,1.0,1.0,1.0,1.0
1969-02-14,1.0,1.0,1.0,1.0
1969-02-17,1.0,1.0,1.0,1.0
1969-02-18,1.0,1.0,1.0,1.0
1969-02-19,1.0,1.0,1.0,1.0
1969-02-20,1.0,1.0,1.0,1.0
1969-02-21,1.0,1.0,1.0,1.0
1969-02-24,1.0,1.0,1.0,1.0
1969-02-25,1.0,1.0,1.0,1.0
1969-02-26,1.0,1.0,1.0,1.0
1969-02-27,1.0,1.0,1.0,1.0
1969-02-28,1.0,1.0,1.0,1.0
1969-03-03,1.0,1.0,1.0,1.0
1969-03-04,1.0,1.0,1.0,1.0
1969-03-05,1.0,1.0,1.0,1.0
1969-03-06,1.0,1.0,1.0,1.0
1969-03-07,1.0,1.0,1.0,1.0
1969-03-10,1.0,1.0,1.0,1.0
1969-03-11,1.0,1.0,1.0,1.0
1969-03-12,1.0,1.0,1.0,1.0
1969-03-13,1.0,1.0,1.0,1.0
1969-03-14,1.0,1.0,1.0,1.0
1969-03-17,1.0,1.0,1.0,1.0
1969-03-18,1.0,1.0,1.0,1.0
1969-03-19,1.0,1.0,1.0,1.0
1969-03-20,1.0,1.0,1.0,1.0
1969-03-21,1.0,1.0,1.0,1.0
1969-03-24,1.0,1.0,1.0,1.0
1969-03-25,1.0,1.0,1.0,1.0
1969-03-26,1.0,1.0,1.0,1.0
1969-03-27,1.0,1.0,1.0,1.0
1969-03-28,1.0,1.0,1.0,1.0
1969-03-31,1.0,1.0,1.0,1.0
1969-04-01,1.0,1.0,1.0,1.0
1969-04-02,1.0,1.0,1.0,1.0
1969-04-03,1.0,1.0,1.0,1.0
1969-04-04,1.0,1.0,1.0,1.0
1969-04-07,1.0,1.0,1.0,1.0
1969-04-08,1.0,1.0,1.0,1.0
1969-04-09,1.0,1.0,1.0,1.0
1969-04-10,1.0,1.0,1.0,1.0
1969-04-11,1.0,1.0,1.0,1.0
1969-04-14,1.0,1.0,1.0,1.0
1969-04-15,1.0,1.0,1.0,1.0
1969-04-16,1.0,1.0,1.0,1.0
1969-04-17,1.0,1.0,1.0,1.0
1969-04-18,1.0,1.0,1.0,1.0
1969-04-21,1.0,1.0,1.0,1.0
1969-04-22,1.0,1.0,1.0,1.0
1969-04-23,1.0,1.0,1.0,1.0
1969-04-24,1.0,1.0,1.0,1.0
1969-04-25,1.0,1.0,1.0,1.0
1969-04-28,1.0,1.0,1.0,1.0
1969-04-29,1.0,1.0,1.0,1.0
1969-04-30,1.0,1.0,1.0,1.0
1969-05-01,1.0,1.0,1.0,1.0
1969-05-02,1.0,1.0,1.0,1.0
1969-05-05,1.0,1.0,1.0,1.0
1969-05-06,1.0,1.0,1.0,1.0
1969-05-07,1.0,1.0,1.0,1.0
1969-05-08,1.0,1.0,1.0,1.0
1969-05-09,1.0,1.0,1.0,1.0
1969-05-12,1.0,1.0,1.0,1.0
1969-05-13,1.0,1.0,1.0,1.0
1969-05-14,1.0,1.0,1.0,1.0
1969-05-15,1.0,1.0,1.0,1.0
1969-05-16,1.0,1.0,1.0,1.0
1969-05-19,1.0,1.0,1.0,1.0
1969-05-20,1.0,1.0,1.0,1.0
1969-05-21,1.0,1.0,1.0,1.0
1969-05-22,1.0,1.0,1.0,1.0
1969-05-23,1.0,1.0,1.0,1.0
1969-05-26,1.0,1.0,1.0,1.0
1969-05-27,1.0,1.0,1.0,1.0
1969-05-28,1.0,1.0,1.0,1.0
1969-05-29,1.0,1.0,1.0,1.0
1969-05-30,1.0,1.0,1.0,1.0
1969-06-02,1.0,1.0,1.0,1.0
1969-06-03,1.0,1.0,1.0,1.0
1969-06-04,1.0,1.0,1.0,1.0
1969-06-05,1.0,1.0,1.0,1.0
1969-06-06,1.0,1.0,1.0,1.0
1969-06-09,1.0,1.0,1.0,1.0
1969-06-10,1.0,1.0,1.0,1.0
1969-06-11,1.0,1.0,1.0,1.0
1969-06-12,1.0,1.0,1.0,1.0
1969-06-13,1.0,1.0,1.0,1.0
1969-06-16,1.0,1.0,1.0,1.0
1969-06-17,1.0,1.0,1.0,1.0
1969-06-18,1.0,1.0,1.0,1.0
1969-06-19,1.0,1.0,1.0,1.0
1969-06-20,1.0,1.0,1.0,1.0
1969-06-23,1.0,1.0,1.0,1.0
1969-06-24,1.0,1.0,1.0,1.0
1969-06-25,1.0,1.0,1.0,1.0
1969-06-26,1.0,1.0,1.0,1.0
1969-06-27,1.0,1.0,1.0,1.0
1969-06-30,1.0,1.0,1.0,1.0
1969-07-01,1.0,1.0,1.0,1.0
1969-07-02,1.0,1.0,1.0,1.0
1969-07-03,1.0,1.0,1.0,1.0
1969-07-04,1.0,1.0,1.0,1.0
1969-07-07,1.0,1.0,1.0,1.0
1969-07-08,1.0,1.0,1.0,1.0
1969-07-09,1.0,1.0,1.0,1.0
1969-07-10,1.0,1.0,1.0,1.0
1969-07-11,1.0,1.0,1.0,1.0
1969-07-14,1.0,1.0,1.0,1.0
1969-07-15,1.0,1.0,1.0,1.0
1969-07-16,1.0,1.0,1.0,1.0
1969-07-17,1.0,1.0,1.0,1.0
1969-07-18,1.0,1.0,1.0,1.0
1969-07-21,1.0,1.0,1.0,1.0
1969-07-22,1.0,1.0,1.0,1.0
1969-07-23,1.0,1.0,1.0,1.0
1969-07-24,1.0,1.0,1.0,1.0
1969-07-25,1.0,1.0,1.0,1.0
1969-07-28,1.0,1.0,1.0,1.0
1969-07-29,1.0,1.0,1.0,1.0
1969-07-30,1.0,1.0,1.0,1.0
1969-07-31,1.0,1.0,1.0,1.0
1969-08-01,1.0,1.0,1.0,1.0
1969-08-04,1.0,1.0,1.0,1.0
1969-08-05,1.0,1.0,1.0,1.0
1969-08-06,1.0,1.0,1.0,1.0
1969-08-07,1.0,1.0,1.0,1.0
1969-08-08,1.0,1.0,1.0,1.0
1969-08-11,1.0,1.0,1.0,1.0
1969-08-12,1.0,1.0,1.0,1.0
1969-08-13,1.0,1.0,1.0,1.0
1969-08-14,1.0,1.0,1.0,1.0
1969-08-15,1.0,1.0,1.0,1.0
1969-08-18,1.0,1.0,1.0,1.0
1969-08-19,1.0,1.0,1.0,1.0
1969-08-20,1.0,1.0,1.0,1.0
1969-08-21,1.0,1.0,1.0,1.0
1969-08-22,1.0,1.0,1.0,1.0
1969-08-25,1.0,1.0,1.0,1.0
1969-08-26,1.0,1.0,1.0,1.0
1969-08-27,1.0,1.0,1.0,1.0
1969-08-28,1.0,1.0,1.0,1.0
1969-08-29,1.0,1.0,1.0,1.0
1969-09-01,1.0,1.0,1.0,1.0
1969-09-02,1.0,1.0,1.0,1.0
1969-09-03,1.0,1.0,1.0,1.0
1969-09-04,1.0,1.0,1.0,1.0
1969-09-05,1.0,1.0,1.0,1.0
1969-09-08,1.0,1.0,1.0,1.0
1969-09-09,1.0,1.0,1.0,1.0
1969-09-10,1.0,1.0,1.0,1.0
1969-09-11,1.0,1.0,1.0,1.0
1969-09-12,1.0,1.0,1.0,1.0
1969-09-15,1.0,1.0,1.0,1.0
1969-09-16,1.0,1.0,1.0,1.0
1969-09-17,1.0,1.0,1.0,1.0
1969-09-18,1.0,1.0,1.0,1.0
1969-09-19,1.0,1.0,1.0,1.0
1969-09-22,1.0,1.0,1.0,1.0
1969-09-23,1.0,1.0,1.0,1.0
1969-09-24,1.0,1.0,1.0,1.0
1969-09-25,1.0,1.0,1.0,1.0
1969-09-26,1.0,1.0,1.0,1.0
1969-09-29,1.0,1.0,1.0,1.0
1969-09-30,1.0,1.0,1.0,1.0
1969-10-01,1.0,1.0,1.0,1.0
1969-10-02,1.0,1.0,1.0,1.0
1969-10-03,1.0,1.0,1.0,1.0
1969-10-06,1.0,1.0,1.0,1.0
1969-10-07,1.0,1.0,1.0,1.0
1969-10-08,1.0,1.0,1.0,1.0
1969-10-09,1.0,1.0,1.0,1.0
1969-10-10,1.0,1.0,1.0,1.0
1969-10-13,1.0,1.0,1.0,1.0
1969-10-14,1.0,1.0,1.0,1.0
1969-10-15,1.0,1.0,1.0,1.0
1969-10-16,1.0,1.0,1.0,1.0
1969-10-17,1.0,1.0,1.0,1.0
1969-10-20,1.0,1.0,1.0,1.0
1969-10-21,1.0,1.0,1.0,1.0
1969-10-22,1.0,1.0,1.0,1.0
1969-10-23,1.0,1.0,1.0,1.0
1969-10-24,1.0,1.0,1.0,1.0
1969-10-27,1.0,1.0,1.0,1.0
1969-10-28,1.0,1.0,1.0,1.0
1969-10-29,1.0,1.0,1.0,1.0
1969-10-30,1.0,1.0,1.0,1.0
1969-10-31,1.0,1.0,1.0,1.0
1969-11-03,1.0,1.0,1.0,1.0
1969-11-04,1.0,1.0,1.0,1.0
1969-11-05,1.0,1.0,1.0,1.0
1969-11-06,1.0,1.0,1.0,1.0
1969-11-07,1.0,1.0,1.0,1.0
1969-11-10,1.0,1.0,1.0,1.0
1969-11-11,1.0,1.0,1.0,1.0
1969-11-12,1.0,1.0,1.0,1.0
1969-11-13,1.0,1.0,1.0,1.0
1969-11-14,1.0,1.0,1.0,1.0
1969-11-17,1.0,1.0,1.0,1.0
1969-11-18,1.0,1.0,1.0,1.0
1969-11-19,1.0,1.0,1.0,1.0
1969-11-20,1.0,1.0,1.0,1.0
1969-11-21,1.0,1.0,1.0,1.0
1969-11-24,1.0,1.0,1.0,1.0
1969-11-25,1.0,1.0,1.0,1.0
1969-11-26,1.0,1.0,1.0,1.0
1969-11-27,1.0,1.0,1.0,1.0
1969-11-28,1.0,1.0,1.0,1.0
1969-12-01,1.0,1.0,1.0,1.0
1969-12-02,1.0,1.0,1.0,1.0
1969-12-03,1.0,1.0,1.0,1.0
1969-12-04,1.0,1.0,1.0,1.0
1969-12-05,1.0,1.0,1.0,1.0
1969-12-08,1.0,1.0,1.0,1.0
1969-12-09,1.0,1.0,1.0,1.0
1969-12-10,1.0,1.0,1.0,1.0
1969-12-11,1.0,1.0,1.0,1.0
1969-12-12,1.0,1.0,1.0,1.0
1969-12-15,1.0,1.0,1.0,1.0
1969-12-16,1.0,1.0,1.0,1.0
1969-12-17,1.0,1.0,1.0,1.0
1969-12-18,1.0,1.0,1.0,1.0
1969-12-19,1.0,1.0,1.0,1.0
1969-12-22,1.0,1.0,1.0,1.0
1969-12-23,1.0,1.0,1.0,1.0
1969-12-24,1.0,1.0,1.0,1.0
1969-12-25,1.0,1.0,1.0,1.0
1969-12-26,1.0,1.0,1.0,1.0
1969-12-29,1.0,1.0,1.0,1.0
1969-12-30,1.0,1.0,1.0,1.0
1969-12-31,1.0,1.0,1.0,1.0
1970-01-01,1.0,1.0,1.0,1.0
1970-01-02,1.0,1.0,1.0,1.0
1970-01-05,1.0,1.0,1.0,1.0
1970-01-06,1.0,1.0,1.0,1.0
1970-01-07,1.0,1.0,1.0,1.0
1970-01-08,1.0,1.0,1.0,1.0
1970-01-09,1.0,1.0,1.0,1.0
1970-01-12,1.0,1.0,1.0,1.0
1970-01-13,1.0,1.0,1.0,1.0
1970-01-14,1.0,1.0,1.0,1.0
1970-01-15,1.0,1.0,1.0,1.0
1970-01-16,1.0,1.0,1.0,1.0
1970-01-19,1.0,1.0,1.0,1.0
1970-01-20,1.0,1.0,1.0,1.0
1970-01-21,1.0,1.0,1.0,1.0
1970-01-22,1.0,1.0,1.0,1.0
1970-01-23,1.0,1.0,1.0,1.0
1970-01-26,1.0,1.0,1.0,1.0
1970-01-27,1.0,1.0,1.0,1.0
1970-01-28,1.0,1.0,1.0,1.0
1970-01-29,1.0,1.0,1.0,1.0
1970-01-30,1.0,1.0,1.0,1.0
1970-02-02,1.0,1.0,1.0,1.0
1970-02-03,1.0,1.0,1.0,1.0
1970-02-04,1.0,1.0,1.0,1.0
1970-02-05,1.0,1.0,1.0,1.0
1970-02-06,1.0,1.0,1.0,1.0
1970-02-09,1.0,1.0,1.0,1.0
1970-02-10,1.0,1.0,1.0,1.0
1970-02-11,1.0,1.0,1.0,1.0
1970-02-12,1.0,1.0,1.0,1.0
1970-02-13,1.0,1.0,1.0,1.0
1970-02-16,1.0,1.0,1.0,1.0
1970-02-17,1.0,1.0,1.0,1.0
1970-02-18,1.0,1.0,1.0,1.0
1970-02-19,1.0,1.0,1.0,1.0
1970-02-20,1.0,1.0,1.0,1.0
1970-02-23,1.0,1.0,1.0,1.0
1970-02-24,1.0,1.0,1.0,1.0
1970-02-25,1.0,1.0,1.0,1.0
1970-02-26,1.0,1.0,1.0,1.0
1970-02-27,1.0,1.0,1.0,1.0
1970-03-02,1.0,1.0,1.0,1.0
1970-03-03,1.0,1.0,1.0,1.0
1970-03-04,1.0,1.0,1.0,1.0
1970-03-05,1.0,1.0,1.0,1.0
1970-03-06,1.0,1.0,1.0,1.0
1970-03-09,1.0,1.0,1.0,1.0
1970-03-10,1.0,1.0,1.0,1.0
1970-03-11,1.0,1.0,1.0,1.0
1970-03-12,1.0,1.0,1.0,1.0
1970-03-13,1.0,1.0,1.0,1.0
1970-03-16,1.0,1.0,1.0,1.0
1970-03-17,1.0,1.0,1.0,1.0
1970-03-18,1.0,1.0,1.0,1.0
1970-03-19,1.0,1.0,1.0,1.0
1970-03-20,1.0,1.0,1.0,1.0
1970-03-23,1.0,1.0,1.0,1.0
1970-03-24,1.0,1.0,1.0,1.0
1970-03-25,1.0,1.0,1.0,1.0
1970-03-26,1.0,1.0,1.0,1.0
1970-03-27,1.0,1.0,1.0,1.0
1970-03-30,1.0,1.0,1.0,1.0
1970-03-31,1.0,1.0,1.0,1.0
1970-04-01,1.0,1.0,1.0,1.0
1970-04-02,1.0,1.0,1.0,1.0
1970-04-03,1.0,1.0,1.0,1.0
1970-04-06,1.0,1.0,1.0,1.0
1970-04-07,1.0,1.0,1.0,1.0
1970-04-08,1.0,1.0,1.0,1.0
1970-04-09,1.0,1.0,1.0,1.0
1970-04-10,1.0,1.0,1.0,1.0
1970-04-13,1.0,1.0,1.0,1.0
1970-04-14,1.0,1.0,1.0,1.0
1970-04-15,1.0,1.0,1.0,1.0
1970-04-16,1.0,1.0,1.0,1.0
1970-04-17,1.0,1.0,1.0,1.0
1970-04-20,1.0,1.0,1.0,1.0
1970-04-21,1.0,1.0,1.0,1.0
1970-04-22,1.0,1.0,1.0,1.0
1970-04-23,1.0,1.0,1.0,1.0
1970-04-24,1.0,1.0,1.0,1.0
1970-04-27,1.0,1.0,1.0,1.0
1970-04-28,1.0,1.0,1.0,1.0
1970-04-29,1.0,1.0,1.0,1.0
1970-04-30,1.0,1.0,1.0,1.0
1970-05-01,1.0,1.0,1.0,1.0
1970-05-04,1.0,1.0,1.0,1.0
1970-05-05,1.0,1.0,1.0,1.0
1970-05-06,1.0,1.0,1.0,1.0
1970-05-07,1.0,1.0,1.0,1.0
1970-05-08,1.0,1.0,1.0,1.0
1970-05-11,1.0,1.0,1.0,1.0
1970-05-12,1.0,1.0,1.0,1.0
1970-05-13,1.0,1.0,1.0,1.0
1970-05-14,1.0,1.0,1.0,1.0
1970-05-15,1.0,1.0,1.0,1.0
1970-05-18,1.0,1.0,1.0,1.0
1970-05-19,1.0,1.0,1.0,1.0
1970-05-20,1.0,1.0,1.0,1.0
1970-05-21,1.0,1.0,1.0,1.0
1970-05-22,1.0,1.0,1.0,1.0
1970-05-25,1.0,1.0,1.0,1.0
1970-05-26,1.0,1.0,1.0,1.0
1970-05-27,1.0,1.0,1.0,1.0
1970-05-28,1.0,1.0,1.0,1.0
1970-05-29,1.0,1.0,1.0,1.0
1970-06-01,1.0,1.0,1.0,1.0
1970-06-02,1.0,1.0,1.0,1.0
1970-06-03,1.0,1.0,1.0,1.0
1970-06-04,1.0,1.0,1.0,1.0
1970-06-05,1.0,1.0,1.0,1.0
1970-06-08,1.0,1.0,1.0,1.0
1970-06-09,1.0,1.0,1.0,1.0
1970-06-10,1.0,1.0,1.0,1.0
1970-06-11,1.0,1.0,1.0,1.0
1970-06-12,1.0,1.0,1.0,1.0
1970-06-15,1.0,1.0,1.0,1.0
1970-06-16,1.0,1.0,1.0,1.0
1970-06-17,1.0,1.0,1.0,1.0
1970-06-18,1.0,1.0,1.0,1.0
1970-06-19,1.0,1.0,1.0,1.0
1970-06-22,1.0,1.0,1.0,1.0
1970-06-23,1.0,1.0,1.0,1.0
1970-06-24,1.0,1.0,1.0,1.0
1970-06-25,1.0,1.0,1.0,1.0
1970-06-26,1.0,1.0,1.0,1.0
1970-06-29,1.0,1.0,1.0,1.0
1970-06-30,1.0,1.0,1.0,1.0
1970-07-01,1.0,1.0,1.0,1.0
1970-07-02,1.0,1.0,1.0,1.0
1970-07-03,1.0,1.0,1.0,1.0
1970-07-06,1.0,1.0,1.0,1.0
1970-07-07,1.0,1.0,1.0,1.0
1970-07-08,1.0,1.0,1.0,1.0
1970-07-09,1.0,1.0,1.0,1.0
1970-07-10,1.0,1.0,1.0,1.0
1970-07-13,1.0,1.0,1.0,1.0
1970-07-14,1.0,1.0,1.0,1.0
1970-07-15,1.0,1.0,1.0,1.0
1970-07-16,1.0,1.0,1.0,1.0
1970-07-17,1.0,1.0,1.0,1.0
1970-07-20,1.0,1.0,1.0,1.0
1970-07-21,1.0,1.0,1.0,1.0
1970-07-22,1.0,1.0,1.0,1.0
1970-07-23,1.0,1.0,1.0,1.0
1970-07-24,1.0,1.0,1.0,1.0
1970-07-27,1.0,1.0,1.0,1.0
1970-07-28,1.0,1.0,1.0,1.0
1970-07-29,1.0,1.0,1.0,1.0
1970-07-30,1.0,1.0,1.0,1.0
1970-07-31,1.0,1.0,1.0,1.0
1970-08-03,1.0,1.0,1.0,1.0
1970-08-04,1.0,1.0,1.0,1.0
1970-08-05,1.0,1.0,1.0,1.0
1970-08-06,1.0,1.0,1.0,1.0
1970-08-07,1.0,1.0,1.0,1.0
1970-08-10,1.0,1.0,1.0,1.0
1970-08-11,1.0,1.0,1.0,1.0
1970-08-12,1.0,1.0,1.0,1.0
1970-08-13,1.0,1.0,1.0,1.0
1970-08-14,1.0,1.0,1.0,1.0
1970-08-17,1.0,1.0,1.0,1.0
1970-08-18,1.0,1.0,1.0,1.0
1970-08-19,1.0,1.0,1.0,1.0
1970-08-20,1.0,1.0,1.0,1.0
1970-08-21,1.0,1.0,1.0,1.0
1970-08-24,1.0,1.0,1.0,1.0
1970-08-25,1.0,1.0,1.0,1.0
1970-08-26,1.0,1.0,1.0,1.0
1970-08-27,1.0,1.0,1.0,1.0
1970-08-28,1.0,1.0,1.0,1.0
1970-08-31,1.0,1.0,1.0,1.0
1970-09-01,1.0,1.0,1.0,1.0
1970-09-02,1.0,1.0,1.0,1.0
1970-09-03,1.0,1.0,1.0,1.0
1970-09-04,1.0,1.0,1.0,1.0
1970-09-07,1.0,1.0,1.0,1.0
1970-09-08,1.0,1.0,1.0,1.0
1970-09-09,1.0,1.0,1.0,1.0
1970-09-10,1.0,1.0,1.0,1.0
1970-09-11,1.0,1.0,1.0,1.0
1970-09-14,1.0,1.0,1.0,1.0
1970-09-15,1.0,1.0,1.0,1.0
1970-09-16,1.0,1.0,1.0,1.0
1970-09-17,1.0,1.0,1.0,1.0
1970-09-18,1.0,1.0,1.0,1.0
1970-09-21,1.0,1.0,1.0,1.0
1970-09-22,1.0,1.0,1.0,1.0
1970-09-23,1.0,1.0,1.0,1.0
1970-09-24,1.0,1.0,1.0,1.0
1970-09-25,1.0,1.0,1.0,1.0
1970-09-28,1.0,1.0,1.0,1.0
1970-09-29,1.0,1.0,1.0,1.0
1970-09-30,1.0,1.0,1.0,1.0
1970-10-01,1.0,1.0,1.0,1.0
1970-10-02,1.0,1.0,1.0,1.0
1970-10-05,1.0,1.0,1.0,1.0
1970-10-06,1.0,1.0,1.0,1.0
1970-10-07,1.0,1.0,1.0,1.0
1970-10-08,1.0,1.0,1.0,1.0
1970-10-09,1.0,1.0,1.0,1.0
1970-10-12,1.0,1.0,1.0,1.0
1970-10-13,1.0,1.0,1.0,1.0
1970-10-14,1.0,1.0,1.0,1.0
1970-10-15,1.0,1.0,1.0,1.0
1970-10-16,1.0,1.0,1.0,1.0
1970-10-19,1.0,1.0,1.0,1.0
1970-10-20,1.0,1.0,1.0,1.0
1970-10-21,1.0,1.0,1.0,1.0
1970-10-22,1.0,1.0,1.0,1.0
1970-10-23,1.0,1.0,1.0,1.0
1970-10-26,1.0,1.0,1.0,1.0
1970-10-27,1.0,1.0,1.0,1.0
1970-10-28,1.0,1.0,1.0,1.0
1970-10-29,1.0,1.0,1.0,1.0
1970-10-30,1.0,1.0,1.0,1.0
1970-11-02,1.0,1.0,1.0,1.0
1970-11-03,1.0,1.0,1.0,1.0
1970-11-04,1.0,1.0,1.0,1.0
1970-11-05,1.0,1.0,1.0,1.0
1970-11-06,1.0,1.0,1.0,1.0
1970-11-09,1.0,1.0,1.0,1.0
1970-11-10,1.0,1.0,1.0,1.0
1970-11-11,1.0,1.0,1.0,1.0
1970-11-12,1.0,1.0,1.0,1.0
1970-11-13,1.0,1.0,1.0,1.0
1970-11-16,1.0,1.0,1.0,1.0
1970-11-17,1.0,1.0,1.0,1.0
1970-11-18,1.0,1.0,1.0,1.0
1970-11-19,1.0,1.0,1.0,1.0
1970-11-20,1.0,1.0,1.0,1.0
1970-11-23,1.0,1.0,1.0,1.0
1970-11-24,1.0,1.0,1.0,1.0
1970-11-25,1.0,1.0,1.0,1.0
1970-11-26,1.0,1.0,1.0,1.0
1970-11-27,1.0,1.0,1.0,1.0
1970-11-30,1.0,1.0,1.0,1.0
1970-12-01,1.0,1.0,1.0,1.0
1970-12-02,1.0,1.0,1.0,1.0
1970-12-03,1.0,1.0,1.0,1.0
1970-12-04,1.0,1.0,1.0,1.0
1970-12-07,1.0,1.0,1.0,1.0
1970-12-08,1.0,1.0,1.0,1.0
1970-12-09,1.0,1.0,1.0,1.0
1970-12-10,1.0,1.0,1.0,1.0
1970-12-11,1.0,1.0,1.0,1.0
1970-12-14,1.0,1.0,1.0,1.0
1970-12-15,1.0,1.0,1.0,1.0
1970-12-16,1.0,1.0,1.0,1.0
1970-12-17,1.0,1.0,1.0,1.0
1970-12-18,1.0,1.0,1.0,1.0
1970-12-21,1.0,1.0,1.0,1.0
1970-12-22,1.0,1.0,1.0,1.0
1970-12-23,1.0,1.0,1.0,1.0
1970-12-24,1.0,1.0,1.0,1.0
1970-12-25,1.0,1.0,1.0,1.0
1970-12-28,1.0,1.0,1.0,1.0
1970-12-29,1.0,1.0,1.0,1.0
1970-12-30,1.0,1.0,1.0,1.0
1970-12-31,1.0,1.0,1.0,1.0
1971-01-01,1.0,1.0,1.0,1.0
1971-01-04,1.0,1.0,1.0,1.0
1971-01-05,1.0,1.0,1.0,1.0
1971-01-06,1.0,1.0,1.0,1.0
1971-01-07,1.0,1.0,1.0,1.0
1971-01-08,1.0,1.0,1.0,1.0
1971-01-11,1.0,1.0,1.0,1.0
1971-01-12,1.0,1.0,1.0,1.0
1971-01-13,1.0,1.0,1.0,1.0
1971-01-14,1.0,1.0,1.0,1.0
1971-01-15,1.0,1.0,1.0,1.0
1971-01-18,1.0,1.0,1.0,1.0
1971-01-19,1.0,1.0,1.0,1.0
1971-01-20,1.0,1.0,1.0,1.0
1971-01-21,1.0,1.0,1.0,1.0
1971-01-22,1.0,1.0,1.0,1.0
1971-01-25,1.0,1.0,1.0,1.0
1971-01-26,1.0,1.0,1.0,1.0
1971-01-27,1.0,1.0,1.0,1.0
1971-01-28,1.0,1.0,1.0,1.0
1971-01-29,1.0,1.0,1.0,1.0
1971-02-01,1.0,1.0,1.0,1.0
1971-02-02,1.0,1.0,1.0,1.0
1971-02-03,1.0,1.0,1.0,1.0
1971-02-04,1.0,1.0,1.0,1.0
1971-02-05,1.0,1.0,1.0,1.0
1971-02-08,1.0,1.0,1.0,1.0
1971-02-09,1.0,1.0,1.0,1.0
1971-02-10,1.0,1.0,1.0,1.0
1971-02-11,1.0,1.0,1.0,1.0
1971-02-12,1.0,1.0,1.0,1.0
1971-02-15,1.0,1.0,1.0,1.0
1971-02-16,1.0,1.0,1.0,1.0
1971-02-17,1.0,1.0,1.0,1.0
1971-02-18,1.0,1.0,1.0,1.0
1971-02-19,1.0,1.0,1.0,1.0
1971-02-22,1.0,1.0,1.0,1.0
1971-02-23,1.0,1.0,1.0,1.0
1971-02-24,1.0,1.0,1.0,1.0
1971-02-25,1.0,1.0,1.0,1.0
1971-02-26,1.0,1.0,1.0,1.0
1971-03-01,1.0,1.0,1.0,1.0
1971-03-02,1.0,1.0,1.0,1.0
1971-03-03,1.0,1.0,1.0,1.0
1971-03-04,1.0,1.0,1.0,1.0
1971-03-05,1.0,1.0,1.0,1.0
1971-03-08,1.0,1.0,1.0,1.0
1971-03-09,1.0,1.0,1.0,1.0
1971-03-10,1.0,1.0,1.0,1.0
1971-03-11,1.0,1.0,1.0,1.0
1971-03-12,1.0,1.0,1.0,1.0
1971-03-15,1.0,1.0,1.0,1.0
1971-03-16,1.0,1.0,1.0,1.0
1971-03-17,1.0,1.0,1.0,1.0
1971-03-18,1.0,1.0,1.0,1.0
1971-03-19,1.0,1.0,1.0,1.0
1971-03-22,1.0,1.0,1.0,1.0
1971-03-23,1.0,1.0,1.0,1.0
1971-03-24,1.0,1.0,1.0,1.0
1971-03-25,1.0,1.0,1.0,1.0
1971-03-26,1.0,1.0,1.0,1.0
1971-03-29,1.0,1.0,1.0,1.0
1971-03-30,1.0,1.0,1.0,1.0
1971-03-31,1.0,1.0,1.0,1.0
1971-04-01,1.0,1.0,1.0,1.0
1971-04-02,1.0,1.0,1.0,1.0
1971-04-05,1.0,1.0,1.0,1.0
1971-04-06,1.0,1.0,1.0,1.0
1971-04-07,1.0,1.0,1.0,1.0
1971-04-08,1.0,1.0,1.0,1.0
1971-04-09,1.0,1.0,1.0,1.0
1971-04-12,1.0,1.0,1.0,1.0
1971-04-13,1.0,1.0,1.0,1.0
1971-04-14,1.0,1.0,1.0,1.0
1971-04-15,1.0,1.0,1.0,1.0
1971-04-16,1.0,1.0,1.0,1.0
1971-04-19,1.0,1.0,1.0,1.0
1971-04-20,1.0,1.0,1.0,1.0
1971-04-21,1.0,1.0,1.0,1.0
1971-04-22,1.0,1.0,1.0,1.0
1971-04-23,1.0,1.0,1.0,1.0
1971-04-26,1.0,1.0,1.0,1.0
1971-04-27,1.0,1.0,1.0,1.0
1971-04-28,1.0,1.0,1.0,1.0
1971-04-29,1.0,1.0,1.0,1.0
1971-04-30,1.0,1.0,1.0,1.0
1971-05-03,1.0,1.0,1.0,1.0
1971-05-04,1.0,1.0,1.0,1.0
1971-05-05,1.0,1.0,1.0,1.0
1971-05-06,1.0,1.0,1.0,1.0
1971-05-07,1.0,1.0,1.0,1.0
1971-05-10,1.0,1.0,1.0,1.0
1971-05-11,1.0,1.0,1.0,1.0
1971-05-12,1.0,1.0,1.0,1.0
1971-05-13,1.0,1.0,1.0,1.0
1971-05-14,1.0,1.0,1.0,1.0
1971-05-17,1.0,1.0,1.0,1.0
1971-05-18,1.0,1.0,1.0,1.0
1971-05-19,1.0,1.0,1.0,1.0
1971-05-20,1.0,1.0,1.0,1.0
1971-05-21,1.0,1.0,1.0,1.0
1971-05-24,1.0,1.0,1.0,1.0
1971-05-25,1.0,1.0,1.0,1.0
1971-05-26,1.0,1.0,1.0,1.0
1971-05-27,1.0,1.0,1.0,1.0
1971-05-28,1.0,1.0,1.0,1.0
1971-05-31,1.0,1.0,1.0,1.0
1971-06-01,1.0,1.0,1.0,1.0
1971-06-02,1.0,1.0,1.0,1.0
1971-06-03,1.0,1.0,1.0,1.0
1971-06-04,1.0,1.0,1.0,1.0
1971-06-07,1.0,1.0,1.0,1.0
1971-06-08,1.0,1.0,1.0,1.0
1971-06-09,1.0,1.0,1.0,1.0
1971-06-10,1.0,1.0,1.0,1.0
1971-06-11,1.0,1.0,1.0,1.0
1971-06-14,1.0,1.0,1.0,1.0
1971-06-15,1.0,1.0,1.0,1.0
1971-06-16,1.0,1.0,1.0,1.0
1971-06-17,1.0,1.0,1.0,1.0
1971-06-18,1.0,1.0,1.0,1.0
1971-06-21,1.0,1.0,1.0,1.0
1971-06-22,1.0,1.0,1.0,1.0
1971-06-23,1.0,1.0,1.0,1.0
1971-06-24,1.0,1.0,1.0,1.0
1971-06-25,1.0,1.0,1.0,1.0
1971-06-28,1.0,1.0,1.0,1.0
1971-06-29,1.0,1.0,1.0,1.0
1971-06-30,1.0,1.0,1.0,1.0
1971-07-01,1.0,1.0,1.0,1.0
1971-07-02,1.0,1.0,1.0,1.0
1971-07-05,1.0,1.0,1.0,1.0
1971-07-06,1.0,1.0,1.0,1.0
1971-07-07,1.0,1.0,1.0,1.0
1971-07-08,1.0,1.0,1.0,1.0
1971-07-09,1.0,1.0,1.0,1.0
1971-07-12,1.0,1.0,1.0,1.0
1971-07-13,1.0,1.0,1.0,1.0
1971-07-14,1.0,1.0,1.0,1.0
1971-07-15,1.0,1.0,1.0,1.0
1971-07-16,1.0,1.0,1.0,1.0
1971-07-19,1.0,1.0,1.0,1.0
1971-07-20,1.0,1.0,1.0,1.0
1971-07-21,1.0,1.0,1.0,1.0
1971-07-22,1.0,1.0,1.0,1.0
1971-07-23,1.0,1.0,1.0,1.0
1971-07-26,1.0,1.0,1.0,1.0
1971-07-27,1.0,1.0,1.0,1.0
1971-07-28,1.0,1.0,1.0,1.0
1971-07-29,1.0,1.0,1.0,1.0
1971-07-30,1.0,1.0,1.0,1.0
1971-08-02,1.0,1.0,1.0,1.0
1971-08-03,1.0,1.0,1.0,1.0
1971-08-04,1.0,1.0,1.0,1.0
1971-08-05,1.0,1.0,1.0,1.0
1971-08-06,1.0,1.0,1.0,1.0
1971-08-09,1.0,1.0,1.0,1.0
1971-08-10,1.0,1.0,1.0,1.0
1971-08-11,1.0,1.0,1.0,1.0
1971-08-12,1.0,1.0,1.0,1.0
1971-08-13,1.0,1.0,1.0,1.0
1971-08-16,1.0,1.0,1.0,1.0
1971-08-17,1.0,1.0,1.0,1.0
1971-08-18,1.0,1.0,1.0,1.0
1971-08-19,1.0,1.0,1.0,1.0
1971-08-20,1.0,1.0,1.0,1.0
1971-08-23,1.0,1.0,1.0,1.0
1971-08-24,1.0,1.0,1.0,1.0
1971-08-25,1.0,1.0,1.0,1.0
1971-08-26,1.0,1.0,1.0,1.0
1971-08-27,1.0,1.0,1.0,1.0
1971-08-30,1.0,1.0,1.0,1.0
1971-08-31,1.0,1.0,1.0,1.0
1971-09-01,1.0,1.0,1.0,1.0
1971-09-02,1.0,1.0,1.0,1.0
1971-09-03,1.0,1.0,1.0,1.0
1971-09-06,1.0,1.0,1.0,1.0
1971-09-07,1.0,1.0,1.0,1.0
1971-09-08,1.0,1.0,1.0,1.0
1971-09-09,1.0,1.0,1.0,1.0
1971-09-10,1.0,1.0,1.0,1.0
1971-09-13,1.0,1.0,1.0,1.0
1971-09-14,1.0,1.0,1.0,1.0
1971-09-15,1.0,1.0,1.0,1.0
1971-09-16,1.0,1.0,1.0,1.0
1971-09-17,1.0,1.0,1.0,1.0
1971-09-20,1.0,1.0,1.0,1.0
1971-09-21,1.0,1.0,1.0,1.0
1971-09-22,1.0,1.0,1.0,1.0
1971-09-23,1.0,1.0,1.0,1.0
1971-09-24,1.0,1.0,1.0,1.0
1971-09-27,1.0,1.0,1.0,1.0
1971-09-28,1.0,1.0,1.0,1.0
1971-09-29,1.0,1.0,1.0,1.0
1971-09-30,1.0,1.0,1.0,1.0
1971-10-01,1.0,1.0,1.0,1.0
1971-10-04,1.0,1.0,1.0,1.0
1971-10-05,1.0,1.0,1.0,1.0
1971-10-06,1.0,1.0,1.0,1.0
1971-10-07,1.0,1.0,1.0,1.0
1971-10-08,1.0,1.0,1.0,1.0
1971-10-11,1.0,1.0,1.0,1.0
1971-10-12,1.0,1.0,1.0,1.0
1971-10-13,1.0,1.0,1.0,1.0
1971-10-14,1.0,1.0,1.0,1.0
1971-10-15,1.0,1.0,1.0,1.0
1971-10-18,1.0,1.0,1.0,1.0
1971-10-19,1.0,1.0,1.0,1.0
1971-10-20,1.0,1.0,1.0,1.0
1971-10-21,1.0,1.0,1.0,1.0
1971-10-22,1.0,1.0,1.0,1.0
1971-10-25,1.0,1.0,1.0,1.0
1971-10-26,1.0,1.0,1.0,1.0
1971-10-27,1.0,1.0,1.0,1.0
1971-10-28,1.0,1.0,1.0,1.0
1971-10-29,1.0,1.0,1.0,1.0
1971-11-01,1.0,1.0,1.0,1.0
1971-11-02,1.0,1.0,1.0,1.0
1971-11-03,1.0,1.0,1.0,1.0
1971-11-04,1.0,1.0,1.0,1.0
1971-11-05,1.0,1.0,1.0,1.0
1971-11-08,1.0,1.0,1.0,1.0
1971-11-09,1.0,1.0,1.0,1.0
1971-11-10,1.0,1.0,1.0,1.0
1971-11-11,1.0,1.0,1.0,1.0
1971-11-12,1.0,1.0,1.0,1.0
1971-11-15,1.0,1.0,1.0,1.0
1971-11-16,1.0,1.0,1.0,1.0
1971-11-17,1.0,1.0,1.0,1.0
1971-11-18,1.0,1.0,1.0,1.0
1971-11-19,1.0,1.0,1.0,1.0
1971-11-22,1.0,1.0,1.0,1.0
1971-11-23,1.0,1.0,1.0,1.0
1971-11-24,1.0,1.0,1.0,1.0
1971-11-25,1.0,1.0,1.0,1.0
1971-11-26,1.0,1.0,1.0,1.0
1971-11-29,1.0,1.0,1.0,1.0
1971-11-30,1.0,1.0,1.0,1.0
1971-12-01,1.0,1.0,1.0,1.0
1971-12-02,1.0,1.0,1.0,1.0
1971-12-03,1.0,1.0,1.0,1.0
1971-12-06,1.0,1.0,1.0,1.0
1971-12-07,1.0,1.0,1.0,1.0
1971-12-08,1.0,1.0,1.0,1.0
1971-12-09,1.0,1.0,1.0,1.0
1971-12-10,1.0,1.0,1.0,1.0
1971-12-13,1.0,1.0,1.0,1.0
1971-12-14,1.0,1.0,1.0,1.0
1971-12-15,1.0,1.0,1.0,1.0
1971-12-16,1.0,1.0,1.0,1.0
1971-12-17,1.0,1.0,1.0,1.0
1971-12-20,1.0,1.0,1.0,1.0
1971-12-21,1.0,1.0,1.0,1.0
1971-12-22,1.0,1.0,1.0,1.0
1971-12-23,1.0,1.0,1.0,1.0
1971-12-24,1.0,1.0,1.0,1.0
1971-12-27,1.0,1.0,1.0,1.0
1971-12-28,1.0,1.0,1.0,1.0
1971-12-29,1.0,1.0,1.0,1.0
1971-12-30,1.0,1.0,1.0,1.0
1971-12-31,1.0,1.0,1.0,1.0
1972-01-03,1.0,1.0,1.0,1.0
1972-01-04,1.0,1.0,1.0,1.0
1972-01-05,1.0,1.0,1.0,1.0
1972-01-06,1.0,1.0,1.0,1.0
1972-01-07,1.0,1.0,1.0,1.0
1972-01-10,1.0,1.0,1.0,1.0
1972-01-11,1.0,1.0,1.0,1.0
1972-01-12,1.0,1.0,1.0,1.0
1972-01-13,1.0,1.0,1.0,1.0
1972-01-14,1.0,1.0,1.0,1.0
1972-01-17,1.0,1.0,1.0,1.0
1972-01-18,1.0,1.0,1.0,1.0
1972-01-19,1.0,1.0,1.0,1.0
1972-01-20,1.0,1.0,1.0,1.0
1972-01-21,1.0,1.0,1.0,1.0
1972-01-24,1.0,1.0,1.0,1.0
1972-01-25,1.0,1.0,1.0,1.0
1972-01-26,1.0,1.0,1.0,1.0
1972-01-27,1.0,1.0,1.0,1.0
1972-01-28,1.0,1.0,1.0,1.0
1972-01-31,1.0,1.0,1.0,1.0
1972-02-01,1.0,1.0,1.0,1.0
1972-02-02,1.0,1.0,1.0,1.0
1972-02-03,1.0,1.0,1.0,1.0
1972-02-04,1.0,1.0,1.0,1.0
1972-02-07,1.0,1.0,1.0,1.0
1972-02-08,1.0,1.0,1.0,1.0
1972-02-09,1.0,1.0,1.0,1.0
1972-02-10,1.0,1.0,1.0,1.0
1972-02-11,1.0,1.0,1.0,1.0
1972-02-14,1.0,1.0,1.0,1.0
1972-02-15,1.0,1.0,1.0,1.0
1972-02-16,1.0,1.0,1.0,1.0
1972-02-17,1.0,1.0,1.0,1.0
1972-02-18,1.0,1.0,1.0,1.0
1972-02-21,1.0,1.0,1.0,1.0
1972-02-22,1.0,1.0,1.0,1.0
1972-02-23,1.0,1.0,1.0,1.0
1972-02-24,1.0,1.0,1.0,1.0
1972-02-25,1.0,1.0,1.0,1.0
1972-02-28,1.0,1.0,1.0,1.0
1972-02-29,1.0,1.0,1.0,1.0
1972-03-01,1.0,1.0,1.0,1.0
1972-03-02,1.0,1.0,1.0,1.0
1972-03-03,1.0,1.0,1.0,1.0
1972-03-06,1.0,1.0,1.0,1.0
1972-03-07,1.0,1.0,1.0,1.0
1972-03-08,1.0,1.0,1.0,1.0
1972-03-09,1.0,1.0,1.0,1.0
1972-03-10,1.0,1.0,1.0,1.0
1972-03-13,1.0,1.0,1.0,1.0
1972-03-14,1.0,1.0,1.0,1.0
1972-03-15,1.0,1.0,1.0,1.0
1972-03-16,1.0,1.0,1.0,1.0
1972-03-17,1.0,1.0,1.0,1.0
1972-03-20,1.0,1.0,1.0,1.0
1972-03-21,1.0,1.0,1.0,1.0
1972-03-22,1.0,1.0,1.0,1.0
1972-03-23,1.0,1.0,1.0,1.0
1972-03-24,1.0,1.0,1.0,1.0
1972-03-27,1.0,1.0,1.0,1.0
1972-03-28,1.0,1.0,1.0,1.0
1972-03-29,1.0,1.0,1.0,1.0
1972-03-30,1.0,1.0,1.0,1.0
1972-03-31,1.0,1.0,1.0,1.0
1972-04-03,1.0,1.0,1.0,1.0
1972-04-04,1.0,1.0,1.0,1.0
1972-04-05,1.0,1.0,1.0,1.0
1972-04-06,1.0,1.0,1.0,1.0
1972-04-07,1.0,1.0,1.0,1.0
1972-04-10,1.0,1.0,1.0,1.0
1972-04-11,1.0,1.0,1.0,1.0
1972-04-12,1.0,1.0,1.0,1.0
1972-04-13,1.0,1.0,1.0,1.0
1972-04-14,1.0,1.0,1.0,1.0
1972-04-17,1.0,1.0,1.0,1.0
1972-04-18,1.0,1.0,1.0,1.0
1972-04-19,1.0,1.0,1.0,1.0
1972-04-20,1.0,1.0,1.0,1.0
1972-04-21,1.0,1.0,1.0,1.0
1972-04-24,1.0,1.0,1.0,1.0
1972-04-25,1.0,1.0,1.0,1.0
1972-04-26,1.0,1.0,1.0,1.0
1972-04-27,1.0,1.0,1.0,1.0
1972-04-28,1.0,1.0,1.0,1.0
1972-05-01,1.0,1.0,1.0,1.0
1972-05-02,1.0,1.0,1.0,1.0
1972-05-03,1.0,1.0,1.0,1.0
1972-05-04,1.0,1.0,1.0,1.0
1972-05-05,1.0,1.0,1.0,1.0
1972-05-08,1.0,1.0,1.0,1.0
1972-05-09,1.0,1.0,1.0,1.0
1972-05-10,1.0,1.0,1.0,1.0
1972-05-11,1.0,1.0,1.0,1.0
1972-05-12,1.0,1.0,1.0,1.0
1972-05-15,1.0,1.0,1.0,1.0
1972-05-16,1.0,1.0,1.0,1.0
1972-05-17,1.0,1.0,1.0,1.0
1972-05-18,1.0,1.0,1.0,1.0
1972-05-19,1.0,1.0,1.0,1.0
1972-05-22,1.0,1.0,1.0,1.0
1972-05-23,1.0,1.0,1.0,1.0
1972-05-24,1.0,1.0,1.0,1.0
1972-05-25,1.0,1.0,1.0,1.0
1972-05-26,1.0,1.0,1.0,1.0
1972-05-29,1.0,1.0,1.0,1.0
1972-05-30,1.0,1.0,1.0,1.0
1972-05-31,1.0,1.0,1.0,1.0
1972-06-01,1.0,1.0,1.0,1.0
1972-06-02,1.0,1.0,1.0,1.0
1972-06-05,1.0,1.0,1.0,1.0
1972-06-06,1.0,1.0,1.0,1.0
1972-06-07,1.0,1.0,1.0,1.0
1972-06-08,1.0,1.0,1.0,1.0
1972-06-09,1.0,1.0,1.0,1.0
1972-06-12,1.0,1.0,1.0,1.0
1972-06-13,1.0,1.0,1.0,1.0
1972-06-14,1.0,1.0,1.0,1.0
1972-06-15,1.0,1.0,1.0,1.0
1972-06-16,1.0,1.0,1.0,1.0
1972-06-19,1.0,1.0,1.0,1.0
1972-06-20,1.0,1.0,1.0,1.0
1972-06-21,1.0,1.0,1.0,1.0
1972-06-22,1.0,1.0,1.0,1.0
1972-06-23,1.0,1.0,1.0,1.0
1972-06-26,1.0,1.0,1.0,1.0
1972-06-27,1.0,1.0,1.0,1.0
1972-06-28,1.0,1.0,1.0,1.0
1972-06-29,1.0,1.0,1.0,1.0
1972-06-30,1.0,1.0,1.0,1.0
1972-07-03,1.0,1.0,1.0,1.0
1972-07-04,1.0,1.0,1.0,1.0
1972-07-05,1.0,1.0,1.0,1.0
1972-07-06,1.0,1.0,1.0,1.0
1972-07-07,1.0,1.0,1.0,1.0
1972-07-10,1.0,1.0,1.0,1.0
1972-07-11,1.0,1.0,1.0,1.0
1972-07-12,1.0,1.0,1.0,1.0
1972-07-13,1.0,1.0,1.0,1.0
1972-07-14,1.0,1.0,1.0,1.0
1972-07-17,1.0,1.0,1.0,1.0
1972-07-18,1.0,1.0,1.0,1.0
1972-07-19,1.0,1.0,1.0,1.0
1972-07-20,1.0,1.0,1.0,1.0
1972-07-21,1.0,1.0,1.0,1.0
1972-07-24,1.0,1.0,1.0,1.0
1972-07-25,1.0,1.0,1.0,1.0
1972-07-26,1.0,1.0,1.0,1.0
1972-07-27,1.0,1.0,1.0,1.0
1972-07-28,1.0,1.0,1.0,1.0
1972-07-31,1.0,1.0,1.0,1.0
1972-08-01,1.0,1.0,1.0,1.0
1972-08-02,1.0,1.0,1.0,1.0
1972-08-03,1.0,1.0,1.0,1.0
1972-08-04,1.0,1.0,1.0,1.0
1972-08-07,1.0,1.0,1.0,1.0
1972-08-08,1.0,1.0,1.0,1.0
1972-08-09,1.0,1.0,1.0,1.0
1972-08-10,1.0,1.0,1.0,1.0
1972-08-11,1.0,1.0,1.0,1.0
1972-08-14,1.0,1.0,1.0,1.0
1972-08-15,1.0,1.0,1.0,1.0
1972-08-16,1.0,1.0,1.0,1.0
1972-08-17,1.0,1.0,1.0,1.0
1972-08-18,1.0,1.0,1.0,1.0
1972-08-21,1.0,1.0,1.0,1.0
1972-08-22,1.0,1.0,1.0,1.0
1972-08-23,1.0,1.0,1.0,1.0
1972-08-24,1.0,1.0,1.0,1.0
1972-08-25,1.0,1.0,1.0,1.0
1972-08-28,1.0,1.0,1.0,1.0
1972-08-29,1.0,1.0,1.0,1.0
1972-08-30,1.0,1.0,1.0,1.0
1972-08-31,1.0,1.0,1.0,1.0
1972-09-01,1.0,1.0,1.0,1.0
1972-09-04,1.0,1.0,1.0,1.0
1972-09-05,1.0,1.0,1.0,1.0
1972-09-06,1.0,1.0,1.0,1.0
1972-09-07,1.0,1.0,1.0,1.0
1972-09-08,1.0,1.0,1.0,1.0
1972-09-11,1.0,1.0,1.0,1.0
1972-09-12,1.0,1.0,1.0,1.0
1972-09-13,1.0,1.0,1.0,1.0
1972-09-14,1.0,1.0,1.0,1.0
1972-09-15,1.0,1.0,1.0,1.0
1972-09-18,1.0,1.0,1.0,1.0
1972-09-19,1.0,1.0,1.0,1.0
1972-09-20,1.0,1.0,1.0,1.0
1972-09-21,1.0,1.0,1.0,1.0
1972-09-22,1.0,1.0,1.0,1.0
1972-09-25,1.0,1.0,1.0,1.0
1972-09-26,1.0,1.0,1.0,1.0
1972-09-27,1.0,1.0,1.0,1.0
1972-09-28,1.0,1.0,1.0,1.0
1972-09-29,1.0,1.0,1.0,1.0
1972-10-02,1.0,1.0,1.0,1.0
1972-10-03,1.0,1.0,1.0,1.0
1972-10-04,1.0,1.0,1.0,1.0
1972-10-05,1.0,1.0,1.0,1.0
1972-10-06,1.0,1.0,1.0,1.0
1972-10-09,1.0,1.0,1.0,1.0
1972-10-10,1.0,1.0,1.0,1.0
1972-10-11,1.0,1.0,1.0,1.0
1972-10-12,1.0,1.0,1.0,1.0
1972-10-13,1.0,1.0,1.0,1.0
1972-10-16,1.0,1.0,1.0,1.0
1972-10-17,1.0,1.0,1.0,1.0
1972-10-18,1.0,1.0,1.0,1.0
1972-10-19,1.0,1.0,1.0,1.0
1972-10-20,1.0,1.0,1.0,1.0
1972-10-23,1.0,1.0,1.0,1.0
1972-10-24,1.0,1.0,1.0,1.0
1972-10-25,1.0,1.0,1.0,1.0
1972-10-26,1.0,1.0,1.0,1.0
1972-10-27,1.0,1.0,1.0,1.0
1972-10-30,1.0,1.0,1.0,1.0
1972-10-31,1.0,1.0,1.0,1.0
1972-11-01,1.0,1.0,1.0,1.0
1972-11-02,1.0,1.0,1.0,1.0
1972-11-03,1.0,1.0,1.0,1.0
1972-11-06,1.0,1.0,1.0,1.0
1972-11-07,1.0,1.0,1.0,1.0
1972-11-08,1.0,1.0,1.0,1.0
1972-11-09,1.0,1.0,1.0,1.0
1972-11-10,1.0,1.0,1.0,1.0
1972-11-13,1.0,1.0,1.0,1.0
1972-11-14,1.0,1.0,1.0,1.0
1972-11-15,1.0,1.0,1.0,1.0
1972-11-16,1.0,1.0,1.0,1.0
1972-11-17,1.0,1.0,1.0,1.0
1972-11-20,1.0,1.0,1.0,1.0
1972-11-21,1.0,1.0,1.0,1.0
1972-11-22,1.0,1.0,1.0,1.0
1972-11-23,1.0,1.0,1.0,1.0
1972-11-24,1.0,1.0,1.0,1.0
1972-11-27,1.0,1.0,1.0,1.0
1972-11-28,1.0,1.0,1.0,1.0
1972-11-29,1.0,1.0,1.0,1.0
1972-11-30,1.0,1.0,1.0,1.0
1972-12-01,1.0,1.0,1.0,1.0
1972-12-04,1.0,1.0,1.0,1.0
1972-12-05,1.0,1.0,1.0,1.0
1972-12-06,1.0,1.0,1.0,1.0
1972-12-07,1.0,1.0,1.0,1.0
1972-12-08,1.0,1.0,1.0,1.0
1972-12-11,1.0,1.0,1.0,1.0
1972-12-12,1.0,1.0,1.0,1.0
1972-12-13,1.0,1.0,1.0,1.0
1972-12-14,1.0,1.0,1.0,1.0
1972-12-15,1.0,1.0,1.0,1.0
1972-12-18,1.0,1.0,1.0,1.0
1972-12-19,1.0,1.0,1.0,1.0
1972-12-20,1.0,1.0,1.0,1.0
1972-12-21,1.0,1.0,1.0,1.0
1972-12-22,1.0,1.0,1.0,1.0
1972-12-25,1.0,1.0,1.0,1.0
1972-12-26,1.0,1.0,1.0,1.0
1972-12-27,1.0,1.0,1.0,1.0
1972-12-28,1.0,1.0,1.0,1.0
1972-12-29,1.0,1.0,1.0,1.0
1973-01-01,1.0,1.0,1.0,1.0
1973-01-02,1.0,1.0,1.0,1.0
1973-01-03,1.0,1.0,1.0,1.0
1973-01-04,1.0,1.0,1.0,1.0
1973-01-05,1.0,1.0,1.0,1.0
1973-01-08,1.0,1.0,1.0,1.0
1973-01-09,1.0,1.0,1.0,1.0
1973-01-10,1.0,1.0,1.0,1.0
1973-01-11,1.0,1.0,1.0,1.0
1973-01-12,1.0,1.0,1.0,1.0
1973-01-15,1.0,1.0,1.0,1.0
1973-01-16,1.0,1.0,1.0,1.0
1973-01-17,1.0,1.0,1.0,1.0
1973-01-18,1.0,1.0,1.0,1.0
1973-01-19,1.0,1.0,1.0,1.0
1973-01-22,1.0,1.0,1.0,1.0
1973-01-23,1.0,1.0,1.0,1.0
1973-01-24,1.0,1.0,1.0,1.0
1973-01-25,1.0,1.0,1.0,1.0
1973-01-26,1.0,1.0,1.0,1.0
1973-01-29,1.0,1.0,1.0,1.0
1973-01-30,1.0,1.0,1.0,1.0
1973-01-31,1.0,1.0,1.0,1.0
1973-02-01,1.0,1.0,1.0,1.0
1973-02-02,1.0,1.0,1.0,1.0
1973-02-05,1.0,1.0,1.0,1.0
1973-02-06,1.0,1.0,1.0,1.0
1973-02-07,1.0,1.0,1.0,1.0
1973-02-08,1.0,1.0,1.0,1.0
1973-02-09,1.0,1.0,1.0,1.0
1973-02-12,1.0,1.0,1.0,1.0
1973-02-13,1.0,1.0,1.0,1.0
1973-02-14,1.0,1.0,1.0,1.0
1973-02-15,1.0,1.0,1.0,1.0
1973-02-16,1.0,1.0,1.0,1.0
1973-02-19,1.0,1.0,1.0,1.0
1973-02-20,1.0,1.0,1.0,1.0
1973-02-21,1.0,1.0,1.0,1.0
1973-02-22,1.0,1.0,1.0,1.0
1973-02-23,1.0,1.0,1.0,1.0
1973-02-26,1.0,1.0,1.0,1.0
1973-02-27,1.0,1.0,1.0,1.0
1973-02-28,1.0,1.0,1.0,1.0
1973-03-01,1.0,1.0,1.0,1.0
1973-03-02,1.0,1.0,1.0,1.0
1973-03-05,1.0,1.0,1.0,1.0
1973-03-06,1.0,1.0,1.0,1.0
1973-03-07,1.0,1.0,1.0,1.0
1973-03-08,1.0,1.0,1.0,1.0
1973-03-09,1.0,1.0,1.0,1.0
1973-03-12,1.0,1.0,1.0,1.0
1973-03-13,1.0,1.0,1.0,1.0
1973-03-14,1.0,1.0,1.0,1.0
1973-03-15,1.0,1.0,1.0,1.0
1973-03-16,1.0,1.0,1.0,1.0
1973-03-19,1.0,1.0,1.0,1.0
1973-03-20,1.0,1.0,1.0,1.0
1973-03-21,1.0,1.0,1.0,1.0
1973-03-22,1.0,1.0,1.0,1.0
1973-03-23,1.0,1.0,1.0,1.0
1973-03-26,1.0,1.0,1.0,1.0
1973-03-27,1.0,1.0,1.0,1.0
1973-03-28,1.0,1.0,1.0,1.0
1973-03-29,1.0,1.0,1.0,1.0
1973-03-30,1.0,1.0,1.0,1.0
1973-04-02,1.0,1.0,1.0,1.0
1973-04-03,1.0,1.0,1.0,1.0
1973-04-04,1.0,1.0,1.0,1.0
1973-04-05,1.0,1.0,1.0,1.0
1973-04-06,1.0,1.0,1.0,1.0
1973-04-09,1.0,1.0,1.0,1.0
1973-04-10,1.0,1.0,1.0,1.0
1973-04-11,1.0,1.0,1.0,1.0
1973-04-12,1.0,1.0,1.0,1.0
1973-04-13,1.0,1.0,1.0,1.0
1973-04-16,1.0,1.0,1.0,1.0
1973-04-17,1.0,1.0,1.0,1.0
1973-04-18,1.0,1.0,1.0,1.0
1973-04-19,1.0,1.0,1.0,1.0
1973-04-20,1.0,1.0,1.0,1.0
1973-04-23,1.0,1.0,1.0,1.0
1973-04-24,1.0,1.0,1.0,1.0
1973-04-25,1.0,1.0,1.0,1.0
1973-04-26,1.0,1.0,1.0,1.0
1973-04-27,1.0,1.0,1.0,1.0
1973-04-30,1.0,1.0,1.0,1.0
1973-05-01,1.0,1.0,1.0,1.0
1973-05-02,1.0,1.0,1.0,1.0
1973-05-03,1.0,1.0,1.0,1.0
1973-05-04,1.0,1.0,1.0,1.0
1973-05-07,1.0,1.0,1.0,1.0
1973-05-08,1.0,1.0,1.0,1.0
1973-05-09,1.0,1.0,1.0,1.0
1973-05-10,1.0,1.0,1.0,1.0
1973-05-11,1.0,1.0,1.0,1.0
1973-05-14,1.0,1.0,1.0,1.0
1973-05-15,1.0,1.0,1.0,1.0
1973-05-16,1.0,1.0,1.0,1.0
1973-05-17,1.0,1.0,1.0,1.0
1973-05-18,1.0,1.0,1.0,1.0
1973-05-21,1.0,1.0,1.0,1.0
1973-05-22,1.0,1.0,1.0,1.0
1973-05-23,1.0,1.0,1.0,1.0
1973-05-24,1.0,1.0,1.0,1.0
1973-05-25,1.0,1.0,1.0,1.0
1973-05-28,1.0,1.0,1.0,1.0
1973-05-29,1.0,1.0,1.0,1.0
1973-05-30,1.0,1.0,1.0,1.0
1973-05-31,1.0,1.0,1.0,1.0
1973-06-01,1.0,1.0,1.0,1.0
1973-06-04,1.0,1.0,1.0,1.0
1973-06-05,1.0,1.0,1.0,1.0
1973-06-06,1.0,1.0,1.0,1.0
1973-06-07,1.0,1.0,1.0,1.0
1973-06-08,1.0,1.0,1.0,1.0
1973-06-11,1.0,1.0,1.0,1.0
1973-06-12,1.0,1.0,1.0,1.0
1973-06-13,1.0,1.0,1.0,1.0
1973-06-14,1.0,1.0,1.0,1.0
1973-06-15,1.0,1.0,1.0,1.0
1973-06-18,1.0,1.0,1.0,1.0
1973-06-19,1.0,1.0,1.0,1.0
1973-06-20,1.0,1.0,1.0,1.0
1973-06-21,1.0,1.0,1.0,1.0
1973-06-22,1.0,1.0,1.0,1.0
1973-06-25,1.0,1.0,1.0,1.0
1973-06-26,1.0,1.0,1.0,1.0
1973-06-27,1.0,1.0,1.0,1.0
1973-06-28,1.0,1.0,1.0,1.0
1973-06-29,1.0,1.0,1.0,1.0
1973-07-02,1.0,1.0,1.0,1.0
1973-07-03,1.0,1.0,1.0,1.0
1973-07-04,1.0,1.0,1.0,1.0
1973-07-05,1.0,1.0,1.0,1.0
1973-07-06,1.0,1.0,1.0,1.0
1973-07-09,1.0,1.0,1.0,1.0
1973-07-10,1.0,1.0,1.0,1.0
1973-07-11,1.0,1.0,1.0,1.0
1973-07-12,1.0,1.0,1.0,1.0
1973-07-13,1.0,1.0,1.0,1.0
1973-07-16,1.0,1.0,1.0,1.0
1973-07-17,1.0,1.0,1.0,1.0
1973-07-18,1.0,1.0,1.0,1.0
1973-07-19,1.0,1.0,1.0,1.0
1973-07-20,1.0,1.0,1.0,1.0
1973-07-23,1.0,1.0,1.0,1.0
1973-07-24,1.0,1.0,1.0,1.0
1973-07-25,1.0,1.0,1.0,1.0
1973-07-26,1.0,1.0,1.0,1.0
1973-07-27,1.0,1.0,1.0,1.0
1973-07-30,1.0,1.0,1.0,1.0
1973-07-31,1.0,1.0,1.0,1.0
1973-08-01,1.0,1.0,1.0,1.0
1973-08-02,1.0,1.0,1.0,1.0
1973-08-03,1.0,1.0,1.0,1.0
1973-08-06,1.0,1.0,1.0,1.0
1973-08-07,1.0,1.0,1.0,1.0
1973-08-08,1.0,1.0,1.0,1.0
1973-08-09,1.0,1.0,1.0,1.0
1973-08-10,1.0,1.0,1.0,1.0
1973-08-13,1.0,1.0,1.0,1.0
1973-08-14,1.0,1.0,1.0,1.0
1973-08-15,1.0,1.0,1.0,1.0
1973-08-16,1.0,1.0,1.0,1.0
1973-08-17,1.0,1.0,1.0,1.0
1973-08-20,1.0,1.0,1.0,1.0
1973-08-21,1.0,1.0,1.0,1.0
1973-08-22,1.0,1.0,1.0,1.0
1973-08-23,1.0,1.0,1.0,1.0
1973-08-24,1.0,1.0,1.0,1.0
1973-08-27,1.0,1.0,1.0,1.0
1973-08-28,1.0,1.0,1.0,1.0
1973-08-29,1.0,1.0,1.0,1.0
1973-08-30,1.0,1.0,1.0,1.0
1973-08-31,1.0,1.0,1.0,1.0
1973-09-03,1.0,1.0,1.0,1.0
1973-09-04,1.0,1.0,1.0,1.0
1973-09-05,1.0,1.0,1.0,1.0
1973-09-06,1.0,1.0,1.0,1.0
1973-09-07,1.0,1.0,1.0,1.0
1973-09-10,1.0,1.0,1.0,1.0
1973-09-11,1.0,1.0,1.0,1.0
1973-09-12,1.0,1.0,1.0,1.0
1973-09-13,1.0,1.0,1.0,1.0
1973-09-14,1.0,1.0,1.0,1.0
1973-09-17,1.0,1.0,1.0,1.0
1973-09-18,1.0,1.0,1.0,1.0
1973-09-19,1.0,1.0,1.0,1.0
1973-09-20,1.0,1.0,1.0,1.0
1973-09-21,1.0,1.0,1.0,1.0
1973-09-24,1.0,1.0,1.0,1.0
1973-09-25,1.0,1.0,1.0,1.0
1973-09-26,1.0,1.0,1.0,1.0
1973-09-27,1.0,1.0,1.0,1.0
1973-09-28,1.0,1.0,1.0,1.0
1973-10-01,1.0,1.0,1.0,1.0
1973-10-02,1.0,1.0,1.0,1.0
1973-10-03,1.0,1.0,1.0,1.0
1973-10-04,1.0,1.0,1.0,1.0
1973-10-05,1.0,1.0,1.0,1.0
1973-10-08,1.0,1.0,1.0,1.0
1973-10-09,1.0,1.0,1.0,1.0
1973-10-10,1.0,1.0,1.0,1.0
1973-10-11,1.0,1.0,1.0,1.0
1973-10-12,1.0,1.0,1.0,1.0
1973-10-15,1.0,1.0,1.0,1.0
1973-10-16,1.0,1.0,1.0,1.0
1973-10-17,1.0,1.0,1.0,1.0
1973-10-18,1.0,1.0,1.0,1.0
1973-10-19,1.0,1.0,1.0,1.0
1973-10-22,1.0,1.0,1.0,1.0
1973-10-23,1.0,1.0,1.0,1.0
1973-10-24,1.0,1.0,1.0,1.0
1973-10-25,1.0,1.0,1.0,1.0
1973-10-26,1.0,1.0,1.0,1.0
1973-10-29,1.0,1.0,1.0,1.0
1973-10-30,1.0,1.0,1.0,1.0
1973-10-31,1.0,1.0,1.0,1.0
1973-11-01,1.0,1.0,1.0,1.0
1973-11-02,1.0,1.0,1.0,1.0
1973-11-05,1.0,1.0,1.0,1.0
1973-11-06,1.0,1.0,1.0,1.0
1973-11-07,1.0,1.0,1.0,1.0
1973-11-08,1.0,1.0,1.0,1.0
1973-11-09,1.0,1.0,1.0,1.0
1973-11-12,1.0,1.0,1.0,1.0
1973-11-13,1.0,1.0,1.0,1.0
1973-11-14,1.0,1.0,1.0,1.0
1973-11-15,1.0,1.0,1.0,1.0
1973-11-16,1.0,1.0,1.0,1.0
1973-11-19,1.0,1.0,1.0,1.0
1973-11-20,1.0,1.0,1.0,1.0
1973-11-21,1.0,1.0,1.0,1.0
1973-11-22,1.0,1.0,1.0,1.0
1973-11-23,1.0,1.0,1.0,1.0
1973-11-26,1.0,1.0,1.0,1.0
1973-11-27,1.0,1.0,1.0,1.0
1973-11-28,1.0,1.0,1.0,1.0
1973-11-29,1.0,1.0,1.0,1.0
1973-11-30,1.0,1.0,1.0,1.0
1973-12-03,1.0,1.0,1.0,1.0
1973-12-04,1.0,1.0,1.0,1.0
1973-12-05,1.0,1.0,1.0,1.0
1973-12-06,1.0,1.0,1.0,1.0
1973-12-07,1.0,1.0,1.0,1.0
1973-12-10,1.0,1.0,1.0,1.0
1973-12-11,1.0,1.0,1.0,1.0
1973-12-12,1.0,1.0,1.0,1.0
1973-12-13,1.0,1.0,1.0,1.0
1973-12-14,1.0,1.0,1.0,1.0
1973-12-17,1.0,1.0,1.0,1.0
1973-12-18,1.0,1.0,1.0,1.0
1973-12-19,1.0,1.0,1.0,1.0
1973-12-20,1.0,1.0,1.0,1.0
1973-12-21,1.0,1.0,1.0,1.0
1973-12-24,1.0,1.0,1.0,1.0
1973-12-25,1.0,1.0,1.0,1.0
1973-12-26,1.0,1.0,1.0,1.0
1973-12-27,1.0,1.0,1.0,1.0
1973-12-28,1.0,1.0,1.0,1.0
1973-12-31,1.0,1.0,1.0,1.0
1974-01-01,1.0,1.0,1.0,1.0
1974-01-02,1.0,1.0,1.0,1.0
1974-01-03,1.0,1.0,1.0,1.0
1974-01-04,1.0,1.0,1.0,1.0
1974-01-07,1.0,1.0,1.0,1.0
1974-01-08,1.0,1.0,1.0,1.0
1974-01-09,1.0,1.0,1.0,1.0
1974-01-10,1.0,1.0,1.0,1.0
1974-01-11,1.0,1.0,1.0,1.0
1974-01-14,1.0,1.0,1.0,1.0
1974-01-15,1.0,1.0,1.0,1.0
1974-01-16,1.0,1.0,1.0,1.0
1974-01-17,1.0,1.0,1.0,1.0
1974-01-18,1.0,1.0,1.0,1.0
1974-01-21,1.0,1.0,1.0,1.0
1974-01-22,1.0,1.0,1.0,1.0
1974-01-23,1.0,1.0,1.0,1.0
1974-01-24,1.0,1.0,1.0,1.0
1974-01-25,1.0,1.0,1.0,1.0
1974-01-28,1.0,1.0,1.0,1.0
1974-01-29,1.0,1.0,1.0,1.0
1974-01-30,1.0,1.0,1.0,1.0
1974-01-31,1.0,1.0,1.0,1.0
1974-02-01,1.0,1.0,1.0,1.0
1974-02-04,1.0,1.0,1.0,1.0
1974-02-05,1.0,1.0,1.0,1.0
1974-02-06,1.0,1.0,1.0,1.0
1974-02-07,1.0,1.0,1.0,1.0
1974-02-08,1.0,1.0,1.0,1.0
1974-02-11,1.0,1.0,1.0,1.0
1974-02-12,1.0,1.0,1.0,1.0
1974-02-13,1.0,1.0,1.0,1.0
1974-02-14,1.0,1.0,1.0,1.0
1974-02-15,1.0,1.0,1.0,1.0
1974-02-18,1.0,1.0,1.0,1.0
1974-02-19,1.0,1.0,1.0,1.0
1974-02-20,1.0,1.0,1.0,1.0
1974-02-21,1.0,1.0,1.0,1.0
1974-02-22,1.0,1.0,1.0,1.0
1974-02-25,1.0,1.0,1.0,1.0
1974-02-26,1.0,1.0,1.0,1.0
1974-02-27,1.0,1.0,1.0,1.0
1974-02-28,1.0,1.0,1.0,1.0
1974-03-01,1.0,1.0,1.0,1.0
1974-03-04,1.0,1.0,1.0,1.0
1974-03-05,1.0,1.0,1.0,1.0
1974-03-06,1.0,1.0,1.0,1.0
1974-03-07,1.0,1.0,1.0,1.0
1974-03-08,1.0,1.0,1.0,1.0
1974-03-11,1.0,1.0,1.0,1.0
1974-03-12,1.0,1.0,1.0,1.0
1974-03-13,1.0,1.0,1.0,1.0
1974-03-14,1.0,1.0,1.0,1.0
1974-03-15,1.0,1.0,1.0,1.0
1974-03-18,1.0,1.0,1.0,1.0
1974-03-19,1.0,1.0,1.0,1.0
1974-03-20,1.0,1.0,1.0,1.0
1974-03-21,1.0,1.0,1.0,1.0
1974-03-22,1.0,1.0,1.0,1.0
1974-03-25,1.0,1.0,1.0,1.0
1974-03-26,1.0,1.0,1.0,1.0
1974-03-27,1.0,1.0,1.0,1.0
1974-03-28,1.0,1.0,1.0,1.0
1974-03-29,1.0,1.0,1.0,1.0
1974-04-01,1.0,1.0,1.0,1.0
1974-04-02,1.0,1.0,1.0,1.0
1974-04-03,1.0,1.0,1.0,1.0
1974-04-04,1.0,1.0,1.0,1.0
1974-04-05,1.0,1.0,1.0,1.0
1974-04-08,1.0,1.0,1.0,1.0
1974-04-09,1.0,1.0,1.0,1.0
1974-04-10,1.0,1.0,1.0,1.0
1974-04-11,1.0,1.0,1.0,1.0
1974-04-12,1.0,1.0,1.0,1.0
1974-04-15,1.0,1.0,1.0,1.0
1974-04-16,1.0,1.0,1.0,1.0
1974-04-17,1.0,1.0,1.0,1.0
1974-04-18,1.0,1.0,1.0,1.0
1974-04-19,1.0,1.0,1.0,1.0
1974-04-22,1.0,1.0,1.0,1.0
1974-04-23,1.0,1.0,1.0,1.0
1974-04-24,1.0,1.0,1.0,1.0
1974-04-25,1.0,1.0,1.0,1.0
1974-04-26,1.0,1.0,1.0,1.0
1974-04-29,1.0,1.0,1.0,1.0
1974-04-30,1.0,1.0,1.0,1.0
1974-05-01,1.0,1.0,1.0,1.0
1974-05-02,1.0,1.0,1.0,1.0
1974-05-03,1.0,1.0,1.0,1.0
1974-05-06,1.0,1.0,1.0,1.0
1974-05-07,1.0,1.0,1.0,1.0
1974-05-08,1.0,1.0,1.0,1.0
1974-05-09,1.0,1.0,1.0,1.0
1974-05-10,1.0,1.0,1.0,1.0
1974-05-13,1.0,1.0,1.0,1.0
1974-05-14,1.0,1.0,1.0,1.0
1974-05-15,1.0,1.0,1.0,1.0
1974-05-16,1.0,1.0,1.0,1.0
1974-05-17,1.0,1.0,1.0,1.0
1974-05-20,1.0,1.0,1.0,1.0
1974-05-21,1.0,1.0,1.0,1.0
1974-05-22,1.0,1.0,1.0,1.0
1974-05-23,1.0,1.0,1.0,1.0
1974-05-24,1.0,1.0,1.0,1.0
1974-05-27,1.0,1.0,1.0,1.0
1974-05-28,1.0,1.0,1.0,1.0
1974-05-29,1.0,1.0,1.0,1.0
1974-05-30,1.0,1.0,1.0,1.0
1974-05-31,1.0,1.0,1.0,1.0
1974-06-03,1.0,1.0,1.0,1.0
1974-06-04,1.0,1.0,1.0,1.0
1974-06-05,1.0,1.0,1.0,1.0
1974-06-06,1.0,1.0,1.0,1.0
1974-06-07,1.0,1.0,1.0,1.0
1974-06-10,1.0,1.0,1.0,1.0
1974-06-11,1.0,1.0,1.0,1.0
1974-06-12,1.0,1.0,1.0,1.0
1974-06-13,1.0,1.0,1.0,1.0
1974-06-14,1.0,1.0,1.0,1.0
1974-06-17,1.0,1.0,1.0,1.0
1974-06-18,1.0,1.0,1.0,1.0
1974-06-19,1.0,1.0,1.0,1.0
1974-06-20,1.0,1.0,1.0,1.0
1974-06-21,1.0,1.0,1.0,1.0
1974-06-24,1.0,1.0,1.0,1.0
1974-06-25,1.0,1.0,1.0,1.0
1974-06-26,1.0,1.0,1.0,1.0
1974-06-27,1.0,1.0,1.0,1.0
1974-06-28,1.0,1.0,1.0,1.0
1974-07-01,1.0,1.0,1.0,1.0
1974-07-02,1.0,1.0,1.0,1.0
1974-07-03,1.0,1.0,1.0,1.0
1974-07-04,1.0,1.0,1.0,1.0
1974-07-05,1.0,1.0,1.0,1.0
1974-07-08,1.0,1.0,1.0,1.0
1974-07-09,1.0,1.0,1.0,1.0
1974-07-10,1.0,1.0,1.0,1.0
1974-07-11,1.0,1.0,1.0,1.0
1974-07-12,1.0,1.0,1.0,1.0
1974-07-15,1.0,1.0,1.0,1.0
1974-07-16,1.0,1.0,1.0,1.0
1974-07-17,1.0,1.0,1.0,1.0
1974-07-18,1.0,1.0,1.0,1.0
1974-07-19,1.0,1.0,1.0,1.0
1974-07-22,1.0,1.0,1.0,1.0
1974-07-23,1.0,1.0,1.0,1.0
1974-07-24,1.0,1.0,1.0,1.0
1974-07-25,1.0,1.0,1.0,1.0
1974-07-26,1.0,1.0,1.0,1.0
1974-07-29,1.0,1.0,1.0,1.0
1974-07-30,1.0,1.0,1.0,1.0
1974-07-31,1.0,1.0,1.0,1.0
1974-08-01,1.0,1.0,1.0,1.0
1974-08-02,1.0,1.0,1.0,1.0
1974-08-05,1.0,1.0,1.0,1.0
1974-08-06,1.0,1.0,1.0,1.0
1974-08-07,1.0,1.0,1.0,1.0
1974-08-08,1.0,1.0,1.0,1.0
1974-08-09,1.0,1.0,1.0,1.0
1974-08-12,1.0,1.0,1.0,1.0
1974-08-13,1.0,1.0,1.0,1.0
1974-08-14,1.0,1.0,1.0,1.0
1974-08-15,1.0,1.0,1.0,1.0
1974-08-16,1.0,1.0,1.0,1.0
1974-08-19,1.0,1.0,1.0,1.0
1974-08-20,1.0,1.0,1.0,1.0
1974-08-21,1.0,1.0,1.0,1.0
1974-08-22,1.0,1.0,1.0,1.0
1974-08-23,1.0,1.0,1.0,1.0
1974-08-26,1.0,1.0,1.0,1.0
1974-08-27,1.0,1.0,1.0,1.0
1974-08-28,1.0,1.0,1.0,1.0
1974-08-29,1.0,1.0,1.0,1.0
1974-08-30,1.0,1.0,1.0,1.0
1974-09-02,1.0,1.0,1.0,1.0
1974-09-03,1.0,1.0,1.0,1.0
1974-09-04,1.0,1.0,1.0,1.0
1974-09-05,1.0,1.0,1.0,1.0
1974-09-06,1.0,1.0,1.0,1.0
1974-09-09,1.0,1.0,1.0,1.0
1974-09-10,1.0,1.0,1.0,1.0
1974-09-11,1.0,1.0,1.0,1.0
1974-09-12,1.0,1.0,1.0,1.0
1974-09-13,1.0,1.0,1.0,1.0
1974-09-16,1.0,1.0,1.0,1.0
1974-09-17,1.0,1.0,1.0,1.0
1974-09-18,1.0,1.0,1.0,1.0
1974-09-19,1.0,1.0,1.0,1.0
1974-09-20,1.0,1.0,1.0,1.0
1974-09-23,1.0,1.0,1.0,1.0
1974-09-24,1.0,1.0,1.0,1.0
1974-09-25,1.0,1.0,1.0,1.0
1974-09-26,1.0,1.0,1.0,1.0
1974-09-27,1.0,1.0,1.0,1.0
1974-09-30,1.0,1.0,1.0,1.0
1974-10-01,1.0,1.0,1.0,1.0
1974-10-02,1.0,1.0,1.0,1.0
1974-10-03,1.0,1.0,1.0,1.0
1974-10-04,1.0,1.0,1.0,1.0
1974-10-07,1.0,1.0,1.0,1.0
1974-10-08,1.0,1.0,1.0,1.0
1974-10-09,1.0,1.0,1.0,1.0
1974-10-10,1.0,1.0,1.0,1.0
1974-10-11,1.0,1.0,1.0,1.0
1974-10-14,1.0,1.0,1.0,1.0
1974-10-15,1.0,1.0,1.0,1.0
1974-10-16,1.0,1.0,1.0,1.0
1974-10-17,1.0,1.0,1.0,1.0
1974-10-18,1.0,1.0,1.0,1.0
1974-10-21,1.0,1.0,1.0,1.0
1974-10-22,1.0,1.0,1.0,1.0
1974-10-23,1.0,1.0,1.0,1.0
1974-10-24,1.0,1.0,1.0,1.0
1974-10-25,1.0,1.0,1.0,1.0
1974-10-28,1.0,1.0,1.0,1.0
1974-10-29,1.0,1.0,1.0,1.0
1974-10-30,1.0,1.0,1.0,1.0
1974-10-31,1.0,1.0,1.0,1.0
1974-11-01,1.0,1.0,1.0,1.0
1974-11-04,1.0,1.0,1.0,1.0
1974-11-05,1.0,1.0,1.0,1.0
1974-11-06,1.0,1.0,1.0,1.0
1974-11-07,1.0,1.0,1.0,1.0
1974-11-08,1.0,1.0,1.0,1.0
1974-11-11,1.0,1.0,1.0,1.0
1974-11-12,1.0,1.0,1.0,1.0
1974-11-13,1.0,1.0,1.0,1.0
1974-11-14,1.0,1.0,1.0,1.0
1974-11-15,1.0,1.0,1.0,1.0
1974-11-18,1.0,1.0,1.0,1.0
1974-11-19,1.0,1.0,1.0,1.0
1974-11-20,1.0,1.0,1.0,1.0
1974-11-21,1.0,1.0,1.0,1.0
1974-11-22,1.0,1.0,1.0,1.0
1974-11-25,1.0,1.0,1.0,1.0
1974-11-26,1.0,1.0,1.0,1.0
1974-11-27,1.0,1.0,1.0,1.0
1974-11-28,1.0,1.0,1.0,1.0
1974-11-29,1.0,1.0,1.0,1.0
1974-12-02,1.0,1.0,1.0,1.0
1974-12-03,1.0,1.0,1.0,1.0
1974-12-04,1.0,1.0,1.0,1.0
1974-12-05,1.0,1.0,1.0,1.0
1974-12-06,1.0,1.0,1.0,1.0
1974-12-09,1.0,1.0,1.0,1.0
1974-12-10,1.0,1.0,1.0,1.0
1974-12-11,1.0,1.0,1.0,1.0
1974-12-12,1.0,1.0,1.0,1.0
1974-12-13,1.0,1.0,1.0,1.0
1974-12-16,1.0,1.0,1.0,1.0
1974-12-17,1.0,1.0,1.0,1.0
1974-12-18,1.0,1.0,1.0,1.0
1974-12-19,1.0,1.0,1.0,1.0
1974-12-20,1.0,1.0,1.0,1.0
1974-12-23,1.0,1.0,1.0,1.0
1974-12-24,1.0,1.0,1.0,1.0
1974-12-25,1.0,1.0,1.0,1.0
1974-12-26,1.0,1.0,1.0,1.0
1974-12-27,1.0,1.0,1.0,1.0
1974-12-30,1.0,1.0,1.0,1.0
1974-12-31,1.0,1.0,1.0,1.0
1975-01-01,1.0,1.0,1.0,1.0
1975-01-02,1.0,1.0,1.0,1.0
1975-01-03,1.0,1.0,1.0,1.0
1975-01-06,1.0,1.0,1.0,1.0
1975-01-07,1.0,1.0,1.0,1.0
1975-01-08,1.0,1.0,1.0,1.0
1975-01-09,1.0,1.0,1.0,1.0
1975-01-10,1.0,1.0,1.0,1.0
1975-01-13,1.0,1.0,1.0,1.0
1975-01-14,1.0,1.0,1.0,1.0
1975-01-15,1.0,1.0,1.0,1.0
1975-01-16,1.0,1.0,1.0,1.0
1975-01-17,1.0,1.0,1.0,1.0
1975-01-20,1.0,1.0,1.0,1.0
1975-01-21,1.0,1.0,1.0,1.0
1975-01-22,1.0,1.0,1.0,1.0
1975-01-23,1.0,1.0,1.0,1.0
1975-01-24,1.0,1.0,1.0,1.0
1975-01-27,1.0,1.0,1.0,1.0
1975-01-28,1.0,1.0,1.0,1.0
1975-01-29,1.0,1.0,1.0,1.0
1975-01-30,1.0,1.0,1.0,1.0
1975-01-31,1.0,1.0,1.0,1.0
1975-02-03,1.0,1.0,1.0,1.0
1975-02-04,1.0,1.0,1.0,1.0
1975-02-05,1.0,1.0,1.0,1.0
1975-02-06,1.0,1.0,1.0,1.0
1975-02-07,1.0,1.0,1.0,1.0
1975-02-10,1.0,1.0,1.0,1.0
1975-02-11,1.0,1.0,1.0,1.0
1975-02-12,1.0,1.0,1.0,1.0
1975-02-13,1.0,1.0,1.0,1.0
1975-02-14,1.0,1.0,1.0,1.0
1975-02-17,1.0,1.0,1.0,1.0
1975-02-18,1.0,1.0,1.0,1.0
1975-02-19,1.0,1.0,1.0,1.0
1975-02-20,1.0,1.0,1.0,1.0
1975-02-21,1.0,1.0,1.0,1.0
1975-02-24,1.0,1.0,1.0,1.0
1975-02-25,1.0,1.0,1.0,1.0
1975-02-26,1.0,1.0,1.0,1.0
1975-02-27,1.0,1.0,1.0,1.0
1975-02-28,1.0,1.0,1.0,1.0
1975-03-03,1.0,1.0,1.0,1.0
1975-03-04,1.0,1.0,1.0,1.0
1975-03-05,1.0,1.0,1.0,1.0
1975-03-06,1.0,1.0,1.0,1.0
1975-03-07,1.0,1.0,1.0,1.0
1975-03-10,1.0,1.0,1.0,1.0
1975-03-11,1.0,1.0,1.0,1.0
1975-03-12,1.0,1.0,1.0,1.0
1975-03-13,1.0,1.0,1.0,1.0
1975-03-14,1.0,1.0,1.0,1.0
1975-03-17,1.0,1.0,1.0,1.0
1975-03-18,1.0,1.0,1.0,1.0
1975-03-19,1.0,1.0,1.0,1.0
1975-03-20,1.0,1.0,1.0,1.0
1975-03-21,1.0,1.0,1.0,1.0
1975-03-24,1.0,1.0,1.0,1.0
1975-03-25,1.0,1.0,1.0,1.0
1975-03-26,1.0,1.0,1.0,1.0
1975-03-27,1.0,1.0,1.0,1.0
1975-03-28,1.0,1.0,1.0,1.0
1975-03-31,1.0,1.0,1.0,1.0
1975-04-01,1.0,1.0,1.0,1.0
1975-04-02,1.0,1.0,1.0,1.0
1975-04-03,1.0,1.0,1.0,1.0
1975-04-04,1.0,1.0,1.0,1.0
1975-04-07,1.0,1.0,1.0,1.0
1975-04-08,1.0,1.0,1.0,1.0
1975-04-09,1.0,1.0,1.0,1.0
1975-04-10,1.0,1.0,1.0,1.0
1975-04-11,1.0,1.0,1.0,1.0
1975-04-14,1.0,1.0,1.0,1.0
1975-04-15,1.0,1.0,1.0,1.0
1975-04-16,1.0,1.0,1.0,1.0
1975-04-17,1.0,1.0,1.0,1.0
1975-04-18,1.0,1.0,1.0,1.0
1975-04-21,1.0,1.0,1.0,1.0
1975-04-22,1.0,1.0,1.0,1.0
1975-04-23,1.0,1.0,1.0,1.0
1975-04-24,1.0,1.0,1.0,1.0
1975-04-25,1.0,1.0,1.0,1.0
1975-04-28,1.0,1.0,1.0,1.0
1975-04-29,1.0,1.0,1.0,1.0
1975-04-30,1.0,1.0,1.0,1.0
1975-05-01,1.0,1.0,1.0,1.0
1975-05-02,1.0,1.0,1.0,1.0
1975-05-05,1.0,1.0,1.0,1.0
1975-05-06,1.0,1.0,1.0,1.0
1975-05-07,1.0,1.0,1.0,1.0
1975-05-08,1.0,1.0,1.0,1.0
1975-05-09,1.0,1.0,1.0,1.0
1975-05-12,1.0,1.0,1.0,1.0
1975-05-13,1.0,1.0,1.0,1.0
1975-05-14,1.0,1.0,1.0,1.0
1975-05-15,1.0,1.0,1.0,1.0
1975-05-16,1.0,1.0,1.0,1.0
1975-05-19,1.0,1.0,1.0,1.0
1975-05-20,1.0,1.0,1.0,1.0
1975-05-21,1.0,1.0,1.0,1.0
1975-05-22,1.0,1.0,1.0,1.0
1975-05-23,1.0,1.0,1.0,1.0
1975-05-26,1.0,1.0,1.0,1.0
1975-05-27,1.0,1.0,1.0,1.0
1975-05-28,1.0,1.0,1.0,1.0
1975-05-29,1.0,1.0,1.0,1.0
1975-05-30,1.0,1.0,1.0,1.0
1975-06-02,1.0,1.0,1.0,1.0
1975-06-03,1.0,1.0,1.0,1.0
1975-06-04,1.0,1.0,1.0,1.0
1975-06-05,1.0,1.0,1.0,1.0
1975-06-06,1.0,1.0,1.0,1.0
1975-06-09,1.0,1.0,1.0,1.0
1975-06-10,1.0,1.0,1.0,1.0
1975-06-11,1.0,1.0,1.0,1.0
1975-06-12,1.0,1.0,1.0,1.0
1975-06-13,1.0,1.0,1.0,1.0
1975-06-16,1.0,1.0,1.0,1.0
1975-06-17,1.0,1.0,1.0,1.0
1975-06-18,1.0,1.0,1.0,1.0
1975-06-19,1.0,1.0,1.0,1.0
1975-06-20,1.0,1.0,1.0,1.0
1975-06-23,1.0,1.0,1.0,1.0
1975-06-24,1.0,1.0,1.0,1.0
1975-06-25,1.0,1.0,1.0,1.0
1975-06-26,1.0,1.0,1.0,1.0
1975-06-27,1.0,1.0,1.0,1.0
1975-06-30,1.0,1.0,1.0,1.0
1975-07-01,1.0,1.0,1.0,1.0
1975-07-02,1.0,1.0,1.0,1.0
1975-07-03,1.0,1.0,1.0,1.0
1975-07-04,1.0,1.0,1.0,1.0
1975-07-07,1.0,1.0,1.0,1.0
1975-07-08,1.0,1.0,1.0,1.0
1975-07-09,1.0,1.0,1.0,1.0
1975-07-10,1.0,1.0,1.0,1.0
1975-07-11,1.0,1.0,1.0,1.0
1975-07-14,1.0,1.0,1.0,1.0
1975-07-15,1.0,1.0,1.0,1.0
1975-07-16,1.0,1.0,1.0,1.0
1975-07-17,1.0,1.0,1.0,1.0
1975-07-18,1.0,1.0,1.0,1.0
1975-07-21,1.0,1.0,1.0,1.0
1975-07-22,1.0,1.0,1.0,1.0
1975-07-23,1.0,1.0,1.0,1.0
1975-07-24,1.0,1.0,1.0,1.0
1975-07-25,1.0,1.0,1.0,1.0
1975-07-28,1.0,1.0,1.0,1.0
1975-07-29,1.0,1.0,1.0,1.0
1975-07-30,1.0,1.0,1.0,1.0
1975-07-31,1.0,1.0,1.0,1.0
1975-08-01,1.0,1.0,1.0,1.0
1975-08-04,1.0,1.0,1.0,1.0
1975-08-05,1.0,1.0,1.0,1.0
1975-08-06,1.0,1.0,1.0,1.0
1975-08-07,1.0,1.0,1.0,1.0
1975-08-08,1.0,1.0,1.0,1.0
1975-08-11,1.0,1.0,1.0,1.0
1975-08-12,1.0,1.0,1.0,1.0
1975-08-13,1.0,1.0,1.0,1.0
1975-08-14,1.0,1.0,1.0,1.0
1975-08-15,1.0,1.0,1.0,1.0
1975-08-18,1.0,1.0,1.0,1.0
1975-08-19,1.0,1.0,1.0,1.0
1975-08-20,1.0,1.0,1.0,1.0
1975-08-21,1.0,1.0,1.0,1.0
1975-08-22,1.0,1.0,1.0,1.0
1975-08-25,1.0,1.0,1.0,1.0
1975-08-26,1.0,1.0,1.0,1.0
1975-08-27,1.0,1.0,1.0,1.0
1975-08-28,1.0,1.0,1.0,1.0
1975-08-29,1.0,1.0,1.0,1.0
1975-09-01,1.0,1.0,1.0,1.0
1975-09-02,1.0,1.0,1.0,1.0
1975-09-03,1.0,1.0,1.0,1.0
1975-09-04,1.0,1.0,1.0,1.0
1975-09-05,1.0,1.0,1.0,1.0
1975-09-08,1.0,1.0,1.0,1.0
1975-09-09,1.0,1.0,1.0,1.0
1975-09-10,1.0,1.0,1.0,1.0
1975-09-11,1.0,1.0,1.0,1.0
1975-09-12,1.0,1.0,1.0,1.0
1975-09-15,1.0,1.0,1.0,1.0
1975-09-16,1.0,1.0,1.0,1.0
1975-09-17,1.0,1.0,1.0,1.0
1975-09-18,1.0,1.0,1.0,1.0
1975-09-19,1.0,1.0,1.0,1.0
1975-09-22,1.0,1.0,1.0,1.0
1975-09-23,1.0,1.0,1.0,1.0
1975-09-24,1.0,1.0,1.0,1.0
1975-09-25,1.0,1.0,1.0,1.0
1975-09-26,1.0,1.0,1.0,1.0
1975-09-29,1.0,1.0,1.0,1.0
1975-09-30,1.0,1.0,1.0,1.0
1975-10-01,1.0,1.0,1.0,1.0
1975-10-02,1.0,1.0,1.0,1.0
1975-10-03,1.0,1.0,1.0,1.0
1975-10-06,1.0,1.0,1.0,1.0
1975-10-07,1.0,1.0,1.0,1.0
1975-10-08,1.0,1.0,1.0,1.0
1975-10-09,1.0,1.0,1.0,1.0
1975-10-10,1.0,1.0,1.0,1.0
1975-10-13,1.0,1.0,1.0,1.0
1975-10-14,1.0,1.0,1.0,1.0
1975-10-15,1.0,1.0,1.0,1.0
1975-10-16,1.0,1.0,1.0,1.0
1975-10-17,1.0,1.0,1.0,1.0
1975-10-20,1.0,1.0,1.0,1.0
1975-10-21,1.0,1.0,1.0,1.0
1975-10-22,1.0,1.0,1.0,1.0
1975-10-23,1.0,1.0,1.0,1.0
1975-10-24,1.0,1.0,1.0,1.0
1975-10-27,1.0,1.0,1.0,1.0
1975-10-28,1.0,1.0,1.0,1.0
1975-10-29,1.0,1.0,1.0,1.0
1975-10-30,1.0,1.0,1.0,1.0
1975-10-31,1.0,1.0,1.0,1.0
1975-11-03,1.0,1.0,1.0,1.0
1975-11-04,1.0,1.0,1.0,1.0
1975-11-05,1.0,1.0,1.0,1.0
1975-11-06,1.0,1.0,1.0,1.0
1975-11-07,1.0,1.0,1.0,1.0
1975-11-10,1.0,1.0,1.0,1.0
1975-11-11,1.0,1.0,1.0,1.0
1975-11-12,1.0,1.0,1.0,1.0
1975-11-13,1.0,1.0,1.0,1.0
1975-11-14,1.0,1.0,1.0,1.0
1975-11-17,1.0,1.0,1.0,1.0
1975-11-18,1.0,1.0,1.0,1.0
1975-11-19,1.0,1.0,1.0,1.0
1975-11-20,1.0,1.0,1.0,1.0
1975-11-21,1.0,1.0,1.0,1.0
1975-11-24,1.0,1.0,1.0,1.0
1975-11-25,1.0,1.0,1.0,1.0
1975-11-26,1.0,1.0,1.0,1.0
1975-11-27,1.0,1.0,1.0,1.0
1975-11-28,1.0,1.0,1.0,1.0
1975-12-01,1.0,1.0,1.0,1.0
1975-12-02,1.0,1.0,1.0,1.0
1975-12-03,1.0,1.0,1.0,1.0
1975-12-04,1.0,1.0,1.0,1.0
1975-12-05,1.0,1.0,1.0,1.0
1975-12-08,1.0,1.0,1.0,1.0
1975-12-09,1.0,1.0,1.0,1.0
1975-12-10,1.0,1.0,1.0,1.0
1975-12-11,1.0,1.0,1.0,1.0
1975-12-12,1.0,1.0,1.0,1.0
1975-12-15,1.0,1.0,1.0,1.0
1975-12-16,1.0,1.0,1.0,1.0
1975-12-17,1.0,1.0,1.0,1.0
1975-12-18,1.0,1.0,1.0,1.0
1975-12-19,1.0,1.0,1.0,1.0
1975-12-22,1.0,1.0,1.0,1.0
1975-12-23,1.0,1.0,1.0,1.0
1975-12-24,1.0,1.0,1.0,1.0
1975-12-25,1.0,1.0,1.0,1.0
1975-12-26,1.0,1.0,1.0,1.0
1975-12-29,1.0,1.0,1.0,1.0
1975-12-30,1.0,1.0,1.0,1.0
1975-12-31,1.0,1.0,1.0,1.0
1976-01-01,1.0,1.0,1.0,1.0
1976-01-02,1.0,1.0,1.0,1.0
1976-01-05,1.0,1.0,1.0,1.0
1976-01-06,1.0,1.0,1.0,1.0
1976-01-07,1.0,1.0,1.0,1.0
1976-01-08,1.0,1.0,1.0,1.0
1976-01-09,1.0,1.0,1.0,1.0
1976-01-12,1.0,1.0,1.0,1.0
1976-01-13,1.0,1.0,1.0,1.0
1976-01-14,1.0,1.0,1.0,1.0
1976-01-15,1.0,1.0,1.0,1.0
1976-01-16,1.0,1.0,1.0,1.0
1976-01-19,1.0,1.0,1.0,1.0
1976-01-20,1.0,1.0,1.0,1.0
1976-01-21,1.0,1.0,1.0,1.0
1976-01-22,1.0,1.0,1.0,1.0
1976-01-23,1.0,1.0,1.0,1.0
1976-01-26,1.0,1.0,1.0,1.0
1976-01-27,1.0,1.0,1.0,1.0
1976-01-28,1.0,1.0,1.0,1.0
1976-01-29,1.0,1.0,1.0,1.0
1976-01-30,1.0,1.0,1.0,1.0
1976-02-02,1.0,1.0,1.0,1.0
1976-02-03,1.0,1.0,1.0,1.0
1976-02-04,1.0,1.0,1.0,1.0
1976-02-05,1.0,1.0,1.0,1.0
1976-02-06,1.0,1.0,1.0,1.0
1976-02-09,1.0,1.0,1.0,1.0
1976-02-10,1.0,1.0,1.0,1.0
1976-02-11,1.0,1.0,1.0,1.0
1976-02-12,1.0,1.0,1.0,1.0
1976-02-13,1.0,1.0,1.0,1.0
1976-02-16,1.0,1.0,1.0,1.0
1976-02-17,1.0,1.0,1.0,1.0
1976-02-18,1.0,1.0,1.0,1.0
1976-02-19,1.0,1.0,1.0,1.0
1976-02-20,1.0,1.0,1.0,1.0
1976-02-23,1.0,1.0,1.0,1.0
1976-02-24,1.0,1.0,1.0,1.0
1976-02-25,1.0,1.0,1.0,1.0
1976-02-26,1.0,1.0,1.0,1.0
1976-02-27,1.0,1.0,1.0,1.0
1976-03-01,1.0,1.0,1.0,1.0
1976-03-02,1.0,1.0,1.0,1.0
1976-03-03,1.0,1.0,1.0,1.0
1976-03-04,1.0,1.0,1.0,1.0
1976-03-05,1.0,1.0,1.0,1.0
1976-03-08,1.0,1.0,1.0,1.0
1976-03-09,1.0,1.0,1.0,1.0
1976-03-10,1.0,1.0,1.0,1.0
1976-03-11,1.0,1.0,1.0,1.0
1976-03-12,1.0,1.0,1.0,1.0
1976-03-15,1.0,1.0,1.0,1.0
1976-03-16,1.0,1.0,1.0,1.0
1976-03-17,1.0,1.0,1.0,1.0
1976-03-18,1.0,1.0,1.0,1.0
1976-03-19,1.0,1.0,1.0,1.0
1976-03-22,1.0,1.0,1.0,1.0
1976-03-23,1.0,1.0,1.0,1.0
1976-03-24,1.0,1.0,1.0,1.0
1976-03-25,1.0,1.0,1.0,1.0
1976-03-26,1.0,1.0,1.0,1.0
1976-03-29,1.0,1.0,1.0,1.0
1976-03-30,1.0,1.0,1.0,1.0
1976-03-31,1.0,1.0,1.0,1.0
1976-04-01,1.0,1.0,1.0,1.0
1976-04-02,1.0,1.0,1.0,1.0
1976-04-05,1.0,1.0,1.0,1.0
1976-04-06,1.0,1.0,1.0,1.0
1976-04-07,1.0,1.0,1.0,1.0
1976-04-08,1.0,1.0,1.0,1.0
1976-04-09,1.0,1.0,1.0,1.0
1976-04-12,1.0,1.0,1.0,1.0
1976-04-13,1.0,1.0,1.0,1.0
1976-04-14,1.0,1.0,1.0,1.0
1976-04-15,1.0,1.0,1.0,1.0
1976-04-16,1.0,1.0,1.0,1.0
1976-04-19,1.0,1.0,1.0,1.0
1976-04-20,1.0,1.0,1.0,1.0
1976-04-21,1.0,1.0,1.0,1.0
1976-04-22,1.0,1.0,1.0,1.0
1976-04-23,1.0,1.0,1.0,1.0
1976-04-26,1.0,1.0,1.0,1.0
1976-04-27,1.0,1.0,1.0,1.0
1976-04-28,1.0,1.0,1.0,1.0
1976-04-29,1.0,1.0,1.0,1.0
1976-04-30,1.0,1.0,1.0,1.0
1976-05-03,1.0,1.0,1.0,1.0
1976-05-04,1.0,1.0,1.0,1.0
1976-05-05,1.0,1.0,1.0,1.0
1976-05-06,1.0,1.0,1.0,1.0
1976-05-07,1.0,1.0,1.0,1.0
1976-05-10,1.0,1.0,1.0,1.0
1976-05-11,1.0,1.0,1.0,1.0
1976-05-12,1.0,1.0,1.0,1.0
1976-05-13,1.0,1.0,1.0,1.0
1976-05-14,1.0,1.0,1.0,1.0
1976-05-17,1.0,1.0,1.0,1.0
1976-05-18,1.0,1.0,1.0,1.0
1976-05-19,1.0,1.0,1.0,1.0
1976-05-20,1.0,1.0,1.0,1.0
1976-05-21,1.0,1.0,1.0,1.0
1976-05-24,1.0,1.0,1.0,1.0
1976-05-25,1.0,1.0,1.0,1.0
1976-05-26,1.0,1.0,1.0,1.0
1976-05-27,1.0,1.0,1.0,1.0
1976-05-28,1.0,1.0,1.0,1.0
1976-05-31,1.0,1.0,1.0,1.0
1976-06-01,1.0,1.0,1.0,1.0
1976-06-02,1.0,1.0,1.0,1.0
1976-06-03,1.0,1.0,1.0,1.0
1976-06-04,1.0,1.0,1.0,1.0
1976-06-07,1.0,1.0,1.0,1.0
1976-06-08,1.0,1.0,1.0,1.0
1976-06-09,1.0,1.0,1.0,1.0
1976-06-10,1.0,1.0,1.0,1.0
1976-06-11,1.0,1.0,1.0,1.0
1976-06-14,1.0,1.0,1.0,1.0
1976-06-15,1.0,1.0,1.0,1.0
1976-06-16,1.0,1.0,1.0,1.0
1976-06-17,1.0,1.0,1.0,1.0
1976-06-18,1.0,1.0,1.0,1.0
1976-06-21,1.0,1.0,1.0,1.0
1976-06-22,1.0,1.0,1.0,1.0
1976-06-23,1.0,1.0,1.0,1.0
1976-06-24,1.0,1.0,1.0,1.0
1976-06-25,1.0,1.0,1.0,1.0
1976-06-28,1.0,1.0,1.0,1.0
1976-06-29,1.0,1.0,1.0,1.0
1976-06-30,1.0,1.0,1.0,1.0
1976-07-01,1.0,1.0,1.0,1.0
1976-07-02,1.0,1.0,1.0,1.0
1976-07-05,1.0,1.0,1.0,1.0
1976-07-06,1.0,1.0,1.0,1.0
1976-07-07,1.0,1.0,1.0,1.0
1976-07-08,1.0,1.0,1.0,1.0
1976-07-09,1.0,1.0,1.0,1.0
1976-07-12,1.0,1.0,1.0,1.0
1976-07-13,1.0,1.0,1.0,1.0
1976-07-14,1.0,1.0,1.0,1.0
1976-07-15,1.0,1.0,1.0,1.0
1976-07-16,1.0,1.0,1.0,1.0
1976-07-19,1.0,1.0,1.0,1.0
1976-07-20,1.0,1.0,1.0,1.0
1976-07-21,1.0,1.0,1.0,1.0
1976-07-22,1.0,1.0,1.0,1.0
1976-07-23,1.0,1.0,1.0,1.0
1976-07-26,1.0,1.0,1.0,1.0
1976-07-27,1.0,1.0,1.0,1.0
1976-07-28,1.0,1.0,1.0,1.0
1976-07-29,1.0,1.0,1.0,1.0
1976-07-30,1.0,1.0,1.0,1.0
1976-08-02,1.0,1.0,1.0,1.0
1976-08-03,1.0,1.0,1.0,1.0
1976-08-04,1.0,1.0,1.0,1.0
1976-08-05,1.0,1.0,1.0,1.0
1976-08-06,1.0,1.0,1.0,1.0
1976-08-09,1.0,1.0,1.0,1.0
1976-08-10,1.0,1.0,1.0,1.0
1976-08-11,1.0,1.0,1.0,1.0
1976-08-12,1.0,1.0,1.0,1.0
1976-08-13,1.0,1.0,1.0,1.0
1976-08-16,1.0,1.0,1.0,1.0
1976-08-17,1.0,1.0,1.0,1.0
1976-08-18,1.0,1.0,1.0,1.0
1976-08-19,1.0,1.0,1.0,1.0
1976-08-20,1.0,1.0,1.0,1.0
1976-08-23,1.0,1.0,1.0,1.0
1976-08-24,1.0,1.0,1.0,1.0
1976-08-25,1.0,1.0,1.0,1.0
1976-08-26,1.0,1.0,1.0,1.0
1976-08-27,1.0,1.0,1.0,1.0
1976-08-30,1.0,1.0,1.0,1.0
1976-08-31,1.0,1.0,1.0,1.0
1976-09-01,1.0,1.0,1.0,1.0
1976-09-02,1.0,1.0,1.0,1.0
1976-09-03,1.0,1.0,1.0,1.0
1976-09-06,1.0,1.0,1.0,1.0
1976-09-07,1.0,1.0,1.0,1.0
1976-09-08,1.0,1.0,1.0,1.0
1976-09-09,1.0,1.0,1.0,1.0
1976-09-10,1.0,1.0,1.0,1.0
1976-09-13,1.0,1.0,1.0,1.0
1976-09-14,1.0,1.0,1.0,1.0
1976-09-15,1.0,1.0,1.0,1.0
1976-09-16,1.0,1.0,1.0,1.0
1976-09-17,1.0,1.0,1.0,1.0
1976-09-20,1.0,1.0,1.0,1.0
1976-09-21,1.0,1.0,1.0,1.0
1976-09-22,1.0,1.0,1.0,1.0
1976-09-23,1.0,1.0,1.0,1.0
1976-09-24,1.0,1.0,1.0,1.0
1976-09-27,1.0,1.0,1.0,1.0
1976-09-28,1.0,1.0,1.0,1.0
1976-09-29,1.0,1.0,1.0,1.0
1976-09-30,1.0,1.0,1.0,1.0
1976-10-01,1.0,1.0,1.0,1.0
1976-10-04,1.0,1.0,1.0,1.0
1976-10-05,1.0,1.0,1.0,1.0
1976-10-06,1.0,1.0,1.0,1.0
1976-10-07,1.0,1.0,1.0,1.0
1976-10-08,1.0,1.0,1.0,1.0
1976-10-11,1.0,1.0,1.0,1.0
1976-10-12,1.0,1.0,1.0,1.0
1976-10-13,1.0,1.0,1.0,1.0
1976-10-14,1.0,1.0,1.0,1.0
1976-10-15,1.0,1.0,1.0,1.0
1976-10-18,1.0,1.0,1.0,1.0
1976-10-19,1.0,1.0,1.0,1.0
1976-10-20,1.0,1.0,1.0,1.0
1976-10-21,1.0,1.0,1.0,1.0
1976-10-22,1.0,1.0,1.0,1.0
1976-10-25,1.0,1.0,1.0,1.0
1976-10-26,1.0,1.0,1.0,1.0
1976-10-27,1.0,1.0,1.0,1.0
1976-10-28,1.0,1.0,1.0,1.0
1976-10-29,1.0,1.0,1.0,1.0
1976-11-01,1.0,1.0,1.0,1.0
1976-11-02,1.0,1.0,1.0,1.0
1976-11-03,1.0,1.0,1.0,1.0
1976-11-04,1.0,1.0,1.0,1.0
1976-11-05,1.0,1.0,1.0,1.0
1976-11-08,1.0,1.0,1.0,1.0
1976-11-09,1.0,1.0,1.0,1.0
1976-11-10,1.0,1.0,1.0,1.0
1976-11-11,1.0,1.0,1.0,1.0
1976-11-12,1.0,1.0,1.0,1.0
1976-11-15,1.0,1.0,1.0,1.0
1976-11-16,1.0,1.0,1.0,1.0
1976-11-17,1.0,1.0,1.0,1.0
1976-11-18,1.0,1.0,1.0,1.0
1976-11-19,1.0,1.0,1.0,1.0
1976-11-22,1.0,1.0,1.0,1.0
1976-11-23,1.0,1.0,1.0,1.0
1976-11-24,1.0,1.0,1.0,1.0
1976-11-25,1.0,1.0,1.0,1.0
1976-11-26,1.0,1.0,1.0,1.0
1976-11-29,1.0,1.0,1.0,1.0
1976-11-30,1.0,1.0,1.0,1.0
1976-12-01,1.0,1.0,1.0,1.0
1976-12-02,1.0,1.0,1.0,1.0
1976-12-03,1.0,1.0,1.0,1.0
1976-12-06,1.0,1.0,1.0,1.0
1976-12-07,1.0,1.0,1.0,1.0
1976-12-08,1.0,1.0,1.0,1.0
1976-12-09,1.0,1.0,1.0,1.0
1976-12-10,1.0,1.0,1.0,1.0
1976-12-13,1.0,1.0,1.0,1.0
1976-12-14,1.0,1.0,1.0,1.0
1976-12-15,1.0,1.0,1.0,1.0
1976-12-16,1.0,1.0,1.0,1.0
1976-12-17,1.0,1.0,1.0,1.0
1976-12-20,1.0,1.0,1.0,1.0
1976-12-21,1.0,1.0,1.0,1.0
1976-12-22,1.0,1.0,1.0,1.0
1976-12-23,1.0,1.0,1.0,1.0
1976-12-24,1.0,1.0,1.0,1.0
1976-12-27,1.0,1.0,1.0,1.0
1976-12-28,1.0,1.0,1.0,1.0
1976-12-29,1.0,1.0,1.0,1.0
1976-12-30,1.0,1.0,1.0,1.0
1976-12-31,1.0,1.0,1.0,1.0
1977-01-03,1.0,1.0,1.0,1.0
1977-01-04,1.0,1.0,1.0,1.0
1977-01-05,1.0,1.0,1.0,1.0
1977-01-06,1.0,1.0,1.0,1.0
1977-01-07,1.0,1.0,1.0,1.0
1977-01-10,1.0,1.0,1.0,1.0
1977-01-11,1.0,1.0,1.0,1.0
1977-01-12,1.0,1.0,1.0,1.0
1977-01-13,1.0,1.0,1.0,1.0
1977-01-14,1.0,1.0,1.0,1.0
1977-01-17,1.0,1.0,1.0,1.0
1977-01-18,1.0,1.0,1.0,1.0
1977-01-19,1.0,1.0,1.0,1.0
1977-01-20,1.0,1.0,1.0,1.0
1977-01-21,1.0,1.0,1.0,1.0
1977-01-24,1.0,1.0,1.0,1.0
1977-01-25,1.0,1.0,1.0,1.0
1977-01-26,1.0,1.0,1.0,1.0
1977-01-27,1.0,1.0,1.0,1.0
1977-01-28,1.0,1.0,1.0,1.0
1977-01-31,1.0,1.0,1.0,1.0
1977-02-01,1.0,1.0,1.0,1.0
1977-02-02,1.0,1.0,1.0,1.0
1977-02-03,1.0,1.0,1.0,1.0
1977-02-04,1.0,1.0,1.0,1.0
1977-02-07,1.0,1.0,1.0,1.0
1977-02-08,1.0,1.0,1.0,1.0
1977-02-09,1.0,1.0,1.0,1.0
1977-02-10,1.0,1.0,1.0,1.0
1977-02-11,1.0,1.0,1.0,1.0
1977-02-14,1.0,1.0,1.0,1.0
1977-02-15,1.0,1.0,1.0,1.0
1977-02-16,1.0,1.0,1.0,1.0
1977-02-17,1.0,1.0,1.0,1.0
1977-02-18,1.0,1.0,1.0,1.0
1977-02-21,1.0,1.0,1.0,1.0
1977-02-22,1.0,1.0,1.0,1.0
1977-02-23,1.0,1.0,1.0,1.0
1977-02-24,1.0,1.0,1.0,1.0
1977-02-25,1.0,1.0,1.0,1.0
1977-02-28,1.0,1.0,1.0,1.0
1977-03-01,1.0,1.0,1.0,1.0
1977-03-02,1.0,1.0,1.0,1.0
1977-03-03,1.0,1.0,1.0,1.0
1977-03-04,1.0,1.0,1.0,1.0
1977-03-07,1.0,1.0,1.0,1.0
1977-03-08,1.0,1.0,1.0,1.0
1977-03-09,1.0,1.0,1.0,1.0
1977-03-10,1.0,1.0,1.0,1.0
1977-03-11,1.0,1.0,1.0,1.0
1977-03-14,1.0,1.0,1.0,1.0
1977-03-15,1.0,1.0,1.0,1.0
1977-03-16,1.0,1.0,1.0,1.0
1977-03-17,1.0,1.0,1.0,1.0
1977-03-18,1.0,1.0,1.0,1.0
1977-03-21,1.0,1.0,1.0,1.0
1977-03-22,1.0,1.0,1.0,1.0
1977-03-23,1.0,1.0,1.0,1.0
1977-03-24,1.0,1.0,1.0,1.0
1977-03-25,1.0,1.0,1.0,1.0
1977-03-28,1.0,1.0,1.0,1.0
1977-03-29,1.0,1.0,1.0,1.0
1977-03-30,1.0,1.0,1.0,1.0
1977-03-31,1.0,1.0,1.0,1.0
1977-04-01,1.0,1.0,1.0,1.0
1977-04-04,1.0,1.0,1.0,1.0
1977-04-05,1.0,1.0,1.0,1.0
1977-04-06,1.0,1.0,1.0,1.0
1977-04-07,1.0,1.0,1.0,1.0
1977-04-08,1.0,1.0,1.0,1.0
1977-04-11,1.0,1.0,1.0,1.0
1977-04-12,1.0,1.0,1.0,1.0
1977-04-13,1.0,1.0,1.0,1.0
1977-04-14,1.0,1.0,1.0,1.0
1977-04-15,1.0,1.0,1.0,1.0
1977-04-18,1.0,1.0,1.0,1.0
1977-04-19,1.0,1.0,1.0,1.0
1977-04-20,1.0,1.0,1.0,1.0
1977-04-21,1.0,1.0,1.0,1.0
1977-04-22,1.0,1.0,1.0,1.0
1977-04-25,1.0,1.0,1.0,1.0
1977-04-26,1.0,1.0,1.0,1.0
1977-04-27,1.0,1.0,1.0,1.0
1977-04-28,1.0,1.0,1.0,1.0
1977-04-29,1.0,1.0,1.0,1.0
1977-05-02,1.0,1.0,1.0,1.0
1977-05-03,1.0,1.0,1.0,1.0
1977-05-04,1.0,1.0,1.0,1.0
1977-05-05,1.0,1.0,1.0,1.0
1977-05-06,1.0,1.0,1.0,1.0
1977-05-09,1.0,1.0,1.0,1.0
1977-05-10,1.0,1.0,1.0,1.0
1977-05-11,1.0,1.0,1.0,1.0
1977-05-12,1.0,1.0,1.0,1.0
1977-05-13,1.0,1.0,1.0,1.0
1977-05-16,1.0,1.0,1.0,1.0
1977-05-17,1.0,1.0,1.0,1.0
1977-05-18,1.0,1.0,1.0,1.0
1977-05-19,1.0,1.0,1.0,1.0
1977-05-20,1.0,1.0,1.0,1.0
1977-05-23,1.0,1.0,1.0,1.0
1977-05-24,1.0,1.0,1.0,1.0
1977-05-25,1.0,1.0,1.0,1.0
1977-05-26,1.0,1.0,1.0,1.0
1977-05-27,1.0,1.0,1.0,1.0
1977-05-30,1.0,1.0,1.0,1.0
1977-05-31,1.0,1.0,1.0,1.0
1977-06-01,1.0,1.0,1.0,1.0
1977-06-02,1.0,1.0,1.0,1.0
1977-06-03,1.0,1.0,1.0,1.0
1977-06-06,1.0,1.0,1.0,1.0
1977-06-07,1.0,1.0,1.0,1.0
1977-06-08,1.0,1.0,1.0,1.0
1977-06-09,1.0,1.0,1.0,1.0
1977-06-10,1.0,1.0,1.0,1.0
1977-06-13,1.0,1.0,1.0,1.0
1977-06-14,1.0,1.0,1.0,1.0
1977-06-15,1.0,1.0,1.0,1.0
1977-06-16,1.0,1.0,1.0,1.0
1977-06-17,1.0,1.0,1.0,1.0
1977-06-20,1.0,1.0,1.0,1.0
1977-06-21,1.0,1.0,1.0,1.0
1977-06-22,1.0,1.0,1.0,1.0
1977-06-23,1.0,1.0,1.0,1.0
1977-06-24,1.0,1.0,1.0,1.0
1977-06-27,1.0,1.0,1.0,1.0
1977-06-28,1.0,1.0,1.0,1.0
1977-06-29,1.0,1.0,1.0,1.0
1977-06-30,1.0,1.0,1.0,1.0
1977-07-01,1.0,1.0,1.0,1.0
1977-07-04,1.0,1.0,1.0,1.0
1977-07-05,1.0,1.0,1.0,1.0
1977-07-06,1.0,1.0,1.0,1.0
1977-07-07,1.0,1.0,1.0,1.0
1977-07-08,1.0,1.0,1.0,1.0
1977-07-11,1.0,1.0,1.0,1.0
1977-07-12,1.0,1.0,1.0,1.0
1977-07-13,1.0,1.0,1.0,1.0
1977-07-14,1.0,1.0,1.0,1.0
1977-07-15,1.0,1.0,1.0,1.0
1977-07-18,1.0,1.0,1.0,1.0
1977-07-19,1.0,1.0,1.0,1.0
1977-07-20,1.0,1.0,1.0,1.0
1977-07-21,1.0,1.0,1.0,1.0
1977-07-22,1.0,1.0,1.0,1.0
1977-07-25,1.0,1.0,1.0,1.0
1977-07-26,1.0,1.0,1.0,1.0
1977-07-27,1.0,1.0,1.0,1.0
1977-07-28,1.0,1.0,1.0,1.0
1977-07-29,1.0,1.0,1.0,1.0
1977-08-01,1.0,1.0,1.0,1.0
1977-08-02,1.0,1.0,1.0,1.0
1977-08-03,1.0,1.0,1.0,1.0
1977-08-04,1.0,1.0,1.0,1.0
1977-08-05,1.0,1.0,1.0,1.0
1977-08-08,1.0,1.0,1.0,1.0
1977-08-09,1.0,1.0,1.0,1.0
1977-08-10,1.0,1.0,1.0,1.0
1977-08-11,1.0,1.0,1.0,1.0
1977-08-12,1.0,1.0,1.0,1.0
1977-08-15,1.0,1.0,1.0,1.0
1977-08-16,1.0,1.0,1.0,1.0
1977-08-17,1.0,1.0,1.0,1.0
1977-08-18,1.0,1.0,1.0,1.0
1977-08-19,1.0,1.0,1.0,1.0
1977-08-22,1.0,1.0,1.0,1.0
1977-08-23,1.0,1.0,1.0,1.0
1977-08-24,1.0,1.0,1.0,1.0
1977-08-25,1.0,1.0,1.0,1.0
1977-08-26,1.0,1.0,1.0,1.0
1977-08-29,1.0,1.0,1.0,1.0
1977-08-30,1.0,1.0,1.0,1.0
1977-08-31,1.0,1.0,1.0,1.0
1977-09-01,1.0,1.0,1.0,1.0
1977-09-02,1.0,1.0,1.0,1.0
1977-09-05,1.0,1.0,1.0,1.0
1977-09-06,1.0,1.0,1.0,1.0
1977-09-07,1.0,1.0,1.0,1.0
1977-09-08,1.0,1.0,1.0,1.0
1977-09-09,1.0,1.0,1.0,1.0
1977-09-12,1.0,1.0,1.0,1.0
1977-09-13,1.0,1.0,1.0,1.0
1977-09-14,1.0,1.0,1.0,1.0
1977-09-15,1.0,1.0,1.0,1.0
1977-09-16,1.0,1.0,1.0,1.0
1977-09-19,1.0,1.0,1.0,1.0
1977-09-20,1.0,1.0,1.0,1.0
1977-09-21,1.0,1.0,1.0,1.0
1977-09-22,1.0,1.0,1.0,1.0
1977-09-23,1.0,1.0,1.0,1.0
1977-09-26,1.0,1.0,1.0,1.0
1977-09-27,1.0,1.0,1.0,1.0
1977-09-28,1.0,1.0,1.0,1.0
1977-09-29,1.0,1.0,1.0,1.0
1977-09-30,1.0,1.0,1.0,1.0
1977-10-03,1.0,1.0,1.0,1.0
1977-10-04,1.0,1.0,1.0,1.0
1977-10-05,1.0,1.0,1.0,1.0
1977-10-06,1.0,1.0,1.0,1.0
1977-10-07,1.0,1.0,1.0,1.0
1977-10-10,1.0,1.0,1.0,1.0
1977-10-11,1.0,1.0,1.0,1.0
1977-10-12,1.0,1.0,1.0,1.0
1977-10-13,1.0,1.0,1.0,1.0
1977-10-14,1.0,1.0,1.0,1.0
1977-10-17,1.0,1.0,1.0,1.0
1977-10-18,1.0,1.0,1.0,1.0
1977-10-19,1.0,1.0,1.0,1.0
1977-10-20,1.0,1.0,1.0,1.0
1977-10-21,1.0,1.0,1.0,1.0
1977-10-24,1.0,1.0,1.0,1.0
1977-10-25,1.0,1.0,1.0,1.0
1977-10-26,1.0,1.0,1.0,1.0
1977-10-27,1.0,1.0,1.0,1.0
1977-10-28,1.0,1.0,1.0,1.0
1977-10-31,1.0,1.0,1.0,1.0
1977-11-01,1.0,1.0,1.0,1.0
1977-11-02,1.0,1.0,1.0,1.0
1977-11-03,1.0,1.0,1.0,1.0
1977-11-04,1.0,1.0,1.0,1.0
1977-11-07,1.0,1.0,1.0,1.0
1977-11-08,1.0,1.0,1.0,1.0
1977-11-09,1.0,1.0,1.0,1.0
1977-11-10,1.0,1.0,1.0,1.0
1977-11-11,1.0,1.0,1.0,1.0
1977-11-14,1.0,1.0,1.0,1.0
1977-11-15,1.0,1.0,1.0,1.0
1977-11-16,1.0,1.0,1.0,1.0
1977-11-17,1.0,1.0,1.0,1.0
1977-11-18,1.0,1.0,1.0,1.0
1977-11-21,1.0,1.0,1.0,1.0
1977-11-22,1.0,1.0,1.0,1.0
1977-11-23,1.0,1.0,1.0,1.0
1977-11-24,1.0,1.0,1.0,1.0
1977-11-25,1.0,1.0,1.0,1.0
1977-11-28,1.0,1.0,1.0,1.0
1977-11-29,1.0,1.0,1.0,1.0
1977-11-30,1.0,1.0,1.0,1.0
1977-12-01,1.0,1.0,1.0,1.0
1977-12-02,1.0,1.0,1.0,1.0
1977-12-05,1.0,1.0,1.0,1.0
1977-12-06,1.0,1.0,1.0,1.0
1977-12-07,1.0,1.0,1.0,1.0
1977-12-08,1.0,1.0,1.0,1.0
1977-12-09,1.0,1.0,1.0,1.0
1977-12-12,1.0,1.0,1.0,1.0
1977-12-13,1.0,1.0,1.0,1.0
1977-12-14,1.0,1.0,1.0,1.0
1977-12-15,1.0,1.0,1.0,1.0
1977-12-16,1.0,1.0,1.0,1.0
1977-12-19,1.0,1.0,1.0,1.0
1977-12-20,1.0,1.0,1.0,1.0
1977-12-21,1.0,1.0,1.0,1.0
1977-12-22,1.0,1.0,1.0,1.0
1977-12-23,1.0,1.0,1.0,1.0
1977-12-26,1.0,1.0,1.0,1.0
1977-12-27,1.0,1.0,1.0,1.0
1977-12-28,1.0,1.0,1.0,1.0
1977-12-29,1.0,1.0,1.0,1.0
1977-12-30,1.0,1.0,1.0,1.0
1978-01-02,1.0,1.0,1.0,1.0
1978-01-03,1.0,1.0,1.0,1.0
1978-01-04,1.0,1.0,1.0,1.0
1978-01-05,1.0,1.0,1.0,1.0
1978-01-06,1.0,1.0,1.0,1.0
1978-01-09,1.0,1.0,1.0,1.0
1978-01-10,1.0,1.0,1.0,1.0
1978-01-11,1.0,1.0,1.0,1.0
1978-01-12,1.0,1.0,1.0,1.0
1978-01-13,1.0,1.0,1.0,1.0
1978-01-16,1.0,1.0,1.0,1.0
1978-01-17,1.0,1.0,1.0,1.0
1978-01-18,1.0,1.0,1.0,1.0
1978-01-19,1.0,1.0,1.0,1.0
1978-01-20,1.0,1.0,1.0,1.0
1978-01-23,1.0,1.0,1.0,1.0
1978-01-24,1.0,1.0,1.0,1.0
1978-01-25,1.0,1.0,1.0,1.0
1978-01-26,1.0,1.0,1.0,1.0
1978-01-27,1.0,1.0,1.0,1.0
1978-01-30,1.0,1.0,1.0,1.0
1978-01-31,1.0,1.0,1.0,1.0
1978-02-01,1.0,1.0,1.0,1.0
1978-02-02,1.0,1.0,1.0,1.0
1978-02-03,1.0,1.0,1.0,1.0
1978-02-06,1.0,1.0,1.0,1.0
1978-02-07,1.0,1.0,1.0,1.0
1978-02-08,1.0,1.0,1.0,1.0
1978-02-09,1.0,1.0,1.0,1.0
1978-02-10,1.0,1.0,1.0,1.0
1978-02-13,1.0,1.0,1.0,1.0
1978-02-14,1.0,1.0,1.0,1.0
1978-02-15,1.0,1.0,1.0,1.0
1978-02-16,1.0,1.0,1.0,1.0
1978-02-17,1.0,1.0,1.0,1.0
1978-02-20,1.0,1.0,1.0,1.0
1978-02-21,1.0,1.0,1.0,1.0
1978-02-22,1.0,1.0,1.0,1.0
1978-02-23,1.0,1.0,1.0,1.0
1978-02-24,1.0,1.0,1.0,1.0
1978-02-27,1.0,1.0,1.0,1.0
1978-02-28,1.0,1.0,1.0,1.0
1978-03-01,1.0,1.0,1.0,1.0
1978-03-02,1.0,1.0,1.0,1.0
1978-03-03,1.0,1.0,1.0,1.0
1978-03-06,1.0,1.0,1.0,1.0
1978-03-07,1.0,1.0,1.0,1.0
1978-03-08,1.0,1.0,1.0,1.0
1978-03-09,1.0,1.0,1.0,1.0
1978-03-10,1.0,1.0,1.0,1.0
1978-03-13,1.0,1.0,1.0,1.0
1978-03-14,1.0,1.0,1.0,1.0
1978-03-15,1.0,1.0,1.0,1.0
1978-03-16,1.0,1.0,1.0,1.0
1978-03-17,1.0,1.0,1.0,1.0
1978-03-20,1.0,1.0,1.0,1.0
1978-03-21,1.0,1.0,1.0,1.0
1978-03-22,1.0,1.0,1.0,1.0
1978-03-23,1.0,1.0,1.0,1.0
1978-03-24,1.0,1.0,1.0,1.0
1978-03-27,1.0,1.0,1.0,1.0
1978-03-28,1.0,1.0,1.0,1.0
1978-03-29,1.0,1.0,1.0,1.0
1978-03-30,1.0,1.0,1.0,1.0
1978-03-31,1.0,1.0,1.0,1.0
1978-04-03,1.0,1.0,1.0,1.0
1978-04-04,1.0,1.0,1.0,1.0
1978-04-05,1.0,1.0,1.0,1.0
1978-04-06,1.0,1.0,1.0,1.0
1978-04-07,1.0,1.0,1.0,1.0
1978-04-10,1.0,1.0,1.0,1.0
1978-04-11,1.0,1.0,1.0,1.0
1978-04-12,1.0,1.0,1.0,1.0
1978-04-13,1.0,1.0,1.0,1.0
1978-04-14,1.0,1.0,1.0,1.0
1978-04-17,1.0,1.0,1.0,1.0
1978-04-18,1.0,1.0,1.0,1.0
1978-04-19,1.0,1.0,1.0,1.0
1978-04-20,1.0,1.0,1.0,1.0
1978-04-21,1.0,1.0,1.0,1.0
1978-04-24,1.0,1.0,1.0,1.0
1978-04-25,1.0,1.0,1.0,1.0
1978-04-26,1.0,1.0,1.0,1.0
1978-04-27,1.0,1.0,1.0,1.0
1978-04-28,1.0,1.0,1.0,1.0
1978-05-01,1.0,1.0,1.0,1.0
1978-05-02,1.0,1.0,1.0,1.0
1978-05-03,1.0,1.0,1.0,1.0
1978-05-04,1.0,1.0,1.0,1.0
1978-05-05,1.0,1.0,1.0,1.0
1978-05-08,1.0,1.0,1.0,1.0
1978-05-09,1.0,1.0,1.0,1.0
1978-05-10,1.0,1.0,1.0,1.0
1978-05-11,1.0,1.0,1.0,1.0
1978-05-12,1.0,1.0,1.0,1.0
1978-05-15,1.0,1.0,1.0,1.0
1978-05-16,1.0,1.0,1.0,1.0
1978-05-17,1.0,1.0,1.0,1.0
1978-05-18,1.0,1.0,1.0,1.0
1978-05-19,1.0,1.0,1.0,1.0
1978-05-22,1.0,1.0,1.0,1.0
1978-05-23,1.0,1.0,1.0,1.0
1978-05-24,1.0,1.0,1.0,1.0
1978-05-25,1.0,1.0,1.0,1.0
1978-05-26,1.0,1.0,1.0,1.0
1978-05-29,1.0,1.0,1.0,1.0
1978-05-30,1.0,1.0,1.0,1.0
1978-05-31,1.0,1.0,1.0,1.0
1978-06-01,1.0,1.0,1.0,1.0
1978-06-02,1.0,1.0,1.0,1.0
1978-06-05,1.0,1.0,1.0,1.0
1978-06-06,1.0,1.0,1.0,1.0
1978-06-07,1.0,1.0,1.0,1.0
1978-06-08,1.0,1.0,1.0,1.0
1978-06-09,1.0,1.0,1.0,1.0
1978-06-12,1.0,1.0,1.0,1.0
1978-06-13,1.0,1.0,1.0,1.0
1978-06-14,1.0,1.0,1.0,1.0
1978-06-15,1.0,1.0,1.0,1.0
1978-06-16,1.0,1.0,1.0,1.0
1978-06-19,1.0,1.0,1.0,1.0
1978-06-20,1.0,1.0,1.0,1.0
1978-06-21,1.0,1.0,1.0,1.0
1978-06-22,1.0,1.0,1.0,1.0
1978-06-23,1.0,1.0,1.0,1.0
1978-06-26,1.0,1.0,1.0,1.0
1978-06-27,1.0,1.0,1.0,1.0
1978-06-28,1.0,1.0,1.0,1.0
1978-06-29,1.0,1.0,1.0,1.0
1978-06-30,1.0,1.0,1.0,1.0
1978-07-03,1.0,1.0,1.0,1.0
1978-07-04,1.0,1.0,1.0,1.0
1978-07-05,1.0,1.0,1.0,1.0
1978-07-06,1.0,1.0,1.0,1.0
1978-07-07,1.0,1.0,1.0,1.0
1978-07-10,1.0,1.0,1.0,1.0
1978-07-11,1.0,1.0,1.0,1.0
1978-07-12,1.0,1.0,1.0,1.0
1978-07-13,1.0,1.0,1.0,1.0
1978-07-14,1.0,1.0,1.0,1.0
1978-07-17,1.0,1.0,1.0,1.0
1978-07-18,1.0,1.0,1.0,1.0
1978-07-19,1.0,1.0,1.0,1.0
1978-07-20,1.0,1.0,1.0,1.0
1978-07-21,1.0,1.0,1.0,1.0
1978-07-24,1.0,1.0,1.0,1.0
1978-07-25,1.0,1.0,1.0,1.0
1978-07-26,1.0,1.0,1.0,1.0
1978-07-27,1.0,1.0,1.0,1.0
1978-07-28,1.0,1.0,1.0,1.0
1978-07-31,1.0,1.0,1.0,1.0
1978-08-01,1.0,1.0,1.0,1.0
1978-08-02,1.0,1.0,1.0,1.0
1978-08-03,1.0,1.0,1.0,1.0
1978-08-04,1.0,1.0,1.0,1.0
1978-08-07,1.0,1.0,1.0,1.0
1978-08-08,1.0,1.0,1.0,1.0
1978-08-09,1.0,1.0,1.0,1.0
1978-08-10,1.0,1.0,1.0,1.0
1978-08-11,1.0,1.0,1.0,1.0
1978-08-14,1.0,1.0,1.0,1.0
1978-08-15,1.0,1.0,1.0,1.0
1978-08-16,1.0,1.0,1.0,1.0
1978-08-17,1.0,1.0,1.0,1.0
1978-08-18,1.0,1.0,1.0,1.0
1978-08-21,1.0,1.0,1.0,1.0
1978-08-22,1.0,1.0,1.0,1.0
1978-08-23,1.0,1.0,1.0,1.0
1978-08-24,1.0,1.0,1.0,1.0
1978-08-25,1.0,1.0,1.0,1.0
1978-08-28,1.0,1.0,1.0,1.0
1978-08-29,1.0,1.0,1.0,1.0
1978-08-30,1.0,1.0,1.0,1.0
1978-08-31,1.0,1.0,1.0,1.0
1978-09-01,1.0,1.0,1.0,1.0
1978-09-04,1.0,1.0,1.0,1.0
1978-09-05,1.0,1.0,1.0,1.0
1978-09-06,1.0,1.0,1.0,1.0
1978-09-07,1.0,1.0,1.0,1.0
1978-09-08,1.0,1.0,1.0,1.0
1978-09-11,1.0,1.0,1.0,1.0
1978-09-12,1.0,1.0,1.0,1.0
1978-09-13,1.0,1.0,1.0,1.0
1978-09-14,1.0,1.0,1.0,1.0
1978-09-15,1.0,1.0,1.0,1.0
1978-09-18,1.0,1.0,1.0,1.0
1978-09-19,1.0,1.0,1.0,1.0
1978-09-20,1.0,1.0,1.0,1.0
1978-09-21,1.0,1.0,1.0,1.0
1978-09-22,1.0,1.0,1.0,1.0
1978-09-25,1.0,1.0,1.0,1.0
1978-09-26,1.0,1.0,1.0,1.0
1978-09-27,1.0,1.0,1.0,1.0
1978-09-28,1.0,1.0,1.0,1.0
1978-09-29,1.0,1.0,1.0,1.0
1978-10-02,1.0,1.0,1.0,1.0
1978-10-03,1.0,1.0,1.0,1.0
1978-10-04,1.0,1.0,1.0,1.0
1978-10-05,1.0,1.0,1.0,1.0
1978-10-06,1.0,1.0,1.0,1.0
1978-10-09,1.0,1.0,1.0,1.0
1978-10-10,1.0,1.0,1.0,1.0
1978-10-11,1.0,1.0,1.0,1.0
1978-10-12,1.0,1.0,1.0,1.0
1978-10-13,1.0,1.0,1.0,1.0
1978-10-16,1.0,1.0,1.0,1.0
1978-10-17,1.0,1.0,1.0,1.0
1978-10-18,1.0,1.0,1.0,1.0
1978-10-19,1.0,1.0,1.0,1.0
1978-10-20,1.0,1.0,1.0,1.0
1978-10-23,1.0,1.0,1.0,1.0
1978-10-24,1.0,1.0,1.0,1.0
1978-10-25,1.0,1.0,1.0,1.0
1978-10-26,1.0,1.0,1.0,1.0
1978-10-27,1.0,1.0,1.0,1.0
1978-10-30,1.0,1.0,1.0,1.0
1978-10-31,1.0,1.0,1.0,1.0
1978-11-01,1.0,1.0,1.0,1.0
1978-11-02,1.0,1.0,1.0,1.0
1978-11-03,1.0,1.0,1.0,1.0
1978-11-06,1.0,1.0,1.0,1.0
1978-11-07,1.0,1.0,1.0,1.0
1978-11-08,1.0,1.0,1.0,1.0
1978-11-09,1.0,1.0,1.0,1.0
1978-11-10,1.0,1.0,1.0,1.0
1978-11-13,1.0,1.0,1.0,1.0
1978-11-14,1.0,1.0,1.0,1.0
1978-11-15,1.0,1.0,1.0,1.0
1978-11-16,1.0,1.0,1.0,1.0
1978-11-17,1.0,1.0,1.0,1.0
1978-11-20,1.0,1.0,1.0,1.0
1978-11-21,1.0,1.0,1.0,1.0
1978-11-22,1.0,1.0,1.0,1.0
1978-11-23,1.0,1.0,1.0,1.0
1978-11-24,1.0,1.0,1.0,1.0
1978-11-27,1.0,1.0,1.0,1.0
1978-11-28,1.0,1.0,1.0,1.0
1978-11-29,1.0,1.0,1.0,1.0
1978-11-30,1.0,1.0,1.0,1.0
1978-12-01,1.0,1.0,1.0,1.0
1978-12-04,1.0,1.0,1.0,1.0
1978-12-05,1.0,1.0,1.0,1.0
1978-12-06,1.0,1.0,1.0,1.0
1978-12-07,1.0,1.0,1.0,1.0
1978-12-08,1.0,1.0,1.0,1.0
1978-12-11,1.0,1.0,1.0,1.0
1978-12-12,1.0,1.0,1.0,1.0
1978-12-13,1.0,1.0,1.0,1.0
1978-12-14,1.0,1.0,1.0,1.0
1978-12-15,1.0,1.0,1.0,1.0
1978-12-18,1.0,1.0,1.0,1.0
1978-12-19,1.0,1.0,1.0,1.0
1978-12-20,1.0,1.0,1.0,1.0
1978-12-21,1.0,1.0,1.0,1.0
1978-12-22,1.0,1.0,1.0,1.0
1978-12-25,1.0,1.0,1.0,1.0
1978-12-26,1.0,1.0,1.0,1.0
1978-12-27,1.0,1.0,1.0,1.0
1978-12-28,1.0,1.0,1.0,1.0
1978-12-29,1.0,1.0,1.0,1.0
1979-01-01,1.0,1.0,1.0,1.0
1979-01-02,1.0,1.0,1.0,1.0
1979-01-03,1.0,1.0,1.0,1.0
1979-01-04,1.0,1.0,1.0,1.0
1979-01-05,1.0,1.0,1.0,1.0
1979-01-08,1.0,1.0,1.0,1.0
1979-01-09,1.0,1.0,1.0,1.0
1979-01-10,1.0,1.0,1.0,1.0
1979-01-11,1.0,1.0,1.0,1.0
1979-01-12,1.0,1.0,1.0,1.0
1979-01-15,1.0,1.0,1.0,1.0
1979-01-16,1.0,1.0,1.0,1.0
1979-01-17,1.0,1.0,1.0,1.0
1979-01-18,1.0,1.0,1.0,1.0
1979-01-19,1.0,1.0,1.0,1.0
1979-01-22,1.0,1.0,1.0,1.0
1979-01-23,1.0,1.0,1.0,1.0
1979-01-24,1.0,1.0,1.0,1.0
1979-01-25,1.0,1.0,1.0,1.0
1979-01-26,1.0,1.0,1.0,1.0
1979-01-29,1.0,1.0,1.0,1.0
1979-01-30,1.0,1.0,1.0,1.0
1979-01-31,1.0,1.0,1.0,1.0
1979-02-01,1.0,1.0,1.0,1.0
1979-02-02,1.0,1.0,1.0,1.0
1979-02-05,1.0,1.0,1.0,1.0
1979-02-06,1.0,1.0,1.0,1.0
1979-02-07,1.0,1.0,1.0,1.0
1979-02-08,1.0,1.0,1.0,1.0
1979-02-09,1.0,1.0,1.0,1.0
1979-02-12,1.0,1.0,1.0,1.0
1979-02-13,1.0,1.0,1.0,1.0
1979-02-14,1.0,1.0,1.0,1.0
1979-02-15,1.0,1.0,1.0,1.0
1979-02-16,1.0,1.0,1.0,1.0
1979-02-19,1.0,1.0,1.0,1.0
1979-02-20,1.0,1.0,1.0,1.0
1979-02-21,1.0,1.0,1.0,1.0
1979-02-22,1.0,1.0,1.0,1.0
1979-02-23,1.0,1.0,1.0,1.0
1979-02-26,1.0,1.0,1.0,1.0
1979-02-27,1.0,1.0,1.0,1.0
1979-02-28,1.0,1.0,1.0,1.0
1979-03-01,1.0,1.0,1.0,1.0
1979-03-02,1.0,1.0,1.0,1.0
1979-03-05,1.0,1.0,1.0,1.0
1979-03-06,1.0,1.0,1.0,1.0
1979-03-07,1.0,1.0,1.0,1.0
1979-03-08,1.0,1.0,1.0,1.0
1979-03-09,1.0,1.0,1.0,1.0
1979-03-12,1.0,1.0,1.0,1.0
1979-03-13,1.0,1.0,1.0,1.0
1979-03-14,1.0,1.0,1.0,1.0
1979-03-15,1.0,1.0,1.0,1.0
1979-03-16,1.0,1.0,1.0,1.0
1979-03-19,1.0,1.0,1.0,1.0
1979-03-20,1.0,1.0,1.0,1.0
1979-03-21,1.0,1.0,1.0,1.0
1979-03-22,1.0,1.0,1.0,1.0
1979-03-23,1.0,1.0,1.0,1.0
1979-03-26,1.0,1.0,1.0,1.0
1979-03-27,1.0,1.0,1.0,1.0
1979-03-28,1.0,1.0,1.0,1.0
1979-03-29,1.0,1.0,1.0,1.0
1979-03-30,1.0,1.0,1.0,1.0
1979-04-02,1.0,1.0,1.0,1.0
1979-04-03,1.0,1.0,1.0,1.0
1979-04-04,1.0,1.0,1.0,1.0
1979-04-05,1.0,1.0,1.0,1.0
1979-04-06,1.0,1.0,1.0,1.0
1979-04-09,1.0,1.0,1.0,1.0
1979-04-10,1.0,1.0,1.0,1.0
1979-04-11,1.0,1.0,1.0,1.0
1979-04-12,1.0,1.0,1.0,1.0
1979-04-13,1.0,1.0,1.0,1.0
1979-04-16,1.0,1.0,1.0,1.0
1979-04-17,1.0,1.0,1.0,1.0
1979-04-18,1.0,1.0,1.0,1.0
1979-04-19,1.0,1.0,1.0,1.0
1979-04-20,1.0,1.0,1.0,1.0
1979-04-23,1.0,1.0,1.0,1.0
1979-04-24,1.0,1.0,1.0,1.0
1979-04-25,1.0,1.0,1.0,1.0
1979-04-26,1.0,1.0,1.0,1.0
1979-04-27,1.0,1.0,1.0,1.0
1979-04-30,1.0,1.0,1.0,1.0
1979-05-01,1.0,1.0,1.0,1.0
1979-05-02,1.0,1.0,1.0,1.0
1979-05-03,1.0,1.0,1.0,1.0
1979-05-04,1.0,1.0,1.0,1.0
1979-05-07,1.0,1.0,1.0,1.0
1979-05-08,1.0,1.0,1.0,1.0
1979-05-09,1.0,1.0,1.0,1.0
1979-05-10,1.0,1.0,1.0,1.0
1979-05-11,1.0,1.0,1.0,1.0
1979-05-14,1.0,1.0,1.0,1.0
1979-05-15,1.0,1.0,1.0,1.0
1979-05-16,1.0,1.0,1.0,1.0
1979-05-17,1.0,1.0,1.0,1.0
1979-05-18,1.0,1.0,1.0,1.0
1979-05-21,1.0,1.0,1.0,1.0
1979-05-22,1.0,1.0,1.0,1.0
1979-05-23,1.0,1.0,1.0,1.0
1979-05-24,1.0,1.0,1.0,1.0
1979-05-25,1.0,1.0,1.0,1.0
1979-05-28,1.0,1.0,1.0,1.0
1979-05-29,1.0,1.0,1.0,1.0
1979-05-30,1.0,1.0,1.0,1.0
1979-05-31,1.0,1.0,1.0,1.0
1979-06-01,1.0,1.0,1.0,1.0
1979-06-04,1.0,1.0,1.0,1.0
1979-06-05,1.0,1.0,1.0,1.0
1979-06-06,1.0,1.0,1.0,1.0
1979-06-07,1.0,1.0,1.0,1.0
1979-06-08,1.0,1.0,1.0,1.0
1979-06-11,1.0,1.0,1.0,1.0
1979-06-12,1.0,1.0,1.0,1.0
1979-06-13,1.0,1.0,1.0,1.0
1979-06-14,1.0,1.0,1.0,1.0
1979-06-15,1.0,1.0,1.0,1.0
1979-06-18,1.0,1.0,1.0,1.0
1979-06-19,1.0,1.0,1.0,1.0
1979-06-20,1.0,1.0,1.0,1.0
1979-06-21,1.0,1.0,1.0,1.0
1979-06-22,1.0,1.0,1.0,1.0
1979-06-25,1.0,1.0,1.0,1.0
1979-06-26,1.0,1.0,1.0,1.0
1979-06-27,1.0,1.0,1.0,1.0
1979-06-28,1.0,1.0,1.0,1.0
1979-06-29,1.0,1.0,1.0,1.0
1979-07-02,1.0,1.0,1.0,1.0
1979-07-03,1.0,1.0,1.0,1.0
1979-07-04,1.0,1.0,1.0,1.0
1979-07-05,1.0,1.0,1.0,1.0
1979-07-06,1.0,1.0,1.0,1.0
1979-07-09,1.0,1.0,1.0,1.0
1979-07-10,1.0,1.0,1.0,1.0
1979-07-11,1.0,1.0,1.0,1.0
1979-07-12,1.0,1.0,1.0,1.0
1979-07-13,1.0,1.0,1.0,1.0
1979-07-16,1.0,1.0,1.0,1.0
1979-07-17,1.0,1.0,1.0,1.0
1979-07-18,1.0,1.0,1.0,1.0
1979-07-19,1.0,1.0,1.0,1.0
1979-07-20,1.0,1.0,1.0,1.0
1979-07-23,1.0,1.0,1.0,1.0
1979-07-24,1.0,1.0,1.0,1.0
1979-07-25,1.0,1.0,1.0,1.0
1979-07-26,1.0,1.0,1.0,1.0
1979-07-27,1.0,1.0,1.0,1.0
1979-07-30,1.0,1.0,1.0,1.0
1979-07-31,1.0,1.0,1.0,1.0
1979-08-01,1.0,1.0,1.0,1.0
1979-08-02,1.0,1.0,1.0,1.0
1979-08-03,1.0,1.0,1.0,1.0
1979-08-06,1.0,1.0,1.0,1.0
1979-08-07,1.0,1.0,1.0,1.0
1979-08-08,1.0,1.0,1.0,1.0
1979-08-09,1.0,1.0,1.0,1.0
1979-08-10,1.0,1.0,1.0,1.0
1979-08-13,1.0,1.0,1.0,1.0
1979-08-14,1.0,1.0,1.0,1.0
1979-08-15,1.0,1.0,1.0,1.0
1979-08-16,1.0,1.0,1.0,1.0
1979-08-17,1.0,1.0,1.0,1.0
1979-08-20,1.0,1.0,1.0,1.0
1979-08-21,1.0,1.0,1.0,1.0
1979-08-22,1.0,1.0,1.0,1.0
1979-08-23,1.0,1.0,1.0,1.0
1979-08-24,1.0,1.0,1.0,1.0
1979-08-27,1.0,1.0,1.0,1.0
1979-08-28,1.0,1.0,1.0,1.0
1979-08-29,1.0,1.0,1.0,1.0
1979-08-30,1.0,1.0,1.0,1.0
1979-08-31,1.0,1.0,1.0,1.0
1979-09-03,1.0,1.0,1.0,1.0
1979-09-04,1.0,1.0,1.0,1.0
1979-09-05,1.0,1.0,1.0,1.0
1979-09-06,1.0,1.0,1.0,1.0
1979-09-07,1.0,1.0,1.0,1.0
1979-09-10,1.0,1.0,1.0,1.0
1979-09-11,1.0,1.0,1.0,1.0
1979-09-12,1.0,1.0,1.0,1.0
1979-09-13,1.0,1.0,1.0,1.0
1979-09-14,1.0,1.0,1.0,1.0
1979-09-17,1.0,1.0,1.0,1.0
1979-09-18,1.0,1.0,1.0,1.0
1979-09-19,1.0,1.0,1.0,1.0
1979-09-20,1.0,1.0,1.0,1.0
1979-09-21,1.0,1.0,1.0,1.0
1979-09-24,1.0,1.0,1.0,1.0
1979-09-25,1.0,1.0,1.0,1.0
1979-09-26,1.0,1.0,1.0,1.0
1979-09-27,1.0,1.0,1.0,1.0
1979-09-28,1.0,1.0,1.0,1.0
1979-10-01,1.0,1.0,1.0,1.0
1979-10-02,1.0,1.0,1.0,1.0
1979-10-03,1.0,1.0,1.0,1.0
1979-10-04,1.0,1.0,1.0,1.0
1979-10-05,1.0,1.0,1.0,1.0
1979-10-08,1.0,1.0,1.0,1.0
1979-10-09,1.0,1.0,1.0,1.0
1979-10-10,1.0,1.0,1.0,1.0
1979-10-11,1.0,1.0,1.0,1.0
1979-10-12,1.0,1.0,1.0,1.0
1979-10-15,1.0,1.0,1.0,1.0
1979-10-16,1.0,1.0,1.0,1.0
1979-10-17,1.0,1.0,1.0,1.0
1979-10-18,1.0,1.0,1.0,1.0
1979-10-19,1.0,1.0,1.0,1.0
1979-10-22,1.0,1.0,1.0,1.0
1979-10-23,1.0,1.0,1.0,1.0
1979-10-24,1.0,1.0,1.0,1.0
1979-10-25,1.0,1.0,1.0,1.0
1979-10-26,1.0,1.0,1.0,1.0
1979-10-29,1.0,1.0,1.0,1.0
1979-10-30,1.0,1.0,1.0,1.0
1979-10-31,1.0,1.0,1.0,1.0
1979-11-01,1.0,1.0,1.0,1.0
1979-11-02,1.0,1.0,1.0,1.0
1979-11-05,1.0,1.0,1.0,1.0
1979-11-06,1.0,1.0,1.0,1.0
1979-11-07,1.0,1.0,1.0,1.0
1979-11-08,1.0,1.0,1.0,1.0
1979-11-09,1.0,1.0,1.0,1.0
1979-11-12,1.0,1.0,1.0,1.0
1979-11-13,1.0,1.0,1.0,1.0
1979-11-14,1.0,1.0,1.0,1.0
1979-11-15,1.0,1.0,1.0,1.0
1979-11-16,1.0,1.0,1.0,1.0
1979-11-19,1.0,1.0,1.0,1.0
1979-11-20,1.0,1.0,1.0,1.0
1979-11-21,1.0,1.0,1.0,1.0
1979-11-22,1.0,1.0,1.0,1.0
1979-11-23,1.0,1.0,1.0,1.0
1979-11-26,1.0,1.0,1.0,1.0
1979-11-27,1.0,1.0,1.0,1.0
1979-11-28,1.0,1.0,1.0,1.0
1979-11-29,1.0,1.0,1.0,1.0
1979-11-30,1.0,1.0,1.0,1.0
1979-12-03,1.0,1.0,1.0,1.0
1979-12-04,1.0,1.0,1.0,1.0
1979-12-05,1.0,1.0,1.0,1.0
1979-12-06,1.0,1.0,1.0,1.0
1979-12-07,1.0,1.0,1.0,1.0
1979-12-10,1.0,1.0,1.0,1.0
1979-12-11,1.0,1.0,1.0,1.0
1979-12-12,1.0,1.0,1.0,1.0
1979-12-13,1.0,1.0,1.0,1.0
1979-12-14,1.0,1.0,1.0,1.0
1979-12-17,1.0,1.0,1.0,1.0
1979-12-18,1.0,1.0,1.0,1.0
1979-12-19,1.0,1.0,1.0,1.0
1979-12-20,1.0,1.0,1.0,1.0
1979-12-21,1.0,1.0,1.0,1.0
1979-12-24,1.0,1.0,1.0,1.0
1979-12-25,1.0,1.0,1.0,1.0
1979-12-26,1.0,1.0,1.0,1.0
1979-12-27,1.0,1.0,1.0,1.0
1979-12-28,1.0,1.0,1.0,1.0
1979-12-31,1.0,1.0,1.0,1.0
1980-01-01,1.0,1.0,1.0,1.0
1980-01-02,1.0,1.0,1.0,1.0
1980-01-03,1.0,1.0,1.0,1.0
1980-01-04,1.0,1.0,1.0,1.0
1980-01-07,1.0,1.0,1.0,1.0
1980-01-08,1.0,1.0,1.0,1.0
1980-01-09,1.0,1.0,1.0,1.0
1980-01-10,1.0,1.0,1.0,1.0
1980-01-11,1.0,1.0,1.0,1.0
1980-01-14,1.0,1.0,1.0,1.0
1980-01-15,1.0,1.0,1.0,1.0
1980-01-16,1.0,1.0,1.0,1.0
1980-01-17,1.0,1.0,1.0,1.0
1980-01-18,1.0,1.0,1.0,1.0
1980-01-21,1.0,1.0,1.0,1.0
1980-01-22,1.0,1.0,1.0,1.0
1980-01-23,1.0,1.0,1.0,1.0
1980-01-24,1.0,1.0,1.0,1.0
1980-01-25,1.0,1.0,1.0,1.0
1980-01-28,1.0,1.0,1.0,1.0
1980-01-29,1.0,1.0,1.0,1.0
1980-01-30,1.0,1.0,1.0,1.0
1980-01-31,1.0,1.0,1.0,1.0
1980-02-01,1.0,1.0,1.0,1.0
1980-02-04,1.0,1.0,1.0,1.0
1980-02-05,1.0,1.0,1.0,1.0
1980-02-06,1.0,1.0,1.0,1.0
1980-02-07,1.0,1.0,1.0,1.0
1980-02-08,1.0,1.0,1.0,1.0
1980-02-11,1.0,1.0,1.0,1.0
1980-02-12,1.0,1.0,1.0,1.0
1980-02-13,1.0,1.0,1.0,1.0
1980-02-14,1.0,1.0,1.0,1.0
1980-02-15,1.0,1.0,1.0,1.0
1980-02-18,1.0,1.0,1.0,1.0
1980-02-19,1.0,1.0,1.0,1.0
1980-02-20,1.0,1.0,1.0,1.0
1980-02-21,1.0,1.0,1.0,1.0
1980-02-22,1.0,1.0,1.0,1.0
1980-02-25,1.0,1.0,1.0,1.0
1980-02-26,1.0,1.0,1.0,1.0
1980-02-27,1.0,1.0,1.0,1.0
1980-02-28,1.0,1.0,1.0,1.0
1980-02-29,1.0,1.0,1.0,1.0
1980-03-03,1.0,1.0,1.0,1.0
1980-03-04,1.0,1.0,1.0,1.0
1980-03-05,1.0,1.0,1.0,1.0
1980-03-06,1.0,1.0,1.0,1.0
1980-03-07,1.0,1.0,1.0,1.0
1980-03-10,1.0,1.0,1.0,1.0
1980-03-11,1.0,1.0,1.0,1.0
1980-03-12,1.0,1.0,1.0,1.0
1980-03-13,1.0,1.0,1.0,1.0
1980-03-14,1.0,1.0,1.0,1.0
1980-03-17,1.0,1.0,1.0,1.0
1980-03-18,1.0,1.0,1.0,1.0
1980-03-19,1.0,1.0,1.0,1.0
1980-03-20,1.0,1.0,1.0,1.0
1980-03-21,1.0,1.0,1.0,1.0
1980-03-24,1.0,1.0,1.0,1.0
1980-03-25,1.0,1.0,1.0,1.0
1980-03-26,1.0,1.0,1.0,1.0
1980-03-27,1.0,1.0,1.0,1.0
1980-03-28,1.0,1.0,1.0,1.0
1980-03-31,1.0,1.0,1.0,1.0
1980-04-01,1.0,1.0,1.0,1.0
1980-04-02,1.0,1.0,1.0,1.0
1980-04-03,1.0,1.0,1.0,1.0
1980-04-04,1.0,1.0,1.0,1.0
1980-04-07,1.0,1.0,1.0,1.0
1980-04-08,1.0,1.0,1.0,1.0
1980-04-09,1.0,1.0,1.0,1.0
1980-04-10,1.0,1.0,1.0,1.0
1980-04-11,1.0,1.0,1.0,1.0
1980-04-14,1.0,1.0,1.0,1.0
1980-04-15,1.0,1.0,1.0,1.0
1980-04-16,1.0,1.0,1.0,1.0
1980-04-17,1.0,1.0,1.0,1.0
1980-04-18,1.0,1.0,1.0,1.0
1980-04-21,1.0,1.0,1.0,1.0
1980-04-22,1.0,1.0,1.0,1.0
1980-04-23,1.0,1.0,1.0,1.0
1980-04-24,1.0,1.0,1.0,1.0
1980-04-25,1.0,1.0,1.0,1.0
1980-04-28,1.0,1.0,1.0,1.0
1980-04-29,1.0,1.0,1.0,1.0
1980-04-30,1.0,1.0,1.0,1.0
1980-05-01,1.0,1.0,1.0,1.0
1980-05-02,1.0,1.0,1.0,1.0
1980-05-05,1.0,1.0,1.0,1.0
1980-05-06,1.0,1.0,1.0,1.0
1980-05-07,1.0,1.0,1.0,1.0
1980-05-08,1.0,1.0,1.0,1.0
1980-05-09,1.0,1.0,1.0,1.0
1980-05-12,1.0,1.0,1.0,1.0
1980-05-13,1.0,1.0,1.0,1.0
1980-05-14,1.0,1.0,1.0,1.0
1980-05-15,1.0,1.0,1.0,1.0
1980-05-16,1.0,1.0,1.0,1.0
1980-05-19,1.0,1.0,1.0,1.0
1980-05-20,1.0,1.0,1.0,1.0
1980-05-21,1.0,1.0,1.0,1.0
1980-05-22,1.0,1.0,1.0,1.0
1980-05-23,1.0,1.0,1.0,1.0
1980-05-26,1.0,1.0,1.0,1.0
1980-05-27,1.0,1.0,1.0,1.0
1980-05-28,1.0,1.0,1.0,1.0
1980-05-29,1.0,1.0,1.0,1.0
1980-05-30,1.0,1.0,1.0,1.0
1980-06-02,1.0,1.0,1.0,1.0
1980-06-03,1.0,1.0,1.0,1.0
1980-06-04,1.0,1.0,1.0,1.0
1980-06-05,1.0,1.0,1.0,1.0
1980-06-06,1.0,1.0,1.0,1.0
1980-06-09,1.0,1.0,1.0,1.0
1980-06-10,1.0,1.0,1.0,1.0
1980-06-11,1.0,1.0,1.0,1.0
1980-06-12,1.0,1.0,1.0,1.0
1980-06-13,1.0,1.0,1.0,1.0
1980-06-16,1.0,1.0,1.0,1.0
1980-06-17,1.0,1.0,1.0,1.0
1980-06-18,1.0,1.0,1.0,1.0
1980-06-19,1.0,1.0,1.0,1.0
1980-06-20,1.0,1.0,1.0,1.0
1980-06-23,1.0,1.0,1.0,1.0
1980-06-24,1.0,1.0,1.0,1.0
1980-06-25,1.0,1.0,1.0,1.0
1980-06-26,1.0,1.0,1.0,1.0
1980-06-27,1.0,1.0,1.0,1.0
1980-06-30,1.0,1.0,1.0,1.0
1980-07-01,1.0,1.0,1.0,1.0
1980-07-02,1.0,1.0,1.0,1.0
1980-07-03,1.0,1.0,1.0,1.0
1980-07-04,1.0,1.0,1.0,1.0
1980-07-07,1.0,1.0,1.0,1.0
1980-07-08,1.0,1.0,1.0,1.0
1980-07-09,1.0,1.0,1.0,1.0
1980-07-10,1.0,1.0,1.0,1.0
1980-07-11,1.0,1.0,1.0,1.0
1980-07-14,1.0,1.0,1.0,1.0
1980-07-15,1.0,1.0,1.0,1.0
1980-07-16,1.0,1.0,1.0,1.0
1980-07-17,1.0,1.0,1.0,1.0
1980-07-18,1.0,1.0,1.0,1.0
1980-07-21,1.0,1.0,1.0,1.0
1980-07-22,1.0,1.0,1.0,1.0
1980-07-23,1.0,1.0,1.0,1.0
1980-07-24,1.0,1.0,1.0,1.0
1980-07-25,1.0,1.0,1.0,1.0
1980-07-28,1.0,1.0,1.0,1.0
1980-07-29,1.0,1.0,1.0,1.0
1980-07-30,1.0,1.0,1.0,1.0
1980-07-31,1.0,1.0,1.0,1.0
1980-08-01,1.0,1.0,1.0,1.0
1980-08-04,1.0,1.0,1.0,1.0
1980-08-05,1.0,1.0,1.0,1.0
1980-08-06,1.0,1.0,1.0,1.0
1980-08-07,1.0,1.0,1.0,1.0
1980-08-08,1.0,1.0,1.0,1.0
1980-08-11,1.0,1.0,1.0,1.0
1980-08-12,1.0,1.0,1.0,1.0
1980-08-13,1.0,1.0,1.0,1.0
1980-08-14,1.0,1.0,1.0,1.0
1980-08-15,1.0,1.0,1.0,1.0
1980-08-18,1.0,1.0,1.0,1.0
1980-08-19,1.0,1.0,1.0,1.0
1980-08-20,1.0,1.0,1.0,1.0
1980-08-21,1.0,1.0,1.0,1.0
1980-08-22,1.0,1.0,1.0,1.0
1980-08-25,1.0,1.0,1.0,1.0
1980-08-26,1.0,1.0,1.0,1.0
1980-08-27,1.0,1.0,1.0,1.0
1980-08-28,1.0,1.0,1.0,1.0
1980-08-29,1.0,1.0,1.0,1.0
1980-09-01,1.0,1.0,1.0,1.0
1980-09-02,1.0,1.0,1.0,1.0
1980-09-03,1.0,1.0,1.0,1.0
1980-09-04,1.0,1.0,1.0,1.0
1980-09-05,1.0,1.0,1.0,1.0
1980-09-08,1.0,1.0,1.0,1.0
1980-09-09,1.0,1.0,1.0,1.0
1980-09-10,1.0,1.0,1.0,1.0
1980-09-11,1.0,1.0,1.0,1.0
1980-09-12,1.0,1.0,1.0,1.0
1980-09-15,1.0,1.0,1.0,1.0
1980-09-16,1.0,1.0,1.0,1.0
1980-09-17,1.0,1.0,1.0,1.0
1980-09-18,1.0,1.0,1.0,1.0
1980-09-19,1.0,1.0,1.0,1.0
1980-09-22,1.0,1.0,1.0,1.0
1980-09-23,1.0,1.0,1.0,1.0
1980-09-24,1.0,1.0,1.0,1.0
1980-09-25,1.0,1.0,1.0,1.0
1980-09-26,1.0,1.0,1.0,1.0
1980-09-29,1.0,1.0,1.0,1.0
1980-09-30,1.0,1.0,1.0,1.0
1980-10-01,1.0,1.0,1.0,1.0
1980-10-02,1.0,1.0,1.0,1.0
1980-10-03,1.0,1.0,1.0,1.0
1980-10-06,1.0,1.0,1.0,1.0
1980-10-07,1.0,1.0,1.0,1.0
1980-10-08,1.0,1.0,1.0,1.0
1980-10-09,1.0,1.0,1.0,1.0
1980-10-10,1.0,1.0,1.0,1.0
1980-10-13,1.0,1.0,1.0,1.0
1980-10-14,1.0,1.0,1.0,1.0
1980-10-15,1.0,1.0,1.0,1.0
1980-10-16,1.0,1.0,1.0,1.0
1980-10-17,1.0,1.0,1.0,1.0
1980-10-20,1.0,1.0,1.0,1.0
1980-10-21,1.0,1.0,1.0,1.0
1980-10-22,1.0,1.0,1.0,1.0
1980-10-23,1.0,1.0,1.0,1.0
1980-10-24,1.0,1.0,1.0,1.0
1980-10-27,1.0,1.0,1.0,1.0
1980-10-28,1.0,1.0,1.0,1.0
1980-10-29,1.0,1.0,1.0,1.0
1980-10-30,1.0,1.0,1.0,1.0
1980-10-31,1.0,1.0,1.0,1.0
1980-11-03,1.0,1.0,1.0,1.0
1980-11-04,1.0,1.0,1.0,1.0
1980-11-05,1.0,1.0,1.0,1.0
1980-11-06,1.0,1.0,1.0,1.0
1980-11-07,1.0,1.0,1.0,1.0
1980-11-10,1.0,1.0,1.0,1.0
1980-11-11,1.0,1.0,1.0,1.0
1980-11-12,1.0,1.0,1.0,1.0
1980-11-13,1.0,1.0,1.0,1.0
1980-11-14,1.0,1.0,1.0,1.0
1980-11-17,1.0,1.0,1.0,1.0
1980-11-18,1.0,1.0,1.0,1.0
1980-11-19,1.0,1.0,1.0,1.0
1980-11-20,1.0,1.0,1.0,1.0
1980-11-21,1.0,1.0,1.0,1.0
1980-11-24,1.0,1.0,1.0,1.0
1980-11-25,1.0,1.0,1.0,1.0
1980-11-26,1.0,1.0,1.0,1.0
1980-11-27,1.0,1.0,1.0,1.0
1980-11-28,1.0,1.0,1.0,1.0
1980-12-01,1.0,1.0,1.0,1.0
1980-12-02,1.0,1.0,1.0,1.0
1980-12-03,1.0,1.0,1.0,1.0
1980-12-04,1.0,1.0,1.0,1.0
1980-12-05,1.0,1.0,1.0,1.0
1980-12-08,1.0,1.0,1.0,1.0
1980-12-09,1.0,1.0,1.0,1.0
1980-12-10,1.0,1.0,1.0,1.0
1980-12-11,1.0,1.0,1.0,1.0
1980-12-12,1.0,1.0,1.0,1.0
1980-12-15,1.0,1.0,1.0,1.0
1980-12-16,1.0,1.0,1.0,1.0
1980-12-17,1.0,1.0,1.0,1.0
1980-12-18,1.0,1.0,1.0,1.0
1980-12-19,1.0,1.0,1.0,1.0
1980-12-22,1.0,1.0,1.0,1.0
1980-12-23,1.0,1.0,1.0,1.0
1980-12-24,1.0,1.0,1.0,1.0
1980-12-25,1.0,1.0,1.0,1.0
1980-12-26,1.0,1.0,1.0,1.0
1980-12-29,1.0,1.0,1.0,1.0
1980-12-30,1.0,1.0,1.0,1.0
1980-12-31,1.0,1.0,1.0,1.0
1981-01-01,1.0,1.0,1.0,1.0
1981-01-02,1.0,1.0,1.0,1.0
1981-01-05,1.0,1.0,1.0,1.0
1981-01-06,1.0,1.0,1.0,1.0
1981-01-07,1.0,1.0,1.0,1.0
1981-01-08,1.0,1.0,1.0,1.0
1981-01-09,1.0,1.0,1.0,1.0
1981-01-12,1.0,1.0,1.0,1.0
1981-01-13,1.0,1.0,1.0,1.0
1981-01-14,1.0,1.0,1.0,1.0
1981-01-15,1.0,1.0,1.0,1.0
1981-01-16,1.0,1.0,1.0,1.0
1981-01-19,1.0,1.0,1.0,1.0
1981-01-20,1.0,1.0,1.0,1.0
1981-01-21,1.0,1.0,1.0,1.0
1981-01-22,1.0,1.0,1.0,1.0
1981-01-23,1.0,1.0,1.0,1.0
1981-01-26,1.0,1.0,1.0,1.0
1981-01-27,1.0,1.0,1.0,1.0
1981-01-28,1.0,1.0,1.0,1.0
1981-01-29,1.0,1.0,1.0,1.0
1981-01-30,1.0,1.0,1.0,1.0
1981-02-02,1.0,1.0,1.0,1.0
1981-02-03,1.0,1.0,1.0,1.0
1981-02-04,1.0,1.0,1.0,1.0
1981-02-05,1.0,1.0,1.0,1.0
1981-02-06,1.0,1.0,1.0,1.0
1981-02-09,1.0,1.0,1.0,1.0
1981-02-10,1.0,1.0,1.0,1.0
1981-02-11,1.0,1.0,1.0,1.0
1981-02-12,1.0,1.0,1.0,1.0
1981-02-13,1.0,1.0,1.0,1.0
1981-02-16,1.0,1.0,1.0,1.0
1981-02-17,1.0,1.0,1.0,1.0
1981-02-18,1.0,1.0,1.0,1.0
1981-02-19,1.0,1.0,1.0,1.0
1981-02-20,1.0,1.0,1.0,1.0
1981-02-23,1.0,1.0,1.0,1.0
1981-02-24,1.0,1.0,1.0,1.0
1981-02-25,1.0,1.0,1.0,1.0
1981-02-26,1.0,1.0,1.0,1.0
1981-02-27,1.0,1.0,1.0,1.0
1981-03-02,1.0,1.0,1.0,1.0
1981-03-03,1.0,1.0,1.0,1.0
1981-03-04,1.0,1.0,1.0,1.0
1981-03-05,1.0,1.0,1.0,1.0
1981-03-06,1.0,1.0,1.0,1.0
1981-03-09,1.0,1.0,1.0,1.0
1981-03-10,1.0,1.0,1.0,1.0
1981-03-11,1.0,1.0,1.0,1.0
1981-03-12,1.0,1.0,1.0,1.0
1981-03-13,1.0,1.0,1.0,1.0
1981-03-16,1.0,1.0,1.0,1.0
1981-03-17,1.0,1.0,1.0,1.0
1981-03-18,1.0,1.0,1.0,1.0
1981-03-19,1.0,1.0,1.0,1.0
1981-03-20,1.0,1.0,1.0,1.0
1981-03-23,1.0,1.0,1.0,1.0
1981-03-24,1.0,1.0,1.0,1.0
1981-03-25,1.0,1.0,1.0,1.0
1981-03-26,1.0,1.0,1.0,1.0
1981-03-27,1.0,1.0,1.0,1.0
1981-03-30,1.0,1.0,1.0,1.0
1981-03-31,1.0,1.0,1.0,1.0
1981-04-01,1.0,1.0,1.0,1.0
1981-04-02,1.0,1.0,1.0,1.0
1981-04-03,1.0,1.0,1.0,1.0
1981-04-06,1.0,1.0,1.0,1.0
1981-04-07,1.0,1.0,1.0,1.0
1981-04-08,1.0,1.0,1.0,1.0
1981-04-09,1.0,1.0,1.0,1.0
1981-04-10,1.0,1.0,1.0,1.0
1981-04-13,1.0,1.0,1.0,1.0
1981-04-14,1.0,1.0,1.0,1.0
1981-04-15,1.0,1.0,1.0,1.0
1981-04-16,1.0,1.0,1.0,1.0
1981-04-17,1.0,1.0,1.0,1.0
1981-04-20,1.0,1.0,1.0,1.0
1981-04-21,1.0,1.0,1.0,1.0
1981-04-22,1.0,1.0,1.0,1.0
1981-04-23,1.0,1.0,1.0,1.0
1981-04-24,1.0,1.0,1.0,1.0
1981-04-27,1.0,1.0,1.0,1.0
1981-04-28,1.0,1.0,1.0,1.0
1981-04-29,1.0,1.0,1.0,1.0
1981-04-30,1.0,1.0,1.0,1.0
1981-05-01,1.0,1.0,1.0,1.0
1981-05-04,1.0,1.0,1.0,1.0
1981-05-05,1.0,1.0,1.0,1.0
1981-05-06,1.0,1.0,1.0,1.0
1981-05-07,1.0,1.0,1.0,1.0
1981-05-08,1.0,1.0,1.0,1.0
1981-05-11,1.0,1.0,1.0,1.0
1981-05-12,1.0,1.0,1.0,1.0
1981-05-13,1.0,1.0,1.0,1.0
1981-05-14,1.0,1.0,1.0,1.0
1981-05-15,1.0,1.0,1.0,1.0
1981-05-18,1.0,1.0,1.0,1.0
1981-05-19,1.0,1.0,1.0,1.0
1981-05-20,1.0,1.0,1.0,1.0
1981-05-21,1.0,1.0,1.0,1.0
1981-05-22,1.0,1.0,1.0,1.0
1981-05-25,1.0,1.0,1.0,1.0
1981-05-26,1.0,1.0,1.0,1.0
1981-05-27,1.0,1.0,1.0,1.0
1981-05-28,1.0,1.0,1.0,1.0
1981-05-29,1.0,1.0,1.0,1.0
1981-06-01,1.0,1.0,1.0,1.0
1981-06-02,1.0,1.0,1.0,1.0
1981-06-03,1.0,1.0,1.0,1.0
1981-06-04,1.0,1.0,1.0,1.0
1981-06-05,1.0,1.0,1.0,1.0
1981-06-08,1.0,1.0,1.0,1.0
1981-06-09,1.0,1.0,1.0,1.0
1981-06-10,1.0,1.0,1.0,1.0
1981-06-11,1.0,1.0,1.0,1.0
1981-06-12,1.0,1.0,1.0,1.0
1981-06-15,1.0,1.0,1.0,1.0
1981-06-16,1.0,1.0,1.0,1.0
1981-06-17,1.0,1.0,1.0,1.0
1981-06-18,1.0,1.0,1.0,1.0
1981-06-19,1.0,1.0,1.0,1.0
1981-06-22,1.0,1.0,1.0,1.0
1981-06-23,1.0,1.0,1.0,1.0
1981-06-24,1.0,1.0,1.0,1.0
1981-06-25,1.0,1.0,1.0,1.0
1981-06-26,1.0,1.0,1.0,1.0
1981-06-29,1.0,1.0,1.0,1.0
1981-06-30,1.0,1.0,1.0,1.0
1981-07-01,1.0,1.0,1.0,1.0
1981-07-02,1.0,1.0,1.0,1.0
1981-07-03,1.0,1.0,1.0,1.0
1981-07-06,1.0,1.0,1.0,1.0
1981-07-07,1.0,1.0,1.0,1.0
1981-07-08,1.0,1.0,1.0,1.0
1981-07-09,1.0,1.0,1.0,1.0
1981-07-10,1.0,1.0,1.0,1.0
1981-07-13,1.0,1.0,1.0,1.0
1981-07-14,1.0,1.0,1.0,1.0
1981-07-15,1.0,1.0,1.0,1.0
1981-07-16,1.0,1.0,1.0,1.0
1981-07-17,1.0,1.0,1.0,1.0
1981-07-20,1.0,1.0,1.0,1.0
1981-07-21,1.0,1.0,1.0,1.0
1981-07-22,1.0,1.0,1.0,1.0
1981-07-23,1.0,1.0,1.0,1.0
1981-07-24,1.0,1.0,1.0,1.0
1981-07-27,1.0,1.0,1.0,1.0
1981-07-28,1.0,1.0,1.0,1.0
1981-07-29,1.0,1.0,1.0,1.0
1981-07-30,1.0,1.0,1.0,1.0
1981-07-31,1.0,1.0,1.0,1.0
1981-08-03,1.0,1.0,1.0,1.0
1981-08-04,1.0,1.0,1.0,1.0
1981-08-05,1.0,1.0,1.0,1.0
1981-08-06,1.0,1.0,1.0,1.0
1981-08-07,1.0,1.0,1.0,1.0
1981-08-10,1.0,1.0,1.0,1.0
1981-08-11,1.0,1.0,1.0,1.0
1981-08-12,1.0,1.0,1.0,1.0
1981-08-13,1.0,1.0,1.0,1.0
1981-08-14,1.0,1.0,1.0,1.0
1981-08-17,1.0,1.0,1.0,1.0
1981-08-18,1.0,1.0,1.0,1.0
1981-08-19,1.0,1.0,1.0,1.0
1981-08-20,1.0,1.0,1.0,1.0
1981-08-21,1.0,1.0,1.0,1.0
1981-08-24,1.0,1.0,1.0,1.0
1981-08-25,1.0,1.0,1.0,1.0
1981-08-26,1.0,1.0,1.0,1.0
1981-08-27,1.0,1.0,1.0,1.0
1981-08-28,1.0,1.0,1.0,1.0
1981-08-31,1.0,1.0,1.0,1.0
1981-09-01,1.0,1.0,1.0,1.0
1981-09-02,1.0,1.0,1.0,1.0
1981-09-03,1.0,1.0,1.0,1.0
1981-09-04,1.0,1.0,1.0,1.0
1981-09-07,1.0,1.0,1.0,1.0
1981-09-08,1.0,1.0,1.0,1.0
1981-09-09,1.0,1.0,1.0,1.0
1981-09-10,1.0,1.0,1.0,1.0
1981-09-11,1.0,1.0,1.0,1.0
1981-09-14,1.0,1.0,1.0,1.0
1981-09-15,1.0,1.0,1.0,1.0
1981-09-16,1.0,1.0,1.0,1.0
1981-09-17,1.0,1.0,1.0,1.0
1981-09-18,1.0,1.0,1.0,1.0
1981-09-21,1.0,1.0,1.0,1.0
1981-09-22,1.0,1.0,1.0,1.0
1981-09-23,1.0,1.0,1.0,1.0
1981-09-24,1.0,1.0,1.0,1.0
1981-09-25,1.0,1.0,1.0,1.0
1981-09-28,1.0,1.0,1.0,1.0
1981-09-29,1.0,1.0,1.0,1.0
1981-09-30,1.0,1.0,1.0,1.0
1981-10-01,1.0,1.0,1.0,1.0
1981-10-02,1.0,1.0,1.0,1.0
1981-10-05,1.0,1.0,1.0,1.0
1981-10-06,1.0,1.0,1.0,1.0
1981-10-07,1.0,1.0,1.0,1.0
1981-10-08,1.0,1.0,1.0,1.0
1981-10-09,1.0,1.0,1.0,1.0
1981-10-12,1.0,1.0,1.0,1.0
1981-10-13,1.0,1.0,1.0,1.0
1981-10-14,1.0,1.0,1.0,1.0
1981-10-15,1.0,1.0,1.0,1.0
1981-10-16,1.0,1.0,1.0,1.0
1981-10-19,1.0,1.0,1.0,1.0
1981-10-20,1.0,1.0,1.0,1.0
1981-10-21,1.0,1.0,1.0,1.0
1981-10-22,1.0,1.0,1.0,1.0
1981-10-23,1.0,1.0,1.0,1.0
1981-10-26,1.0,1.0,1.0,1.0
1981-10-27,1.0,1.0,1.0,1.0
1981-10-28,1.0,1.0,1.0,1.0
1981-10-29,1.0,1.0,1.0,1.0
1981-10-30,1.0,1.0,1.0,1.0
1981-11-02,1.0,1.0,1.0,1.0
1981-11-03,1.0,1.0,1.0,1.0
1981-11-04,1.0,1.0,1.0,1.0
1981-11-05,1.0,1.0,1.0,1.0
1981-11-06,1.0,1.0,1.0,1.0
1981-11-09,1.0,1.0,1.0,1.0
1981-11-10,1.0,1.0,1.0,1.0
1981-11-11,1.0,1.0,1.0,1.0
1981-11-12,1.0,1.0,1.0,1.0
1981-11-13,1.0,1.0,1.0,1.0
1981-11-16,1.0,1.0,1.0,1.0
1981-11-17,1.0,1.0,1.0,1.0
1981-11-18,1.0,1.0,1.0,1.0
1981-11-19,1.0,1.0,1.0,1.0
1981-11-20,1.0,1.0,1.0,1.0
1981-11-23,1.0,1.0,1.0,1.0
1981-11-24,1.0,1.0,1.0,1.0
1981-11-25,1.0,1.0,1.0,1.0
1981-11-26,1.0,1.0,1.0,1.0
1981-11-27,1.0,1.0,1.0,1.0
1981-11-30,1.0,1.0,1.0,1.0
1981-12-01,1.0,1.0,1.0,1.0
1981-12-02,1.0,1.0,1.0,1.0
1981-12-03,1.0,1.0,1.0,1.0
1981-12-04,1.0,1.0,1.0,1.0
1981-12-07,1.0,1.0,1.0,1.0
1981-12-08,1.0,1.0,1.0,1.0
1981-12-09,1.0,1.0,1.0,1.0
1981-12-10,1.0,1.0,1.0,1.0
1981-12-11,1.0,1.0,1.0,1.0
1981-12-14,1.0,1.0,1.0,1.0
1981-12-15,1.0,1.0,1.0,1.0
1981-12-16,1.0,1.0,1.0,1.0
1981-12-17,1.0,1.0,1.0,1.0
1981-12-18,1.0,1.0,1.0,1.0
1981-12-21,1.0,1.0,1.0,1.0
1981-12-22,1.0,1.0,1.0,1.0
1981-12-23,1.0,1.0,1.0,1.0
1981-12-24,1.0,1.0,1.0,1.0
1981-12-25,1.0,1.0,1.0,1.0
1981-12-28,1.0,1.0,1.0,1.0
1981-12-29,1.0,1.0,1.0,1.0
1981-12-30,1.0,1.0,1.0,1.0
1981-12-31,1.0,1.0,1.0,1.0
1982-01-01,1.0,1.0,1.0,1.0
1982-01-04,1.0,1.0,1.0,1.0
1982-01-05,1.0,1.0,1.0,1.0
1982-01-06,1.0,1.0,1.0,1.0
1982-01-07,1.0,1.0,1.0,1.0
1982-01-08,1.0,1.0,1.0,1.0
1982-01-11,1.0,1.0,1.0,1.0
1982-01-12,1.0,1.0,1.0,1.0
1982-01-13,1.0,1.0,1.0,1.0
1982-01-14,1.0,1.0,1.0,1.0
1982-01-15,1.0,1.0,1.0,1.0
1982-01-18,1.0,1.0,1.0,1.0
1982-01-19,1.0,1.0,1.0,1.0
1982-01-20,1.0,1.0,1.0,1.0
1982-01-21,1.0,1.0,1.0,1.0
1982-01-22,1.0,1.0,1.0,1.0
1982-01-25,1.0,1.0,1.0,1.0
1982-01-26,1.0,1.0,1.0,1.0
1982-01-27,1.0,1.0,1.0,1.0
1982-01-28,1.0,1.0,1.0,1.0
1982-01-29,1.0,1.0,1.0,1.0
1982-02-01,1.0,1.0,1.0,1.0
1982-02-02,1.0,1.0,1.0,1.0
1982-02-03,1.0,1.0,1.0,1.0
1982-02-04,1.0,1.0,1.0,1.0
1982-02-05,1.0,1.0,1.0,1.0
1982-02-08,1.0,1.0,1.0,1.0
1982-02-09,1.0,1.0,1.0,1.0
1982-02-10,1.0,1.0,1.0,1.0
1982-02-11,1.0,1.0,1.0,1.0
1982-02-12,1.0,1.0,1.0,1.0
1982-02-15,1.0,1.0,1.0,1.0
1982-02-16,1.0,1.0,1.0,1.0
1982-02-17,1.0,1.0,1.0,1.0
1982-02-18,1.0,1.0,1.0,1.0
1982-02-19,1.0,1.0,1.0,1.0
1982-02-22,1.0,1.0,1.0,1.0
1982-02-23,1.0,1.0,1.0,1.0
1982-02-24,1.0,1.0,1.0,1.0
1982-02-25,1.0,1.0,1.0,1.0
1982-02-26,1.0,1.0,1.0,1.0
1982-03-01,1.0,1.0,1.0,1.0
1982-03-02,1.0,1.0,1.0,1.0
1982-03-03,1.0,1.0,1.0,1.0
1982-03-04,1.0,1.0,1.0,1.0
1982-03-05,1.0,1.0,1.0,1.0
1982-03-08,1.0,1.0,1.0,1.0
1982-03-09,1.0,1.0,1.0,1.0
1982-03-10,1.0,1.0,1.0,1.0
1982-03-11,1.0,1.0,1.0,1.0
1982-03-12,1.0,1.0,1.0,1.0
1982-03-15,1.0,1.0,1.0,1.0
1982-03-16,1.0,1.0,1.0,1.0
1982-03-17,1.0,1.0,1.0,1.0
1982-03-18,1.0,1.0,1.0,1.0
1982-03-19,1.0,1.0,1.0,1.0
1982-03-22,1.0,1.0,1.0,1.0
1982-03-23,1.0,1.0,1.0,1.0
1982-03-24,1.0,1.0,1.0,1.0
1982-03-25,1.0,1.0,1.0,1.0
1982-03-26,1.0,1.0,1.0,1.0
1982-03-29,1.0,1.0,1.0,1.0
1982-03-30,1.0,1.0,1.0,1.0
1982-03-31,1.0,1.0,1.0,1.0
1982-04-01,1.0,1.0,1.0,1.0
1982-04-02,1.0,1.0,1.0,1.0
1982-04-05,1.0,1.0,1.0,1.0
1982-04-06,1.0,1.0,1.0,1.0
1982-04-07,1.0,1.0,1.0,1.0
1982-04-08,1.0,1.0,1.0,1.0
1982-04-09,1.0,1.0,1.0,1.0
1982-04-12,1.0,1.0,1.0,1.0
1982-04-13,1.0,1.0,1.0,1.0
1982-04-14,1.0,1.0,1.0,1.0
1982-04-15,1.0,1.0,1.0,1.0
1982-04-16,1.0,1.0,1.0,1.0
1982-04-19,1.0,1.0,1.0,1.0
1982-04-20,1.0,1.0,1.0,1.0
1982-04-21,1.0,1.0,1.0,1.0
1982-04-22,1.0,1.0,1.0,1.0
1982-04-23,1.0,1.0,1.0,1.0
1982-04-26,1.0,1.0,1.0,1.0
1982-04-27,1.0,1.0,1.0,1.0
1982-04-28,1.0,1.0,1.0,1.0
1982-04-29,1.0,1.0,1.0,1.0
1982-04-30,1.0,1.0,1.0,1.0
1982-05-03,1.0,1.0,1.0,1.0
1982-05-04,1.0,1.0,1.0,1.0
1982-05-05,1.0,1.0,1.0,1.0
1982-05-06,1.0,1.0,1.0,1.0
1982-05-07,1.0,1.0,1.0,1.0
1982-05-10,1.0,1.0,1.0,1.0
1982-05-11,1.0,1.0,1.0,1.0
1982-05-12,1.0,1.0,1.0,1.0
1982-05-13,1.0,1.0,1.0,1.0
1982-05-14,1.0,1.0,1.0,1.0
1982-05-17,1.0,1.0,1.0,1.0
1982-05-18,1.0,1.0,1.0,1.0
1982-05-19,1.0,1.0,1.0,1.0
1982-05-20,1.0,1.0,1.0,1.0
1982-05-21,1.0,1.0,1.0,1.0
1982-05-24,1.0,1.0,1.0,1.0
1982-05-25,1.0,1.0,1.0,1.0
1982-05-26,1.0,1.0,1.0,1.0
1982-05-27,1.0,1.0,1.0,1.0
1982-05-28,1.0,1.0,1.0,1.0
1982-05-31,1.0,1.0,1.0,1.0
1982-06-01,1.0,1.0,1.0,1.0
1982-06-02,1.0,1.0,1.0,1.0
1982-06-03,1.0,1.0,1.0,1.0
1982-06-04,1.0,1.0,1.0,1.0
1982-06-07,1.0,1.0,1.0,1.0
1982-06-08,1.0,1.0,1.0,1.0
1982-06-09,1.0,1.0,1.0,1.0
1982-06-10,1.0,1.0,1.0,1.0
1982-06-11,1.0,1.0,1.0,1.0
1982-06-14,1.0,1.0,1.0,1.0
1982-06-15,1.0,1.0,1.0,1.0
1982-06-16,1.0,1.0,1.0,1.0
1982-06-17,1.0,1.0,1.0,1.0
1982-06-18,1.0,1.0,1.0,1.0
1982-06-21,1.0,1.0,1.0,1.0
1982-06-22,1.0,1.0,1.0,1.0
1982-06-23,1.0,1.0,1.0,1.0
1982-06-24,1.0,1.0,1.0,1.0
1982-06-25,1.0,1.0,1.0,1.0
1982-06-28,1.0,1.0,1.0,1.0
1982-06-29,1.0,1.0,1.0,1.0
1982-06-30,1.0,1.0,1.0,1.0
1982-07-01,1.0,1.0,1.0,1.0
1982-07-02,1.0,1.0,1.0,1.0
1982-07-05,1.0,1.0,1.0,1.0
1982-07-06,1.0,1.0,1.0,1.0
1982-07-07,1.0,1.0,1.0,1.0
1982-07-08,1.0,1.0,1.0,1.0
1982-07-09,1.0,1.0,1.0,1.0
1982-07-12,1.0,1.0,1.0,1.0
1982-07-13,1.0,1.0,1.0,1.0
1982-07-14,1.0,1.0,1.0,1.0
1982-07-15,1.0,1.0,1.0,1.0
1982-07-16,1.0,1.0,1.0,1.0
1982-07-19,1.0,1.0,1.0,1.0
1982-07-20,1.0,1.0,1.0,1.0
1982-07-21,1.0,1.0,1.0,1.0
1982-07-22,1.0,1.0,1.0,1.0
1982-07-23,1.0,1.0,1.0,1.0
1982-07-26,1.0,1.0,1.0,1.0
1982-07-27,1.0,1.0,1.0,1.0
1982-07-28,1.0,1.0,1.0,1.0
1982-07-29,1.0,1.0,1.0,1.0
1982-07-30,1.0,1.0,1.0,1.0
1982-08-02,1.0,1.0,1.0,1.0
1982-08-03,1.0,1.0,1.0,1.0
1982-08-04,1.0,1.0,1.0,1.0
1982-08-05,1.0,1.0,1.0,1.0
1982-08-06,1.0,1.0,1.0,1.0
1982-08-09,1.0,1.0,1.0,1.0
1982-08-10,1.0,1.0,1.0,1.0
1982-08-11,1.0,1.0,1.0,1.0
1982-08-12,1.0,1.0,1.0,1.0
1982-08-13,1.0,1.0,1.0,1.0
1982-08-16,1.0,1.0,1.0,1.0
1982-08-17,1.0,1.0,1.0,1.0
1982-08-18,1.0,1.0,1.0,1.0
1982-08-19,1.0,1.0,1.0,1.0
1982-08-20,1.0,1.0,1.0,1.0
1982-08-23,1.0,1.0,1.0,1.0
1982-08-24,1.0,1.0,1.0,1.0
1982-08-25,1.0,1.0,1.0,1.0
1982-08-26,1.0,1.0,1.0,1.0
1982-08-27,1.0,1.0,1.0,1.0
1982-08-30,1.0,1.0,1.0,1.0
1982-08-31,1.0,1.0,1.0,1.0
1982-09-01,1.0,1.0,1.0,1.0
1982-09-02,1.0,1.0,1.0,1.0
1982-09-03,1.0,1.0,1.0,1.0
1982-09-06,1.0,1.0,1.0,1.0
1982-09-07,1.0,1.0,1.0,1.0
1982-09-08,1.0,1.0,1.0,1.0
1982-09-09,1.0,1.0,1.0,1.0
1982-09-10,1.0,1.0,1.0,1.0
1982-09-13,1.0,1.0,1.0,1.0
1982-09-14,1.0,1.0,1.0,1.0
1982-09-15,1.0,1.0,1.0,1.0
1982-09-16,1.0,1.0,1.0,1.0
1982-09-17,1.0,1.0,1.0,1.0
1982-09-20,1.0,1.0,1.0,1.0
1982-09-21,1.0,1.0,1.0,1.0
1982-09-22,1.0,1.0,1.0,1.0
1982-09-23,1.0,1.0,1.0,1.0
1982-09-24,1.0,1.0,1.0,1.0
1982-09-27,1.0,1.0,1.0,1.0
1982-09-28,1.0,1.0,1.0,1.0
1982-09-29,1.0,1.0,1.0,1.0
1982-09-30,1.0,1.0,1.0,1.0
1982-10-01,1.0,1.0,1.0,1.0
1982-10-04,1.0,1.0,1.0,1.0
1982-10-05,1.0,1.0,1.0,1.0
1982-10-06,1.0,1.0,1.0,1.0
1982-10-07,1.0,1.0,1.0,1.0
1982-10-08,1.0,1.0,1.0,1.0
1982-10-11,1.0,1.0,1.0,1.0
1982-10-12,1.0,1.0,1.0,1.0
1982-10-13,1.0,1.0,1.0,1.0
1982-10-14,1.0,1.0,1.0,1.0
1982-10-15,1.0,1.0,1.0,1.0
1982-10-18,1.0,1.0,1.0,1.0
1982-10-19,1.0,1.0,1.0,1.0
1982-10-20,1.0,1.0,1.0,1.0
1982-10-21,1.0,1.0,1.0,1.0
1982-10-22,1.0,1.0,1.0,1.0
1982-10-25,1.0,1.0,1.0,1.0
1982-10-26,1.0,1.0,1.0,1.0
1982-10-27,1.0,1.0,1.0,1.0
1982-10-28,1.0,1.0,1.0,1.0
1982-10-29,1.0,1.0,1.0,1.0
1982-11-01,1.0,1.0,1.0,1.0
1982-11-02,1.0,1.0,1.0,1.0
1982-11-03,1.0,1.0,1.0,1.0
1982-11-04,1.0,1.0,1.0,1.0
1982-11-05,1.0,1.0,1.0,1.0
1982-11-08,1.0,1.0,1.0,1.0
1982-11-09,1.0,1.0,1.0,1.0
1982-11-10,1.0,1.0,1.0,1.0
1982-11-11,1.0,1.0,1.0,1.0
1982-11-12,1.0,1.0,1.0,1.0
1982-11-15,1.0,1.0,1.0,1.0
1982-11-16,1.0,1.0,1.0,1.0
1982-11-17,1.0,1.0,1.0,1.0
1982-11-18,1.0,1.0,1.0,1.0
1982-11-19,1.0,1.0,1.0,1.0
1982-11-22,1.0,1.0,1.0,1.0
1982-11-23,1.0,1.0,1.0,1.0
1982-11-24,1.0,1.0,1.0,1.0
1982-11-25,1.0,1.0,1.0,1.0
1982-11-26,1.0,1.0,1.0,1.0
1982-11-29,1.0,1.0,1.0,1.0
1982-11-30,1.0,1.0,1.0,1.0
1982-12-01,1.0,1.0,1.0,1.0
1982-12-02,1.0,1.0,1.0,1.0
1982-12-03,1.0,1.0,1.0,1.0
1982-12-06,1.0,1.0,1.0,1.0
1982-12-07,1.0,1.0,1.0,1.0
1982-12-08,1.0,1.0,1.0,1.0
1982-12-09,1.0,1.0,1.0,1.0
1982-12-10,1.0,1.0,1.0,1.0
1982-12-13,1.0,1.0,1.0,1.0
1982-12-14,1.0,1.0,1.0,1.0
1982-12-15,1.0,1.0,1.0,1.0
1982-12-16,1.0,1.0,1.0,1.0
1982-12-17,1.0,1.0,1.0,1.0
1982-12-20,1.0,1.0,1.0,1.0
1982-12-21,1.0,1.0,1.0,1.0
1982-12-22,1.0,1.0,1.0,1.0
1982-12-23,1.0,1.0,1.0,1.0
1982-12-24,1.0,1.0,1.0,1.0
1982-12-27,1.0,1.0,1.0,1.0
1982-12-28,1.0,1.0,1.0,1.0
1982-12-29,1.0,1.0,1.0,1.0
1982-12-30,1.0,1.0,1.0,1.0
1982-12-31,1.0,1.0,1.0,1.0
1983-01-03,1.0,1.0,1.0,1.0
1983-01-04,1.0,1.0,1.0,1.0
1983-01-05,1.0,1.0,1.0,1.0
1983-01-06,1.0,1.0,1.0,1.0
1983-01-07,1.0,1.0,1.0,1.0
1983-01-10,1.0,1.0,1.0,1.0
1983-01-11,1.0,1.0,1.0,1.0
1983-01-12,1.0,1.0,1.0,1.0
1983-01-13,1.0,1.0,1.0,1.0
1983-01-14,1.0,1.0,1.0,1.0
1983-01-17,1.0,1.0,1.0,1.0
1983-01-18,1.0,1.0,1.0,1.0
1983-01-19,1.0,1.0,1.0,1.0
1983-01-20,1.0,1.0,1.0,1.0
1983-01-21,1.0,1.0,1.0,1.0
1983-01-24,1.0,1.0,1.0,1.0
1983-01-25,1.0,1.0,1.0,1.0
1983-01-26,1.0,1.0,1.0,1.0
1983-01-27,1.0,1.0,1.0,1.0
1983-01-28,1.0,1.0,1.0,1.0
1983-01-31,1.0,1.0,1.0,1.0
1983-02-01,1.0,1.0,1.0,1.0
1983-02-02,1.0,1.0,1.0,1.0
1983-02-03,1.0,1.0,1.0,1.0
1983-02-04,1.0,1.0,1.0,1.0
1983-02-07,1.0,1.0,1.0,1.0
1983-02-08,1.0,1.0,1.0,1.0
1983-02-09,1.0,1.0,1.0,1.0
1983-02-10,1.0,1.0,1.0,1.0
1983-02-11,1.0,1.0,1.0,1.0
1983-02-14,1.0,1.0,1.0,1.0
1983-02-15,1.0,1.0,1.0,1.0
1983-02-16,1.0,1.0,1.0,1.0
1983-02-17,1.0,1.0,1.0,1.0
1983-02-18,1.0,1.0,1.0,1.0
1983-02-21,1.0,1.0,1.0,1.0
1983-02-22,1.0,1.0,1.0,1.0
1983-02-23,1.0,1.0,1.0,1.0
1983-02-24,1.0,1.0,1.0,1.0
1983-02-25,1.0,1.0,1.0,1.0
1983-02-28,1.0,1.0,1.0,1.0
1983-03-01,1.0,1.0,1.0,1.0
1983-03-02,1.0,1.0,1.0,1.0
1983-03-03,1.0,1.0,1.0,1.0
1983-03-04,1.0,1.0,1.0,1.0
1983-03-07,1.0,1.0,1.0,1.0
1983-03-08,1.0,1.0,1.0,1.0
1983-03-09,1.0,1.0,1.0,1.0
1983-03-10,1.0,1.0,1.0,1.0
1983-03-11,1.0,1.0,1.0,1.0
1983-03-14,1.0,1.0,1.0,1.0
1983-03-15,1.0,1.0,1.0,1.0
1983-03-16,1.0,1.0,1.0,1.0
1983-03-17,1.0,1.0,1.0,1.0
1983-03-18,1.0,1.0,1.0,1.0
1983-03-21,1.0,1.0,1.0,1.0
1983-03-22,1.0,1.0,1.0,1.0
1983-03-23,1.0,1.0,1.0,1.0
1983-03-24,1.0,1.0,1.0,1.0
1983-03-25,1.0,1.0,1.0,1.0
1983-03-28,1.0,1.0,1.0,1.0
1983-03-29,1.0,1.0,1.0,1.0
1983-03-30,1.0,1.0,1.0,1.0
1983-03-31,1.0,1.0,1.0,1.0
1983-04-01,1.0,1.0,1.0,1.0
1983-04-04,1.0,1.0,1.0,1.0
1983-04-05,1.0,1.0,1.0,1.0
1983-04-06,1.0,1.0,1.0,1.0
1983-04-07,1.0,1.0,1.0,1.0
1983-04-08,1.0,1.0,1.0,1.0
1983-04-11,1.0,1.0,1.0,1.0
1983-04-12,1.0,1.0,1.0,1.0
1983-04-13,1.0,1.0,1.0,1.0
1983-04-14,1.0,1.0,1.0,1.0
1983-04-15,1.0,1.0,1.0,1.0
1983-04-18,1.0,1.0,1.0,1.0
1983-04-19,1.0,1.0,1.0,1.0
1983-04-20,1.0,1.0,1.0,1.0
1983-04-21,1.0,1.0,1.0,1.0
1983-04-22,1.0,1.0,1.0,1.0
1983-04-25,1.0,1.0,1.0,1.0
1983-04-26,1.0,1.0,1.0,1.0
1983-04-27,1.0,1.0,1.0,1.0
1983-04-28,1.0,1.0,1.0,1.0
1983-04-29,1.0,1.0,1.0,1.0
1983-05-02,1.0,1.0,1.0,1.0
1983-05-03,1.0,1.0,1.0,1.0
1983-05-04,1.0,1.0,1.0,1.0
1983-05-05,1.0,1.0,1.0,1.0
1983-05-06,1.0,1.0,1.0,1.0
1983-05-09,1.0,1.0,1.0,1.0
1983-05-10,1.0,1.0,1.0,1.0
1983-05-11,1.0,1.0,1.0,1.0
1983-05-12,1.0,1.0,1.0,1.0
1983-05-13,1.0,1.0,1.0,1.0
1983-05-16,1.0,1.0,1.0,1.0
1983-05-17,1.0,1.0,1.0,1.0
1983-05-18,1.0,1.0,1.0,1.0
1983-05-19,1.0,1.0,1.0,1.0
1983-05-20,1.0,1.0,1.0,1.0
1983-05-23,1.0,1.0,1.0,1.0
1983-05-24,1.0,1.0,1.0,1.0
1983-05-25,1.0,1.0,1.0,1.0
1983-05-26,1.0,1.0,1.0,1.0
1983-05-27,1.0,1.0,1.0,1.0
1983-05-30,1.0,1.0,1.0,1.0
1983-05-31,1.0,1.0,1.0,1.0
1983-06-01,1.0,1.0,1.0,1.0
1983-06-02,1.0,1.0,1.0,1.0
1983-06-03,1.0,1.0,1.0,1.0
1983-06-06,1.0,1.0,1.0,1.0
1983-06-07,1.0,1.0,1.0,1.0
1983-06-08,1.0,1.0,1.0,1.0
1983-06-09,1.0,1.0,1.0,1.0
1983-06-10,1.0,1.0,1.0,1.0
1983-06-13,1.0,1.0,1.0,1.0
1983-06-14,1.0,1.0,1.0,1.0
1983-06-15,1.0,1.0,1.0,1.0
1983-06-16,1.0,1.0,1.0,1.0
1983-06-17,1.0,1.0,1.0,1.0
1983-06-20,1.0,1.0,1.0,1.0
1983-06-21,1.0,1.0,1.0,1.0
1983-06-22,1.0,1.0,1.0,1.0
1983-06-23,1.0,1.0,1.0,1.0
1983-06-24,1.0,1.0,1.0,1.0
1983-06-27,1.0,1.0,1.0,1.0
1983-06-28,1.0,1.0,1.0,1.0
1983-06-29,1.0,1.0,1.0,1.0
1983-06-30,1.0,1.0,1.0,1.0
1983-07-01,1.0,1.0,1.0,1.0
1983-07-04,1.0,1.0,1.0,1.0
1983-07-05,1.0,1.0,1.0,1.0
1983-07-06,1.0,1.0,1.0,1.0
1983-07-07,1.0,1.0,1.0,1.0
1983-07-08,1.0,1.0,1.0,1.0
1983-07-11,1.0,1.0,1.0,1.0
1983-07-12,1.0,1.0,1.0,1.0
1983-07-13,1.0,1.0,1.0,1.0
1983-07-14,1.0,1.0,1.0,1.0
1983-07-15,1.0,1.0,1.0,1.0
1983-07-18,1.0,1.0,1.0,1.0
1983-07-19,1.0,1.0,1.0,1.0
1983-07-20,1.0,1.0,1.0,1.0
1983-07-21,1.0,1.0,1.0,1.0
1983-07-22,1.0,1.0,1.0,1.0
1983-07-25,1.0,1.0,1.0,1.0
1983-07-26,1.0,1.0,1.0,1.0
1983-07-27,1.0,1.0,1.0,1.0
1983-07-28,1.0,1.0,1.0,1.0
1983-07-29,1.0,1.0,1.0,1.0
1983-08-01,1.0,1.0,1.0,1.0
1983-08-02,1.0,1.0,1.0,1.0
1983-08-03,1.0,1.0,1.0,1.0
1983-08-04,1.0,1.0,1.0,1.0
1983-08-05,1.0,1.0,1.0,1.0
1983-08-08,1.0,1.0,1.0,1.0
1983-08-09,1.0,1.0,1.0,1.0
1983-08-10,1.0,1.0,1.0,1.0
1983-08-11,1.0,1.0,1.0,1.0
1983-08-12,1.0,1.0,1.0,1.0
1983-08-15,1.0,1.0,1.0,1.0
1983-08-16,1.0,1.0,1.0,1.0
1983-08-17,1.0,1.0,1.0,1.0
1983-08-18,1.0,1.0,1.0,1.0
1983-08-19,1.0,1.0,1.0,1.0
1983-08-22,1.0,1.0,1.0,1.0
1983-08-23,1.0,1.0,1.0,1.0
1983-08-24,1.0,1.0,1.0,1.0
1983-08-25,1.0,1.0,1.0,1.0
1983-08-26,1.0,1.0,1.0,1.0
1983-08-29,1.0,1.0,1.0,1.0
1983-08-30,1.0,1.0,1.0,1.0
1983-08-31,1.0,1.0,1.0,1.0
1983-09-01,1.0,1.0,1.0,1.0
1983-09-02,1.0,1.0,1.0,1.0
1983-09-05,1.0,1.0,1.0,1.0
1983-09-06,1.0,1.0,1.0,1.0
1983-09-07,1.0,1.0,1.0,1.0
1983-09-08,1.0,1.0,1.0,1.0
1983-09-09,1.0,1.0,1.0,1.0
1983-09-12,1.0,1.0,1.0,1.0
1983-09-13,1.0,1.0,1.0,1.0
1983-09-14,1.0,1.0,1.0,1.0
1983-09-15,1.0,1.0,1.0,1.0
1983-09-16,1.0,1.0,1.0,1.0
1983-09-19,1.0,1.0,1.0,1.0
1983-09-20,1.0,1.0,1.0,1.0
1983-09-21,1.0,1.0,1.0,1.0
1983-09-22,1.0,1.0,1.0,1.0
1983-09-23,1.0,1.0,1.0,1.0
1983-09-26,1.0,1.0,1.0,1.0
1983-09-27,1.0,1.0,1.0,1.0
1983-09-28,1.0,1.0,1.0,1.0
1983-09-29,1.0,1.0,1.0,1.0
1983-09-30,1.0,1.0,1.0,1.0
1983-10-03,1.0,1.0,1.0,1.0
1983-10-04,1.0,1.0,1.0,1.0
1983-10-05,1.0,1.0,1.0,1.0
1983-10-06,1.0,1.0,1.0,1.0
1983-10-07,1.0,1.0,1.0,1.0
1983-10-10,1.0,1.0,1.0,1.0
1983-10-11,1.0,1.0,1.0,1.0
1983-10-12,1.0,1.0,1.0,1.0
1983-10-13,1.0,1.0,1.0,1.0
1983-10-14,1.0,1.0,1.0,1.0
1983-10-17,1.0,1.0,1.0,1.0
1983-10-18,1.0,1.0,1.0,1.0
1983-10-19,1.0,1.0,1.0,1.0
1983-10-20,1.0,1.0,1.0,1.0
1983-10-21,1.0,1.0,1.0,1.0
1983-10-24,1.0,1.0,1.0,1.0
1983-10-25,1.0,1.0,1.0,1.0
1983-10-26,1.0,1.0,1.0,1.0
1983-10-27,1.0,1.0,1.0,1.0
1983-10-28,1.0,1.0,1.0,1.0
1983-10-31,1.0,1.0,1.0,1.0
1983-11-01,1.0,1.0,1.0,1.0
1983-11-02,1.0,1.0,1.0,1.0
1983-11-03,1.0,1.0,1.0,1.0
1983-11-04,1.0,1.0,1.0,1.0
1983-11-07,1.0,1.0,1.0,1.0
1983-11-08,1.0,1.0,1.0,1.0
1983-11-09,1.0,1.0,1.0,1.0
1983-11-10,1.0,1.0,1.0,1.0
1983-11-11,1.0,1.0,1.0,1.0
1983-11-14,1.0,1.0,1.0,1.0
1983-11-15,1.0,1.0,1.0,1.0
1983-11-16,1.0,1.0,1.0,1.0
1983-11-17,1.0,1.0,1.0,1.0
1983-11-18,1.0,1.0,1.0,1.0
1983-11-21,1.0,1.0,1.0,1.0
1983-11-22,1.0,1.0,1.0,1.0
1983-11-23,1.0,1.0,1.0,1.0
1983-11-24,1.0,1.0,1.0,1.0
1983-11-25,1.0,1.0,1.0,1.0
1983-11-28,1.0,1.0,1.0,1.0
1983-11-29,1.0,1.0,1.0,1.0
1983-11-30,1.0,1.0,1.0,1.0
1983-12-01,1.0,1.0,1.0,1.0
1983-12-02,1.0,1.0,1.0,1.0
1983-12-05,1.0,1.0,1.0,1.0
1983-12-06,1.0,1.0,1.0,1.0
1983-12-07,1.0,1.0,1.0,1.0
1983-12-08,1.0,1.0,1.0,1.0
1983-12-09,1.0,1.0,1.0,1.0
1983-12-12,1.0,1.0,1.0,1.0
1983-12-13,1.0,1.0,1.0,1.0
1983-12-14,1.0,1.0,1.0,1.0
1983-12-15,1.0,1.0,1.0,1.0
1983-12-16,1.0,1.0,1.0,1.0
1983-12-19,1.0,1.0,1.0,1.0
1983-12-20,1.0,1.0,1.0,1.0
1983-12-21,1.0,1.0,1.0,1.0
1983-12-22,1.0,1.0,1.0,1.0
1983-12-23,1.0,1.0,1.0,1.0
1983-12-26,1.0,1.0,1.0,1.0
1983-12-27,1.0,1.0,1.0,1.0
1983-12-28,1.0,1.0,1.0,1.0
1983-12-29,1.0,1.0,1.0,1.0
1983-12-30,1.0,1.0,1.0,1.0
1984-01-02,1.0,1.0,1.0,1.0
1984-01-03,1.0,1.0,1.0,1.0
1984-01-04,1.0,1.0,1.0,1.0
1984-01-05,1.0,1.0,1.0,1.0
1984-01-06,1.0,1.0,1.0,1.0
1984-01-09,1.0,1.0,1.0,1.0
1984-01-10,1.0,1.0,1.0,1.0
1984-01-11,1.0,1.0,1.0,1.0
1984-01-12,1.0,1.0,1.0,1.0
1984-01-13,1.0,1.0,1.0,1.0
1984-01-16,1.0,1.0,1.0,1.0
1984-01-17,1.0,1.0,1.0,1.0
1984-01-18,1.0,1.0,1.0,1.0
1984-01-19,1.0,1.0,1.0,1.0
1984-01-20,1.0,1.0,1.0,1.0
1984-01-23,1.0,1.0,1.0,1.0
1984-01-24,1.0,1.0,1.0,1.0
1984-01-25,1.0,1.0,1.0,1.0
1984-01-26,1.0,1.0,1.0,1.0
1984-01-27,1.0,1.0,1.0,1.0
1984-01-30,1.0,1.0,1.0,1.0
1984-01-31,1.0,1.0,1.0,1.0
1984-02-01,1.0,1.0,1.0,1.0
1984-02-02,1.0,1.0,1.0,1.0
1984-02-03,1.0,1.0,1.0,1.0
1984-02-06,1.0,1.0,1.0,1.0
1984-02-07,1.0,1.0,1.0,1.0
1984-02-08,1.0,1.0,1.0,1.0
1984-02-09,1.0,1.0,1.0,1.0
1984-02-10,1.0,1.0,1.0,1.0
1984-02-13,1.0,1.0,1.0,1.0
1984-02-14,1.0,1.0,1.0,1.0
1984-02-15,1.0,1.0,1.0,1.0
1984-02-16,1.0,1.0,1.0,1.0
1984-02-17,1.0,1.0,1.0,1.0
1984-02-20,1.0,1.0,1.0,1.0
1984-02-21,1.0,1.0,1.0,1.0
1984-02-22,1.0,1.0,1.0,1.0
1984-02-23,1.0,1.0,1.0,1.0
1984-02-24,1.0,1.0,1.0,1.0
1984-02-27,1.0,1.0,1.0,1.0
1984-02-28,1.0,1.0,1.0,1.0
1984-02-29,1.0,1.0,1.0,1.0
1984-03-01,1.0,1.0,1.0,1.0
1984-03-02,1.0,1.0,1.0,1.0
1984-03-05,1.0,1.0,1.0,1.0
1984-03-06,1.0,1.0,1.0,1.0
1984-03-07,1.0,1.0,1.0,1.0
1984-03-08,1.0,1.0,1.0,1.0
1984-03-09,1.0,1.0,1.0,1.0
1984-03-12,1.0,1.0,1.0,1.0
1984-03-13,1.0,1.0,1.0,1.0
1984-03-14,1.0,1.0,1.0,1.0
1984-03-15,1.0,1.0,1.0,1.0
1984-03-16,1.0,1.0,1.0,1.0
1984-03-19,1.0,1.0,1.0,1.0
1984-03-20,1.0,1.0,1.0,1.0
1984-03-21,1.0,1.0,1.0,1.0
1984-03-22,1.0,1.0,1.0,1.0
1984-03-23,1.0,1.0,1.0,1.0
1984-03-26,1.0,1.0,1.0,1.0
1984-03-27,1.0,1.0,1.0,1.0
1984-03-28,1.0,1.0,1.0,1.0
1984-03-29,1.0,1.0,1.0,1.0
1984-03-30,1.0,1.0,1.0,1.0
1984-04-02,1.0,1.0,1.0,1.0
1984-04-03,1.0,1.0,1.0,1.0
1984-04-04,1.0,1.0,1.0,1.0
1984-04-05,1.0,1.0,1.0,1.0
1984-04-06,1.0,1.0,1.0,1.0
1984-04-09,1.0,1.0,1.0,1.0
1984-04-10,1.0,1.0,1.0,1.0
1984-04-11,1.0,1.0,1.0,1.0
1984-04-12,1.0,1.0,1.0,1.0
1984-04-13,1.0,1.0,1.0,1.0
1984-04-16,1.0,1.0,1.0,1.0
1984-04-17,1.0,1.0,1.0,1.0
1984-04-18,1.0,1.0,1.0,1.0
1984-04-19,1.0,1.0,1.0,1.0
1984-04-20,1.0,1.0,1.0,1.0
1984-04-23,1.0,1.0,1.0,1.0
1984-04-24,1.0,1.0,1.0,1.0
1984-04-25,1.0,1.0,1.0,1.0
1984-04-26,1.0,1.0,1.0,1.0
1984-04-27,1.0,1.0,1.0,1.0
1984-04-30,1.0,1.0,1.0,1.0
1984-05-01,1.0,1.0,1.0,1.0
1984-05-02,1.0,1.0,1.0,1.0
1984-05-03,1.0,1.0,1.0,1.0
1984-05-04,1.0,1.0,1.0,1.0
1984-05-07,1.0,1.0,1.0,1.0
1984-05-08,1.0,1.0,1.0,1.0
1984-05-09,1.0,1.0,1.0,1.0
1984-05-10,1.0,1.0,1.0,1.0
1984-05-11,1.0,1.0,1.0,1.0
1984-05-14,1.0,1.0,1.0,1.0
1984-05-15,1.0,1.0,1.0,1.0
1984-05-16,1.0,1.0,1.0,1.0
1984-05-17,1.0,1.0,1.0,1.0
1984-05-18,1.0,1.0,1.0,1.0
1984-05-21,1.0,1.0,1.0,1.0
1984-05-22,1.0,1.0,1.0,1.0
1984-05-23,1.0,1.0,1.0,1.0
1984-05-24,1.0,1.0,1.0,1.0
1984-05-25,1.0,1.0,1.0,1.0
1984-05-28,1.0,1.0,1.0,1.0
1984-05-29,1.0,1.0,1.0,1.0
1984-05-30,1.0,1.0,1.0,1.0
1984-05-31,1.0,1.0,1.0,1.0
1984-06-01,1.0,1.0,1.0,1.0
1984-06-04,1.0,1.0,1.0,1.0
1984-06-05,1.0,1.0,1.0,1.0
1984-06-06,1.0,1.0,1.0,1.0
1984-06-07,1.0,1.0,1.0,1.0
1984-06-08,1.0,1.0,1.0,1.0
1984-06-11,1.0,1.0,1.0,1.0
1984-06-12,1.0,1.0,1.0,1.0
1984-06-13,1.0,1.0,1.0,1.0
1984-06-14,1.0,1.0,1.0,1.0
1984-06-15,1.0,1.0,1.0,1.0
1984-06-18,1.0,1.0,1.0,1.0
1984-06-19,1.0,1.0,1.0,1.0
1984-06-20,1.0,1.0,1.0,1.0
1984-06-21,1.0,1.0,1.0,1.0
1984-06-22,1.0,1.0,1.0,1.0
1984-06-25,1.0,1.0,1.0,1.0
1984-06-26,1.0,1.0,1.0,1.0
1984-06-27,1.0,1.0,1.0,1.0
1984-06-28,1.0,1.0,1.0,1.0
1984-06-29,1.0,1.0,1.0,1.0
1984-07-02,1.0,1.0,1.0,1.0
1984-07-03,1.0,1.0,1.0,1.0
1984-07-04,1.0,1.0,1.0,1.0
1984-07-05,1.0,1.0,1.0,1.0
1984-07-06,1.0,1.0,1.0,1.0
1984-07-09,1.0,1.0,1.0,1.0
1984-07-10,1.0,1.0,1.0,1.0
1984-07-11,1.0,1.0,1.0,1.0
1984-07-12,1.0,1.0,1.0,1.0
1984-07-13,1.0,1.0,1.0,1.0
1984-07-16,1.0,1.0,1.0,1.0
1984-07-17,1.0,1.0,1.0,1.0
1984-07-18,1.0,1.0,1.0,1.0
1984-07-19,1.0,1.0,1.0,1.0
1984-07-20,1.0,1.0,1.0,1.0
1984-07-23,1.0,1.0,1.0,1.0
1984-07-24,1.0,1.0,1.0,1.0
1984-07-25,1.0,1.0,1.0,1.0
1984-07-26,1.0,1.0,1.0,1.0
1984-07-27,1.0,1.0,1.0,1.0
1984-07-30,1.0,1.0,1.0,1.0
1984-07-31,1.0,1.0,1.0,1.0
1984-08-01,1.0,1.0,1.0,1.0
1984-08-02,1.0,1.0,1.0,1.0
1984-08-03,1.0,1.0,1.0,1.0
1984-08-06,1.0,1.0,1.0,1.0
1984-08-07,1.0,1.0,1.0,1.0
1984-08-08,1.0,1.0,1.0,1.0
1984-08-09,1.0,1.0,1.0,1.0
1984-08-10,1.0,1.0,1.0,1.0
1984-08-13,1.0,1.0,1.0,1.0
1984-08-14,1.0,1.0,1.0,1.0
1984-08-15,1.0,1.0,1.0,1.0
1984-08-16,1.0,1.0,1.0,1.0
1984-08-17,1.0,1.0,1.0,1.0
1984-08-20,1.0,1.0,1.0,1.0
1984-08-21,1.0,1.0,1.0,1.0
1984-08-22,1.0,1.0,1.0,1.0
1984-08-23,1.0,1.0,1.0,1.0
1984-08-24,1.0,1.0,1.0,1.0
1984-08-27,1.0,1.0,1.0,1.0
1984-08-28,1.0,1.0,1.0,1.0
1984-08-29,1.0,1.0,1.0,1.0
1984-08-30,1.0,1.0,1.0,1.0
1984-08-31,1.0,1.0,1.0,1.0
1984-09-03,1.0,1.0,1.0,1.0
1984-09-04,1.0,1.0,1.0,1.0
1984-09-05,1.0,1.0,1.0,1.0
1984-09-06,1.0,1.0,1.0,1.0
1984-09-07,1.0,1.0,1.0,1.0
1984-09-10,1.0,1.0,1.0,1.0
1984-09-11,1.0,1.0,1.0,1.0
1984-09-12,1.0,1.0,1.0,1.0
1984-09-13,1.0,1.0,1.0,1.0
1984-09-14,1.0,1.0,1.0,1.0
1984-09-17,1.0,1.0,1.0,1.0
1984-09-18,1.0,1.0,1.0,1.0
1984-09-19,1.0,1.0,1.0,1.0
1984-09-20,1.0,1.0,1.0,1.0
1984-09-21,1.0,1.0,1.0,1.0
1984-09-24,1.0,1.0,1.0,1.0
1984-09-25,1.0,1.0,1.0,1.0
1984-09-26,1.0,1.0,1.0,1.0
1984-09-27,1.0,1.0,1.0,1.0
1984-09-28,1.0,1.0,1.0,1.0
1984-10-01,1.0,1.0,1.0,1.0
1984-10-02,1.0,1.0,1.0,1.0
1984-10-03,1.0,1.0,1.0,1.0
1984-10-04,1.0,1.0,1.0,1.0
1984-10-05,1.0,1.0,1.0,1.0
1984-10-08,1.0,1.0,1.0,1.0
1984-10-09,1.0,1.0,1.0,1.0
1984-10-10,1.0,1.0,1.0,1.0
1984-10-11,1.0,1.0,1.0,1.0
1984-10-12,1.0,1.0,1.0,1.0
1984-10-15,1.0,1.0,1.0,1.0
1984-10-16,1.0,1.0,1.0,1.0
1984-10-17,1.0,1.0,1.0,1.0
1984-10-18,1.0,1.0,1.0,1.0
1984-10-19,1.0,1.0,1.0,1.0
1984-10-22,1.0,1.0,1.0,1.0
1984-10-23,1.0,1.0,1.0,1.0
1984-10-24,1.0,1.0,1.0,1.0
1984-10-25,1.0,1.0,1.0,1.0
1984-10-26,1.0,1.0,1.0,1.0
1984-10-29,1.0,1.0,1.0,1.0
1984-10-30,1.0,1.0,1.0,1.0
1984-10-31,1.0,1.0,1.0,1.0
1984-11-01,1.0,1.0,1.0,1.0
1984-11-02,1.0,1.0,1.0,1.0
1984-11-05,1.0,1.0,1.0,1.0
1984-11-06,1.0,1.0,1.0,1.0
1984-11-07,1.0,1.0,1.0,1.0
1984-11-08,1.0,1.0,1.0,1.0
1984-11-09,1.0,1.0,1.0,1.0
1984-11-12,1.0,1.0,1.0,1.0
1984-11-13,1.0,1.0,1.0,1.0
1984-11-14,1.0,1.0,1.0,1.0
1984-11-15,1.0,1.0,1.0,1.0
1984-11-16,1.0,1.0,1.0,1.0
1984-11-19,1.0,1.0,1.0,1.0
1984-11-20,1.0,1.0,1.0,1.0
1984-11-21,1.0,1.0,1.0,1.0
1984-11-22,1.0,1.0,1.0,1.0
1984-11-23,1.0,1.0,1.0,1.0
1984-11-26,1.0,1.0,1.0,1.0
1984-11-27,1.0,1.0,1.0,1.0
1984-11-28,1.0,1.0,1.0,1.0
1984-11-29,1.0,1.0,1.0,1.0
1984-11-30,1.0,1.0,1.0,1.0
1984-12-03,1.0,1.0,1.0,1.0
1984-12-04,1.0,1.0,1.0,1.0
1984-12-05,1.0,1.0,1.0,1.0
1984-12-06,1.0,1.0,1.0,1.0
1984-12-07,1.0,1.0,1.0,1.0
1984-12-10,1.0,1.0,1.0,1.0
1984-12-11,1.0,1.0,1.0,1.0
1984-12-12,1.0,1.0,1.0,1.0
1984-12-13,1.0,1.0,1.0,1.0
1984-12-14,1.0,1.0,1.0,1.0
1984-12-17,1.0,1.0,1.0,1.0
1984-12-18,1.0,1.0,1.0,1.0
1984-12-19,1.0,1.0,1.0,1.0
1984-12-20,1.0,1.0,1.0,1.0
1984-12-21,1.0,1.0,1.0,1.0
1984-12-24,1.0,1.0,1.0,1.0
1984-12-25,1.0,1.0,1.0,1.0
1984-12-26,1.0,1.0,1.0,1.0
1984-12-27,1.0,1.0,1.0,1.0
1984-12-28,1.0,1.0,1.0,1.0
1984-12-31,1.0,1.0,1.0,1.0
1985-01-01,1.0,1.0,1.0,1.0
1985-01-02,1.0,1.0,1.0,1.0
1985-01-03,1.0,1.0,1.0,1.0
1985-01-04,1.0,1.0,1.0,1.0
1985-01-07,1.0,1.0,1.0,1.0
1985-01-08,1.0,1.0,1.0,1.0
1985-01-09,1.0,1.0,1.0,1.0
1985-01-10,1.0,1.0,1.0,1.0
1985-01-11,1.0,1.0,1.0,1.0
1985-01-14,1.0,1.0,1.0,1.0
1985-01-15,1.0,1.0,1.0,1.0
1985-01-16,1.0,1.0,1.0,1.0
1985-01-17,1.0,1.0,1.0,1.0
1985-01-18,1.0,1.0,1.0,1.0
1985-01-21,1.0,1.0,1.0,1.0
1985-01-22,1.0,1.0,1.0,1.0
1985-01-23,1.0,1.0,1.0,1.0
1985-01-24,1.0,1.0,1.0,1.0
1985-01-25,1.0,1.0,1.0,1.0
1985-01-28,1.0,1.0,1.0,1.0
1985-01-29,1.0,1.0,1.0,1.0
1985-01-30,1.0,1.0,1.0,1.0
1985-01-31,1.0,1.0,1.0,1.0
1985-02-01,1.0,1.0,1.0,1.0
1985-02-04,1.0,1.0,1.0,1.0
1985-02-05,1.0,1.0,1.0,1.0
1985-02-06,1.0,1.0,1.0,1.0
1985-02-07,1.0,1.0,1.0,1.0
1985-02-08,1.0,1.0,1.0,1.0
1985-02-11,1.0,1.0,1.0,1.0
1985-02-12,1.0,1.0,1.0,1.0
1985-02-13,1.0,1.0,1.0,1.0
1985-02-14,1.0,1.0,1.0,1.0
1985-02-15,1.0,1.0,1.0,1.0
1985-02-18,1.0,1.0,1.0,1.0
1985-02-19,1.0,1.0,1.0,1.0
1985-02-20,1.0,1.0,1.0,1.0
1985-02-21,1.0,1.0,1.0,1.0
1985-02-22,1.0,1.0,1.0,1.0
1985-02-25,1.0,1.0,1.0,1.0
1985-02-26,1.0,1.0,1.0,1.0
1985-02-27,1.0,1.0,1.0,1.0
1985-02-28,1.0,1.0,1.0,1.0
1985-03-01,1.0,1.0,1.0,1.0
1985-03-04,1.0,1.0,1.0,1.0
1985-03-05,1.0,1.0,1.0,1.0
1985-03-06,1.0,1.0,1.0,1.0
1985-03-07,1.0,1.0,1.0,1.0
1985-03-08,1.0,1.0,1.0,1.0
1985-03-11,1.0,1.0,1.0,1.0
1985-03-12,1.0,1.0,1.0,1.0
1985-03-13,1.0,1.0,1.0,1.0
1985-03-14,1.0,1.0,1.0,1.0
1985-03-15,1.0,1.0,1.0,1.0
1985-03-18,1.0,1.0,1.0,1.0
1985-03-19,1.0,1.0,1.0,1.0
1985-03-20,1.0,1.0,1.0,1.0
1985-03-21,1.0,1.0,1.0,1.0
1985-03-22,1.0,1.0,1.0,1.0
1985-03-25,1.0,1.0,1.0,1.0
1985-03-26,1.0,1.0,1.0,1.0
1985-03-27,1.0,1.0,1.0,1.0
1985-03-28,1.0,1.0,1.0,1.0
1985-03-29,1.0,1.0,1.0,1.0
1985-04-01,1.0,1.0,1.0,1.0
1985-04-02,1.0,1.0,1.0,1.0
1985-04-03,1.0,1.0,1.0,1.0
1985-04-04,1.0,1.0,1.0,1.0
1985-04-05,1.0,1.0,1.0,1.0
1985-04-08,1.0,1.0,1.0,1.0
1985-04-09,1.0,1.0,1.0,1.0
1985-04-10,1.0,1.0,1.0,1.0
1985-04-11,1.0,1.0,1.0,1.0
1985-04-12,1.0,1.0,1.0,1.0
1985-04-15,1.0,1.0,1.0,1.0
1985-04-16,1.0,1.0,1.0,1.0
1985-04-17,1.0,1.0,1.0,1.0
1985-04-18,1.0,1.0,1.0,1.0
1985-04-19,1.0,1.0,1.0,1.0
1985-04-22,1.0,1.0,1.0,1.0
1985-04-23,1.0,1.0,1.0,1.0
1985-04-24,1.0,1.0,1.0,1.0
1985-04-25,1.0,1.0,1.0,1.0
1985-04-26,1.0,1.0,1.0,1.0
1985-04-29,1.0,1.0,1.0,1.0
1985-04-30,1.0,1.0,1.0,1.0
1985-05-01,1.0,1.0,1.0,1.0
1985-05-02,1.0,1.0,1.0,1.0
1985-05-03,1.0,1.0,1.0,1.0
1985-05-06,1.0,1.0,1.0,1.0
1985-05-07,1.0,1.0,1.0,1.0
1985-05-08,1.0,1.0,1.0,1.0
1985-05-09,1.0,1.0,1.0,1.0
1985-05-10,1.0,1.0,1.0,1.0
1985-05-13,1.0,1.0,1.0,1.0
1985-05-14,1.0,1.0,1.0,1.0
1985-05-15,1.0,1.0,1.0,1.0
1985-05-16,1.0,1.0,1.0,1.0
1985-05-17,1.0,1.0,1.0,1.0
1985-05-20,1.0,1.0,1.0,1.0
1985-05-21,1.0,1.0,1.0,1.0
1985-05-22,1.0,1.0,1.0,1.0
1985-05-23,1.0,1.0,1.0,1.0
1985-05-24,1.0,1.0,1.0,1.0
1985-05-27,1.0,1.0,1.0,1.0
1985-05-28,1.0,1.0,1.0,1.0
1985-05-29,1.0,1.0,1.0,1.0
1985-05-30,1.0,1.0,1.0,1.0
1985-05-31,1.0,1.0,1.0,1.0
1985-06-03,1.0,1.0,1.0,1.0
1985-06-04,1.0,1.0,1.0,1.0
1985-06-05,1.0,1.0,1.0,1.0
1985-06-06,1.0,1.0,1.0,1.0
1985-06-07,1.0,1.0,1.0,1.0
1985-06-10,1.0,1.0,1.0,1.0
1985-06-11,1.0,1.0,1.0,1.0
1985-06-12,1.0,1.0,1.0,1.0
1985-06-13,1.0,1.0,1.0,1.0
1985-06-14,1.0,1.0,1.0,1.0
1985-06-17,1.0,1.0,1.0,1.0
1985-06-18,1.0,1.0,1.0,1.0
1985-06-19,1.0,1.0,1.0,1.0
1985-06-20,1.0,1.0,1.0,1.0
1985-06-21,1.0,1.0,1.0,1.0
1985-06-24,1.0,1.0,1.0,1.0
1985-06-25,1.0,1.0,1.0,1.0
1985-06-26,1.0,1.0,1.0,1.0
1985-06-27,1.0,1.0,1.0,1.0
1985-06-28,1.0,1.0,1.0,1.0
1985-07-01,1.0,1.0,1.0,1.0
1985-07-02,1.0,1.0,1.0,1.0
1985-07-03,1.0,1.0,1.0,1.0
1985-07-04,1.0,1.0,1.0,1.0
1985-07-05,1.0,1.0,1.0,1.0
1985-07-08,1.0,1.0,1.0,1.0
1985-07-09,1.0,1.0,1.0,1.0
1985-07-10,1.0,1.0,1.0,1.0
1985-07-11,1.0,1.0,1.0,1.0
1985-07-12,1.0,1.0,1.0,1.0
1985-07-15,1.0,1.0,1.0,1.0
1985-07-16,1.0,1.0,1.0,1.0
1985-07-17,1.0,1.0,1.0,1.0
1985-07-18,1.0,1.0,1.0,1.0
1985-07-19,1.0,1.0,1.0,1.0
1985-07-22,1.0,1.0,1.0,1.0
1985-07-23,1.0,1.0,1.0,1.0
1985-07-24,1.0,1.0,1.0,1.0
1985-07-25,1.0,1.0,1.0,1.0
1985-07-26,1.0,1.0,1.0,1.0
1985-07-29,1.0,1.0,1.0,1.0
1985-07-30,1.0,1.0,1.0,1.0
1985-07-31,1.0,1.0,1.0,1.0
1985-08-01,1.0,1.0,1.0,1.0
1985-08-02,1.0,1.0,1.0,1.0
1985-08-05,1.0,1.0,1.0,1.0
1985-08-06,1.0,1.0,1.0,1.0
1985-08-07,1.0,1.0,1.0,1.0
1985-08-08,1.0,1.0,1.0,1.0
1985-08-09,1.0,1.0,1.0,1.0
1985-08-12,1.0,1.0,1.0,1.0
1985-08-13,1.0,1.0,1.0,1.0
1985-08-14,1.0,1.0,1.0,1.0
1985-08-15,1.0,1.0,1.0,1.0
1985-08-16,1.0,1.0,1.0,1.0
1985-08-19,1.0,1.0,1.0,1.0
1985-08-20,1.0,1.0,1.0,1.0
1985-08-21,1.0,1.0,1.0,1.0
1985-08-22,1.0,1.0,1.0,1.0
1985-08-23,1.0,1.0,1.0,1.0
1985-08-26,1.0,1.0,1.0,1.0
1985-08-27,1.0,1.0,1.0,1.0
1985-08-28,1.0,1.0,1.0,1.0
1985-08-29,1.0,1.0,1.0,1.0
1985-08-30,1.0,1.0,1.0,1.0
1985-09-02,1.0,1.0,1.0,1.0
1985-09-03,1.0,1.0,1.0,1.0
1985-09-04,1.0,1.0,1.0,1.0
1985-09-05,1.0,1.0,1.0,1.0
1985-09-06,1.0,1.0,1.0,1.0
1985-09-09,1.0,1.0,1.0,1.0
1985-09-10,1.0,1.0,1.0,1.0
1985-09-11,1.0,1.0,1.0,1.0
1985-09-12,1.0,1.0,1.0,1.0
1985-09-13,1.0,1.0,1.0,1.0
1985-09-16,1.0,1.0,1.0,1.0
1985-09-17,1.0,1.0,1.0,1.0
1985-09-18,1.0,1.0,1.0,1.0
1985-09-19,1.0,1.0,1.0,1.0
1985-09-20,1.0,1.0,1.0,1.0
1985-09-23,1.0,1.0,1.0,1.0
1985-09-24,1.0,1.0,1.0,1.0
1985-09-25,1.0,1.0,1.0,1.0
1985-09-26,1.0,1.0,1.0,1.0
1985-09-27,1.0,1.0,1.0,1.0
1985-09-30,1.0,1.0,1.0,1.0
1985-10-01,1.0,1.0,1.0,1.0
1985-10-02,1.0,1.0,1.0,1.0
1985-10-03,1.0,1.0,1.0,1.0
1985-10-04,1.0,1.0,1.0,1.0
1985-10-07,1.0,1.0,1.0,1.0
1985-10-08,1.0,1.0,1.0,1.0
1985-10-09,1.0,1.0,1.0,1.0
1985-10-10,1.0,1.0,1.0,1.0
1985-10-11,1.0,1.0,1.0,1.0
1985-10-14,1.0,1.0,1.0,1.0
1985-10-15,1.0,1.0,1.0,1.0
1985-10-16,1.0,1.0,1.0,1.0
1985-10-17,1.0,1.0,1.0,1.0
1985-10-18,1.0,1.0,1.0,1.0
1985-10-21,1.0,1.0,1.0,1.0
1985-10-22,1.0,1.0,1.0,1.0
1985-10-23,1.0,1.0,1.0,1.0
1985-10-24,1.0,1.0,1.0,1.0
1985-10-25,1.0,1.0,1.0,1.0
1985-10-28,1.0,1.0,1.0,1.0
1985-10-29,1.0,1.0,1.0,1.0
1985-10-30,1.0,1.0,1.0,1.0
1985-10-31,1.0,1.0,1.0,1.0
1985-11-01,1.0,1.0,1.0,1.0
1985-11-04,1.0,1.0,1.0,1.0
1985-11-05,1.0,1.0,1.0,1.0
1985-11-06,1.0,1.0,1.0,1.0
1985-11-07,1.0,1.0,1.0,1.0
1985-11-08,1.0,1.0,1.0,1.0
1985-11-11,1.0,1.0,1.0,1.0
1985-11-12,1.0,1.0,1.0,1.0
1985-11-13,1.0,1.0,1.0,1.0
1985-11-14,1.0,1.0,1.0,1.0
1985-11-15,1.0,1.0,1.0,1.0
1985-11-18,1.0,1.0,1.0,1.0
1985-11-19,1.0,1.0,1.0,1.0
1985-11-20,1.0,1.0,1.0,1.0
1985-11-21,1.0,1.0,1.0,1.0
1985-11-22,1.0,1.0,1.0,1.0
1985-11-25,1.0,1.0,1.0,1.0
1985-11-26,1.0,1.0,1.0,1.0
1985-11-27,1.0,1.0,1.0,1.0
1985-11-28,1.0,1.0,1.0,1.0
1985-11-29,1.0,1.0,1.0,1.0
1985-12-02,1.0,1.0,1.0,1.0
1985-12-03,1.0,1.0,1.0,1.0
1985-12-04,1.0,1.0,1.0,1.0
1985-12-05,1.0,1.0,1.0,1.0
1985-12-06,1.0,1.0,1.0,1.0
1985-12-09,1.0,1.0,1.0,1.0
1985-12-10,1.0,1.0,1.0,1.0
1985-12-11,1.0,1.0,1.0,1.0
1985-12-12,1.0,1.0,1.0,1.0
1985-12-13,1.0,1.0,1.0,1.0
1985-12-16,1.0,1.0,1.0,1.0
1985-12-17,1.0,1.0,1.0,1.0
1985-12-18,1.0,1.0,1.0,1.0
1985-12-19,1.0,1.0,1.0,1.0
1985-12-20,1.0,1.0,1.0,1.0
1985-12-23,1.0,1.0,1.0,1.0
1985-12-24,1.0,1.0,1.0,1.0
1985-12-25,1.0,1.0,1.0,1.0
1985-12-26,1.0,1.0,1.0,1.0
1985-12-27,1.0,1.0,1.0,1.0
1985-12-30,1.0,1.0,1.0,1.0
1985-12-31,1.0,1.0,1.0,1.0
1986-01-01,1.0,1.0,1.0,1.0
1986-01-02,1.0,1.0,1.0,1.0
1986-01-03,1.0,1.0,1.0,1.0
1986-01-06,1.0,1.0,1.0,1.0
1986-01-07,1.0,1.0,1.0,1.0
1986-01-08,1.0,1.0,1.0,1.0
1986-01-09,1.0,1.0,1.0,1.0
1986-01-10,1.0,1.0,1.0,1.0
1986-01-13,1.0,1.0,1.0,1.0
1986-01-14,1.0,1.0,1.0,1.0
1986-01-15,1.0,1.0,1.0,1.0
1986-01-16,1.0,1.0,1.0,1.0
1986-01-17,1.0,1.0,1.0,1.0
1986-01-20,1.0,1.0,1.0,1.0
1986-01-21,1.0,1.0,1.0,1.0
1986-01-22,1.0,1.0,1.0,1.0
1986-01-23,1.0,1.0,1.0,1.0
1986-01-24,1.0,1.0,1.0,1.0
1986-01-27,1.0,1.0,1.0,1.0
1986-01-28,1.0,1.0,1.0,1.0
1986-01-29,1.0,1.0,1.0,1.0
1986-01-30,1.0,1.0,1.0,1.0
1986-01-31,1.0,1.0,1.0,1.0
1986-02-03,1.0,1.0,1.0,1.0
1986-02-04,1.0,1.0,1.0,1.0
1986-02-05,1.0,1.0,1.0,1.0
1986-02-06,1.0,1.0,1.0,1.0
1986-02-07,1.0,1.0,1.0,1.0
1986-02-10,1.0,1.0,1.0,1.0
1986-02-11,1.0,1.0,1.0,1.0
1986-02-12,1.0,1.0,1.0,1.0
1986-02-13,1.0,1.0,1.0,1.0
1986-02-14,1.0,1.0,1.0,1.0
1986-02-17,1.0,1.0,1.0,1.0
1986-02-18,1.0,1.0,1.0,1.0
1986-02-19,1.0,1.0,1.0,1.0
1986-02-20,1.0,1.0,1.0,1.0
1986-02-21,1.0,1.0,1.0,1.0
1986-02-24,1.0,1.0,1.0,1.0
1986-02-25,1.0,1.0,1.0,1.0
1986-02-26,1.0,1.0,1.0,1.0
1986-02-27,1.0,1.0,1.0,1.0
1986-02-28,1.0,1.0,1.0,1.0
1986-03-03,1.0,1.0,1.0,1.0
1986-03-04,1.0,1.0,1.0,1.0
1986-03-05,1.0,1.0,1.0,1.0
1986-03-06,1.0,1.0,1.0,1.0
1986-03-07,1.0,1.0,1.0,1.0
1986-03-10,1.0,1.0,1.0,1.0
1986-03-11,1.0,1.0,1.0,1.0
1986-03-12,1.0,1.0,1.0,1.0
1986-03-13,1.0,1.0,1.0,1.0
1986-03-14,1.0,1.0,1.0,1.0
1986-03-17,1.0,1.0,1.0,1.0
1986-03-18,1.0,1.0,1.0,1.0
1986-03-19,1.0,1.0,1.0,1.0
1986-03-20,1.0,1.0,1.0,1.0
1986-03-21,1.0,1.0,1.0,1.0
1986-03-24,1.0,1.0,1.0,1.0
1986-03-25,1.0,1.0,1.0,1.0
1986-03-26,1.0,1.0,1.0,1.0
1986-03-27,1.0,1.0,1.0,1.0
1986-03-28,1.0,1.0,1.0,1.0
1986-03-31,1.0,1.0,1.0,1.0
1986-04-01,1.0,1.0,1.0,1.0
1986-04-02,1.0,1.0,1.0,1.0
1986-04-03,1.0,1.0,1.0,1.0
1986-04-04,1.0,1.0,1.0,1.0
1986-04-07,1.0,1.0,1.0,1.0
1986-04-08,1.0,1.0,1.0,1.0
1986-04-09,1.0,1.0,1.0,1.0
1986-04-10,1.0,1.0,1.0,1.0
1986-04-11,1.0,1.0,1.0,1.0
1986-04-14,1.0,1.0,1.0,1.0
1986-04-15,1.0,1.0,1.0,1.0
1986-04-16,1.0,1.0,1.0,1.0
1986-04-17,1.0,1.0,1.0,1.0
1986-04-18,1.0,1.0,1.0,1.0
1986-04-21,1.0,1.0,1.0,1.0
1986-04-22,1.0,1.0,1.0,1.0
1986-04-23,1.0,1.0,1.0,1.0
1986-04-24,1.0,1.0,1.0,1.0
1986-04-25,1.0,1.0,1.0,1.0
1986-04-28,1.0,1.0,1.0,1.0
1986-04-29,1.0,1.0,1.0,1.0
1986-04-30,1.0,1.0,1.0,1.0
1986-05-01,1.0,1.0,1.0,1.0
1986-05-02,1.0,1.0,1.0,1.0
1986-05-05,1.0,1.0,1.0,1.0
1986-05-06,1.0,1.0,1.0,1.0
1986-05-07,1.0,1.0,1.0,1.0
1986-05-08,1.0,1.0,1.0,1.0
1986-05-09,1.0,1.0,1.0,1.0
1986-05-12,1.0,1.0,1.0,1.0
1986-05-13,1.0,1.0,1.0,1.0
1986-05-14,1.0,1.0,1.0,1.0
1986-05-15,1.0,1.0,1.0,1.0
1986-05-16,1.0,1.0,1.0,1.0
1986-05-19,1.0,1.0,1.0,1.0
1986-05-20,1.0,1.0,1.0,1.0
1986-05-21,1.0,1.0,1.0,1.0
1986-05-22,1.0,1.0,1.0,1.0
1986-05-23,1.0,1.0,1.0,1.0
1986-05-26,1.0,1.0,1.0,1.0
1986-05-27,1.0,1.0,1.0,1.0
1986-05-28,1.0,1.0,1.0,1.0
1986-05-29,1.0,1.0,1.0,1.0
1986-05-30,1.0,1.0,1.0,1.0
1986-06-02,1.0,1.0,1.0,1.0
1986-06-03,1.0,1.0,1.0,1.0
1986-06-04,1.0,1.0,1.0,1.0
1986-06-05,1.0,1.0,1.0,1.0
1986-06-06,1.0,1.0,1.0,1.0
1986-06-09,1.0,1.0,1.0,1.0
1986-06-10,1.0,1.0,1.0,1.0
1986-06-11,1.0,1.0,1.0,1.0
1986-06-12,1.0,1.0,1.0,1.0
1986-06-13,1.0,1.0,1.0,1.0
1986-06-16,1.0,1.0,1.0,1.0
1986-06-17,1.0,1.0,1.0,1.0
1986-06-18,1.0,1.0,1.0,1.0
1986-06-19,1.0,1.0,1.0,1.0
1986-06-20,1.0,1.0,1.0,1.0
1986-06-23,1.0,1.0,1.0,1.0
1986-06-24,1.0,1.0,1.0,1.0
1986-06-25,1.0,1.0,1.0,1.0
1986-06-26,1.0,1.0,1.0,1.0
1986-06-27,1.0,1.0,1.0,1.0
1986-06-30,1.0,1.0,1.0,1.0
1986-07-01,1.0,1.0,1.0,1.0
1986-07-02,1.0,1.0,1.0,1.0
1986-07-03,1.0,1.0,1.0,1.0
1986-07-04,1.0,1.0,1.0,1.0
1986-07-07,1.0,1.0,1.0,1.0
1986-07-08,1.0,1.0,1.0,1.0
1986-07-09,1.0,1.0,1.0,1.0
1986-07-10,1.0,1.0,1.0,1.0
1986-07-11,1.0,1.0,1.0,1.0
1986-07-14,1.0,1.0,1.0,1.0
1986-07-15,1.0,1.0,1.0,1.0
1986-07-16,1.0,1.0,1.0,1.0
1986-07-17,1.0,1.0,1.0,1.0
1986-07-18,1.0,1.0,1.0,1.0
1986-07-21,1.0,1.0,1.0,1.0
1986-07-22,1.0,1.0,1.0,1.0
1986-07-23,1.0,1.0,1.0,1.0
1986-07-24,1.0,1.0,1.0,1.0
1986-07-25,1.0,1.0,1.0,1.0
1986-07-28,1.0,1.0,1.0,1.0
1986-07-29,1.0,1.0,1.0,1.0
1986-07-30,1.0,1.0,1.0,1.0
1986-07-31,1.0,1.0,1.0,1.0
1986-08-01,1.0,1.0,1.0,1.0
1986-08-04,1.0,1.0,1.0,1.0
1986-08-05,1.0,1.0,1.0,1.0
1986-08-06,1.0,1.0,1.0,1.0
1986-08-07,1.0,1.0,1.0,1.0
1986-08-08,1.0,1.0,1.0,1.0
1986-08-11,1.0,1.0,1.0,1.0
1986-08-12,1.0,1.0,1.0,1.0
1986-08-13,1.0,1.0,1.0,1.0
1986-08-14,1.0,1.0,1.0,1.0
1986-08-15,1.0,1.0,1.0,1.0
1986-08-18,1.0,1.0,1.0,1.0
1986-08-19,1.0,1.0,1.0,1.0
1986-08-20,1.0,1.0,1.0,1.0
1986-08-21,1.0,1.0,1.0,1.0
1986-08-22,1.0,1.0,1.0,1.0
1986-08-25,1.0,1.0,1.0,1.0
1986-08-26,1.0,1.0,1.0,1.0
1986-08-27,1.0,1.0,1.0,1.0
1986-08-28,1.0,1.0,1.0,1.0
1986-08-29,1.0,1.0,1.0,1.0
1986-09-01,1.0,1.0,1.0,1.0
1986-09-02,1.0,1.0,1.0,1.0
1986-09-03,1.0,1.0,1.0,1.0
1986-09-04,1.0,1.0,1.0,1.0
1986-09-05,1.0,1.0,1.0,1.0
1986-09-08,1.0,1.0,1.0,1.0
1986-09-09,1.0,1.0,1.0,1.0
1986-09-10,1.0,1.0,1.0,1.0
1986-09-11,1.0,1.0,1.0,1.0
1986-09-12,1.0,1.0,1.0,1.0
1986-09-15,1.0,1.0,1.0,1.0
1986-09-16,1.0,1.0,1.0,1.0
1986-09-17,1.0,1.0,1.0,1.0
1986-09-18,1.0,1.0,1.0,1.0
1986-09-19,1.0,1.0,1.0,1.0
1986-09-22,1.0,1.0,1.0,1.0
1986-09-23,1.0,1.0,1.0,1.0
1986-09-24,1.0,1.0,1.0,1.0
1986-09-25,1.0,1.0,1.0,1.0
1986-09-26,1.0,1.0,1.0,1.0
1986-09-29,1.0,1.0,1.0,1.0
1986-09-30,1.0,1.0,1.0,1.0
1986-10-01,1.0,1.0,1.0,1.0
1986-10-02,1.0,1.0,1.0,1.0
1986-10-03,1.0,1.0,1.0,1.0
1986-10-06,1.0,1.0,1.0,1.0
1986-10-07,1.0,1.0,1.0,1.0
1986-10-08,1.0,1.0,1.0,1.0
1986-10-09,1.0,1.0,1.0,1.0
1986-10-10,1.0,1.0,1.0,1.0
1986-10-13,1.0,1.0,1.0,1.0
1986-10-14,1.0,1.0,1.0,1.0
1986-10-15,1.0,1.0,1.0,1.0
1986-10-16,1.0,1.0,1.0,1.0
1986-10-17,1.0,1.0,1.0,1.0
1986-10-20,1.0,1.0,1.0,1.0
1986-10-21,1.0,1.0,1.0,1.0
1986-10-22,1.0,1.0,1.0,1.0
1986-10-23,1.0,1.0,1.0,1.0
1986-10-24,1.0,1.0,1.0,1.0
1986-10-27,1.0,1.0,1.0,1.0
1986-10-28,1.0,1.0,1.0,1.0
1986-10-29,1.0,1.0,1.0,1.0
1986-10-30,1.0,1.0,1.0,1.0
1986-10-31,1.0,1.0,1.0,1.0
1986-11-03,1.0,1.0,1.0,1.0
1986-11-04,1.0,1.0,1.0,1.0
1986-11-05,1.0,1.0,1.0,1.0
1986-11-06,1.0,1.0,1.0,1.0
1986-11-07,1.0,1.0,1.0,1.0
1986-11-10,1.0,1.0,1.0,1.0
1986-11-11,1.0,1.0,1.0,1.0
1986-11-12,1.0,1.0,1.0,1.0
1986-11-13,1.0,1.0,1.0,1.0
1986-11-14,1.0,1.0,1.0,1.0
1986-11-17,1.0,1.0,1.0,1.0
1986-11-18,1.0,1.0,1.0,1.0
1986-11-19,1.0,1.0,1.0,1.0
1986-11-20,1.0,1.0,1.0,1.0
1986-11-21,1.0,1.0,1.0,1.0
1986-11-24,1.0,1.0,1.0,1.0
1986-11-25,1.0,1.0,1.0,1.0
1986-11-26,1.0,1.0,1.0,1.0
1986-11-27,1.0,1.0,1.0,1.0
1986-11-28,1.0,1.0,1.0,1.0
1986-12-01,1.0,1.0,1.0,1.0
1986-12-02,1.0,1.0,1.0,1.0
1986-12-03,1.0,1.0,1.0,1.0
1986-12-04,1.0,1.0,1.0,1.0
1986-12-05,1.0,1.0,1.0,1.0
1986-12-08,1.0,1.0,1.0,1.0
1986-12-09,1.0,1.0,1.0,1.0
1986-12-10,1.0,1.0,1.0,1.0
1986-12-11,1.0,1.0,1.0,1.0
1986-12-12,1.0,1.0,1.0,1.0
1986-12-15,1.0,1.0,1.0,1.0
1986-12-16,1.0,1.0,1.0,1.0
1986-12-17,1.0,1.0,1.0,1.0
1986-12-18,1.0,1.0,1.0,1.0
1986-12-19,1.0,1.0,1.0,1.0
1986-12-22,1.0,1.0,1.0,1.0
1986-12-23,1.0,1.0,1.0,1.0
1986-12-24,1.0,1.0,1.0,1.0
1986-12-25,1.0,1.0,1.0,1.0
1986-12-26,1.0,1.0,1.0,1.0
1986-12-29,1.0,1.0,1.0,1.0
1986-12-30,1.0,1.0,1.0,1.0
1986-12-31,1.0,1.0,1.0,1.0
1987-01-01,1.0,1.0,1.0,1.0
1987-01-02,1.0,1.0,1.0,1.0
1987-01-05,1.0,1.0,1.0,1.0
1987-01-06,1.0,1.0,1.0,1.0
1987-01-07,1.0,1.0,1.0,1.0
1987-01-08,1.0,1.0,1.0,1.0
1987-01-09,1.0,1.0,1.0,1.0
1987-01-12,1.0,1.0,1.0,1.0
1987-01-13,1.0,1.0,1.0,1.0
1987-01-14,1.0,1.0,1.0,1.0
1987-01-15,1.0,1.0,1.0,1.0
1987-01-16,1.0,1.0,1.0,1.0
1987-01-19,1.0,1.0,1.0,1.0
1987-01-20,1.0,1.0,1.0,1.0
1987-01-21,1.0,1.0,1.0,1.0
1987-01-22,1.0,1.0,1.0,1.0
1987-01-23,1.0,1.0,1.0,1.0
1987-01-26,1.0,1.0,1.0,1.0
1987-01-27,1.0,1.0,1.0,1.0
1987-01-28,1.0,1.0,1.0,1.0
1987-01-29,1.0,1.0,1.0,1.0
1987-01-30,1.0,1.0,1.0,1.0
1987-02-02,1.0,1.0,1.0,1.0
1987-02-03,1.0,1.0,1.0,1.0
1987-02-04,1.0,1.0,1.0,1.0
1987-02-05,1.0,1.0,1.0,1.0
1987-02-06,1.0,1.0,1.0,1.0
1987-02-09,1.0,1.0,1.0,1.0
1987-02-10,1.0,1.0,1.0,1.0
1987-02-11,1.0,1.0,1.0,1.0
1987-02-12,1.0,1.0,1.0,1.0
1987-02-13,1.0,1.0,1.0,1.0
1987-02-16,1.0,1.0,1.0,1.0
1987-02-17,1.0,1.0,1.0,1.0
1987-02-18,1.0,1.0,1.0,1.0
1987-02-19,1.0,1.0,1.0,1.0
1987-02-20,1.0,1.0,1.0,1.0
1987-02-23,1.0,1.0,1.0,1.0
1987-02-24,1.0,1.0,1.0,1.0
1987-02-25,1.0,1.0,1.0,1.0
1987-02-26,1.0,1.0,1.0,1.0
1987-02-27,1.0,1.0,1.0,1.0
1987-03-02,1.0,1.0,1.0,1.0
1987-03-03,1.0,1.0,1.0,1.0
1987-03-04,1.0,1.0,1.0,1.0
1987-03-05,1.0,1.0,1.0,1.0
1987-03-06,1.0,1.0,1.0,1.0
1987-03-09,1.0,1.0,1.0,1.0
1987-03-10,1.0,1.0,1.0,1.0
1987-03-11,1.0,1.0,1.0,1.0
1987-03-12,1.0,1.0,1.0,1.0
1987-03-13,1.0,1.0,1.0,1.0
1987-03-16,1.0,1.0,1.0,1.0
1987-03-17,1.0,1.0,1.0,1.0
1987-03-18,1.0,1.0,1.0,1.0
1987-03-19,1.0,1.0,1.0,1.0
1987-03-20,1.0,1.0,1.0,1.0
1987-03-23,1.0,1.0,1.0,1.0
1987-03-24,1.0,1.0,1.0,1.0
1987-03-25,1.0,1.0,1.0,1.0
1987-03-26,1.0,1.0,1.0,1.0
1987-03-27,1.0,1.0,1.0,1.0
1987-03-30,1.0,1.0,1.0,1.0
1987-03-31,1.0,1.0,1.0,1.0
1987-04-01,1.0,1.0,1.0,1.0
1987-04-02,1.0,1.0,1.0,1.0
1987-04-03,1.0,1.0,1.0,1.0
1987-04-06,1.0,1.0,1.0,1.0
1987-04-07,1.0,1.0,1.0,1.0
1987-04-08,1.0,1.0,1.0,1.0
1987-04-09,1.0,1.0,1.0,1.0
1987-04-10,1.0,1.0,1.0,1.0
1987-04-13,1.0,1.0,1.0,1.0
1987-04-14,1.0,1.0,1.0,1.0
1987-04-15,1.0,1.0,1.0,1.0
1987-04-16,1.0,1.0,1.0,1.0
1987-04-17,1.0,1.0,1.0,1.0
1987-04-20,1.0,1.0,1.0,1.0
1987-04-21,1.0,1.0,1.0,1.0
1987-04-22,1.0,1.0,1.0,1.0
1987-04-23,1.0,1.0,1.0,1.0
1987-04-24,1.0,1.0,1.0,1.0
1987-04-27,1.0,1.0,1.0,1.0
1987-04-28,1.0,1.0,1.0,1.0
1987-04-29,1.0,1.0,1.0,1.0
1987-04-30,1.0,1.0,1.0,1.0
1987-05-01,1.0,1.0,1.0,1.0
1987-05-04,1.0,1.0,1.0,1.0
1987-05-05,1.0,1.0,1.0,1.0
1987-05-06,1.0,1.0,1.0,1.0
1987-05-07,1.0,1.0,1.0,1.0
1987-05-08,1.0,1.0,1.0,1.0
1987-05-11,1.0,1.0,1.0,1.0
1987-05-12,1.0,1.0,1.0,1.0
1987-05-13,1.0,1.0,1.0,1.0
1987-05-14,1.0,1.0,1.0,1.0
1987-05-15,1.0,1.0,1.0,1.0
1987-05-18,1.0,1.0,1.0,1.0
1987-05-19,1.0,1.0,1.0,1.0
1987-05-20,1.0,1.0,1.0,1.0
1987-05-21,1.0,1.0,1.0,1.0
1987-05-22,1.0,1.0,1.0,1.0
1987-05-25,1.0,1.0,1.0,1.0
1987-05-26,1.0,1.0,1.0,1.0
1987-05-27,1.0,1.0,1.0,1.0
1987-05-28,1.0,1.0,1.0,1.0
1987-05-29,1.0,1.0,1.0,1.0
1987-06-01,1.0,1.0,1.0,1.0
1987-06-02,1.0,1.0,1.0,1.0
1987-06-03,1.0,1.0,1.0,1.0
1987-06-04,1.0,1.0,1.0,1.0
1987-06-05,1.0,1.0,1.0,1.0
1987-06-08,1.0,1.0,1.0,1.0
1987-06-09,1.0,1.0,1.0,1.0
1987-06-10,1.0,1.0,1.0,1.0
1987-06-11,1.0,1.0,1.0,1.0
1987-06-12,1.0,1.0,1.0,1.0
1987-06-15,1.0,1.0,1.0,1.0
1987-06-16,1.0,1.0,1.0,1.0
1987-06-17,1.0,1.0,1.0,1.0
1987-06-18,1.0,1.0,1.0,1.0
1987-06-19,1.0,1.0,1.0,1.0
1987-06-22,1.0,1.0,1.0,1.0
1987-06-23,1.0,1.0,1.0,1.0
1987-06-24,1.0,1.0,1.0,1.0
1987-06-25,1.0,1.0,1.0,1.0
1987-06-26,1.0,1.0,1.0,1.0
1987-06-29,1.0,1.0,1.0,1.0
1987-06-30,1.0,1.0,1.0,1.0
1987-07-01,1.0,1.0,1.0,1.0
1987-07-02,1.0,1.0,1.0,1.0
1987-07-03,1.0,1.0,1.0,1.0
1987-07-06,1.0,1.0,1.0,1.0
1987-07-07,1.0,1.0,1.0,1.0
1987-07-08,1.0,1.0,1.0,1.0
1987-07-09,1.0,1.0,1.0,1.0
1987-07-10,1.0,1.0,1.0,1.0
1987-07-13,1.0,1.0,1.0,1.0
1987-07-14,1.0,1.0,1.0,1.0
1987-07-15,1.0,1.0,1.0,1.0
1987-07-16,1.0,1.0,1.0,1.0
1987-07-17,1.0,1.0,1.0,1.0
1987-07-20,1.0,1.0,1.0,1.0
1987-07-21,1.0,1.0,1.0,1.0
1987-07-22,1.0,1.0,1.0,1.0
1987-07-23,1.0,1.0,1.0,1.0
1987-07-24,1.0,1.0,1.0,1.0
1987-07-27,1.0,1.0,1.0,1.0
1987-07-28,1.0,1.0,1.0,1.0
1987-07-29,1.0,1.0,1.0,1.0
1987-07-30,1.0,1.0,1.0,1.0
1987-07-31,1.0,1.0,1.0,1.0
1987-08-03,1.0,1.0,1.0,1.0
1987-08-04,1.0,1.0,1.0,1.0
1987-08-05,1.0,1.0,1.0,1.0
1987-08-06,1.0,1.0,1.0,1.0
1987-08-07,1.0,1.0,1.0,1.0
1987-08-10,1.0,1.0,1.0,1.0
1987-08-11,1.0,1.0,1.0,1.0
1987-08-12,1.0,1.0,1.0,1.0
1987-08-13,1.0,1.0,1.0,1.0
1987-08-14,1.0,1.0,1.0,1.0
1987-08-17,1.0,1.0,1.0,1.0
1987-08-18,1.0,1.0,1.0,1.0
1987-08-19,1.0,1.0,1.0,1.0
1987-08-20,1.0,1.0,1.0,1.0
1987-08-21,1.0,1.0,1.0,1.0
1987-08-24,1.0,1.0,1.0,1.0
1987-08-25,1.0,1.0,1.0,1.0
1987-08-26,1.0,1.0,1.0,1.0
1987-08-27,1.0,1.0,1.0,1.0
1987-08-28,1.0,1.0,1.0,1.0
1987-08-31,1.0,1.0,1.0,1.0
1987-09-01,1.0,1.0,1.0,1.0
1987-09-02,1.0,1.0,1.0,1.0
1987-09-03,1.0,1.0,1.0,1.0
1987-09-04,1.0,1.0,1.0,1.0
1987-09-07,1.0,1.0,1.0,1.0
1987-09-08,1.0,1.0,1.0,1.0
1987-09-09,1.0,1.0,1.0,1.0
1987-09-10,1.0,1.0,1.0,1.0
1987-09-11,1.0,1.0,1.0,1.0
1987-09-14,1.0,1.0,1.0,1.0
1987-09-15,1.0,1.0,1.0,1.0
1987-09-16,1.0,1.0,1.0,1.0
1987-09-17,1.0,1.0,1.0,1.0
1987-09-18,1.0,1.0,1.0,1.0
1987-09-21,1.0,1.0,1.0,1.0
1987-09-22,1.0,1.0,1.0,1.0
1987-09-23,1.0,1.0,1.0,1.0
1987-09-24,1.0,1.0,1.0,1.0
1987-09-25,1.0,1.0,1.0,1.0
1987-09-28,1.0,1.0,1.0,1.0
1987-09-29,1.0,1.0,1.0,1.0
1987-09-30,1.0,1.0,1.0,1.0
1987-10-01,1.0,1.0,1.0,1.0
1987-10-02,1.0,1.0,1.0,1.0
1987-10-05,1.0,1.0,1.0,1.0
1987-10-06,1.0,1.0,1.0,1.0
1987-10-07,1.0,1.0,1.0,1.0
1987-10-08,1.0,1.0,1.0,1.0
1987-10-09,1.0,1.0,1.0,1.0
1987-10-12,1.0,1.0,1.0,1.0
1987-10-13,1.0,1.0,1.0,1.0
1987-10-14,1.0,1.0,1.0,1.0
1987-10-15,1.0,1.0,1.0,1.0
1987-10-16,1.0,1.0,1.0,1.0
1987-10-19,1.0,1.0,1.0,1.0
1987-10-20,1.0,1.0,1.0,1.0
1987-10-21,1.0,1.0,1.0,1.0
1987-10-22,1.0,1.0,1.0,1.0
1987-10-23,1.0,1.0,1.0,1.0
1987-10-26,1.0,1.0,1.0,1.0
1987-10-27,1.0,1.0,1.0,1.0
1987-10-28,1.0,1.0,1.0,1.0
1987-10-29,1.0,1.0,1.0,1.0
1987-10-30,1.0,1.0,1.0,1.0
1987-11-02,1.0,1.0,1.0,1.0
1987-11-03,1.0,1.0,1.0,1.0
1987-11-04,1.0,1.0,1.0,1.0
1987-11-05,1.0,1.0,1.0,1.0
1987-11-06,1.0,1.0,1.0,1.0
1987-11-09,1.0,1.0,1.0,1.0
1987-11-10,1.0,1.0,1.0,1.0
1987-11-11,1.0,1.0,1.0,1.0
1987-11-12,1.0,1.0,1.0,1.0
1987-11-13,1.0,1.0,1.0,1.0
1987-11-16,1.0,1.0,1.0,1.0
1987-11-17,1.0,1.0,1.0,1.0
1987-11-18,1.0,1.0,1.0,1.0
1987-11-19,1.0,1.0,1.0,1.0
1987-11-20,1.0,1.0,1.0,1.0
1987-11-23,1.0,1.0,1.0,1.0
1987-11-24,1.0,1.0,1.0,1.0
1987-11-25,1.0,1.0,1.0,1.0
1987-11-26,1.0,1.0,1.0,1.0
1987-11-27,1.0,1.0,1.0,1.0
1987-11-30,1.0,1.0,1.0,1.0
1987-12-01,1.0,1.0,1.0,1.0
1987-12-02,1.0,1.0,1.0,1.0
1987-12-03,1.0,1.0,1.0,1.0
1987-12-04,1.0,1.0,1.0,1.0
1987-12-07,1.0,1.0,1.0,1.0
1987-12-08,1.0,1.0,1.0,1.0
1987-12-09,1.0,1.0,1.0,1.0
1987-12-10,1.0,1.0,1.0,1.0
1987-12-11,1.0,1.0,1.0,1.0
1987-12-14,1.0,1.0,1.0,1.0
1987-12-15,1.0,1.0,1.0,1.0
1987-12-16,1.0,1.0,1.0,1.0
1987-12-17,1.0,1.0,1.0,1.0
1987-12-18,1.0,1.0,1.0,1.0
1987-12-21,1.0,1.0,1.0,1.0
1987-12-22,1.0,1.0,1.0,1.0
1987-12-23,1.0,1.0,1.0,1.0
1987-12-24,1.0,1.0,1.0,1.0
1987-12-25,1.0,1.0,1.0,1.0
1987-12-28,1.0,1.0,1.0,1.0
1987-12-29,1.0,1.0,1.0,1.0
1987-12-30,1.0,1.0,1.0,1.0
1987-12-31,1.0,1.0,1.0,1.0
1988-01-01,1.0,1.0,1.0,1.0
1988-01-04,1.0,1.0,1.0,1.0
1988-01-05,1.0,1.0,1.0,1.0
1988-01-06,1.0,1.0,1.0,1.0
1988-01-07,1.0,1.0,1.0,1.0
1988-01-08,1.0,1.0,1.0,1.0
1988-01-11,1.0,1.0,1.0,1.0
1988-01-12,1.0,1.0,1.0,1.0
1988-01-13,1.0,1.0,1.0,1.0
1988-01-14,1.0,1.0,1.0,1.0
1988-01-15,1.0,1.0,1.0,1.0
1988-01-18,1.0,1.0,1.0,1.0
1988-01-19,1.0,1.0,1.0,1.0
1988-01-20,1.0,1.0,1.0,1.0
1988-01-21,1.0,1.0,1.0,1.0
1988-01-22,1.0,1.0,1.0,1.0
1988-01-25,1.0,1.0,1.0,1.0
1988-01-26,1.0,1.0,1.0,1.0
1988-01-27,1.0,1.0,1.0,1.0
1988-01-28,1.0,1.0,1.0,1.0
1988-01-29,1.0,1.0,1.0,1.0
1988-02-01,1.0,1.0,1.0,1.0
1988-02-02,1.0,1.0,1.0,1.0
1988-02-03,1.0,1.0,1.0,1.0
1988-02-04,1.0,1.0,1.0,1.0
1988-02-05,1.0,1.0,1.0,1.0
1988-02-08,1.0,1.0,1.0,1.0
1988-02-09,1.0,1.0,1.0,1.0
1988-02-10,1.0,1.0,1.0,1.0
1988-02-11,1.0,1.0,1.0,1.0
1988-02-12,1.0,1.0,1.0,1.0
1988-02-15,1.0,1.0,1.0,1.0
1988-02-16,1.0,1.0,1.0,1.0
1988-02-17,1.0,1.0,1.0,1.0
1988-02-18,1.0,1.0,1.0,1.0
1988-02-19,1.0,1.0,1.0,1.0
1988-02-22,1.0,1.0,1.0,1.0
1988-02-23,1.0,1.0,1.0,1.0
1988-02-24,1.0,1.0,1.0,1.0
1988-02-25,1.0,1.0,1.0,1.0
1988-02-26,1.0,1.0,1.0,1.0
1988-02-29,1.0,1.0,1.0,1.0
1988-03-01,1.0,1.0,1.0,1.0
1988-03-02,1.0,1.0,1.0,1.0
1988-03-03,1.0,1.0,1.0,1.0
1988-03-04,1.0,1.0,1.0,1.0
1988-03-07,1.0,1.0,1.0,1.0
1988-03-08,1.0,1.0,1.0,1.0
1988-03-09,1.0,1.0,1.0,1.0
1988-03-10,1.0,1.0,1.0,1.0
1988-03-11,1.0,1.0,1.0,1.0
1988-03-14,1.0,1.0,1.0,1.0
1988-03-15,1.0,1.0,1.0,1.0
1988-03-16,1.0,1.0,1.0,1.0
1988-03-17,1.0,1.0,1.0,1.0
1988-03-18,1.0,1.0,1.0,1.0
1988-03-21,1.0,1.0,1.0,1.0
1988-03-22,1.0,1.0,1.0,1.0
1988-03-23,1.0,1.0,1.0,1.0
1988-03-24,1.0,1.0,1.0,1.0
1988-03-25,1.0,1.0,1.0,1.0
1988-03-28,1.0,1.0,1.0,1.0
1988-03-29,1.0,1.0,1.0,1.0
1988-03-30,1.0,1.0,1.0,1.0
1988-03-31,1.0,1.0,1.0,1.0
1988-04-01,1.0,1.0,1.0,1.0
1988-04-04,1.0,1.0,1.0,1.0
1988-04-05,1.0,1.0,1.0,1.0
1988-04-06,1.0,1.0,1.0,1.0
1988-04-07,1.0,1.0,1.0,1.0
1988-04-08,1.0,1.0,1.0,1.0
1988-04-11,1.0,1.0,1.0,1.0
1988-04-12,1.0,1.0,1.0,1.0
1988-04-13,1.0,1.0,1.0,1.0
1988-04-14,1.0,1.0,1.0,1.0
1988-04-15,1.0,1.0,1.0,1.0
1988-04-18,1.0,1.0,1.0,1.0
1988-04-19,1.0,1.0,1.0,1.0
1988-04-20,1.0,1.0,1.0,1.0
1988-04-21,1.0,1.0,1.0,1.0
1988-04-22,1.0,1.0,1.0,1.0
1988-04-25,1.0,1.0,1.0,1.0
1988-04-26,1.0,1.0,1.0,1.0
1988-04-27,1.0,1.0,1.0,1.0
1988-04-28,1.0,1.0,1.0,1.0
1988-04-29,1.0,1.0,1.0,1.0
1988-05-02,1.0,1.0,1.0,1.0
1988-05-03,1.0,1.0,1.0,1.0
1988-05-04,1.0,1.0,1.0,1.0
1988-05-05,1.0,1.0,1.0,1.0
1988-05-06,1.0,1.0,1.0,1.0
1988-05-09,1.0,1.0,1.0,1.0
1988-05-10,1.0,1.0,1.0,1.0
1988-05-11,1.0,1.0,1.0,1.0
1988-05-12,1.0,1.0,1.0,1.0
1988-05-13,1.0,1.0,1.0,1.0
1988-05-16,1.0,1.0,1.0,1.0
1988-05-17,1.0,1.0,1.0,1.0
1988-05-18,1.0,1.0,1.0,1.0
1988-05-19,1.0,1.0,1.0,1.0
1988-05-20,1.0,1.0,1.0,1.0
1988-05-23,1.0,1.0,1.0,1.0
1988-05-24,1.0,1.0,1.0,1.0
1988-05-25,1.0,1.0,1.0,1.0
1988-05-26,1.0,1.0,1.0,1.0
1988-05-27,1.0,1.0,1.0,1.0
1988-05-30,1.0,1.0,1.0,1.0
1988-05-31,1.0,1.0,1.0,1.0
1988-06-01,1.0,1.0,1.0,1.0
1988-06-02,1.0,1.0,1.0,1.0
1988-06-03,1.0,1.0,1.0,1.0
1988-06-06,1.0,1.0,1.0,1.0
1988-06-07,1.0,1.0,1.0,1.0
1988-06-08,1.0,1.0,1.0,1.0
1988-06-09,1.0,1.0,1.0,1.0
1988-06-10,1.0,1.0,1.0,1.0
1988-06-13,1.0,1.0,1.0,1.0
1988-06-14,1.0,1.0,1.0,1.0
1988-06-15,1.0,1.0,1.0,1.0
1988-06-16,1.0,1.0,1.0,1.0
1988-06-17,1.0,1.0,1.0,1.0
1988-06-20,1.0,1.0,1.0,1.0
1988-06-21,1.0,1.0,1.0,1.0
1988-06-22,1.0,1.0,1.0,1.0
1988-06-23,1.0,1.0,1.0,1.0
1988-06-24,1.0,1.0,1.0,1.0
1988-06-27,1.0,1.0,1.0,1.0
1988-06-28,1.0,1.0,1.0,1.0
1988-06-29,1.0,1.0,1.0,1.0
1988-06-30,1.0,1.0,1.0,1.0
1988-07-01,1.0,1.0,1.0,1.0
1988-07-04,1.0,1.0,1.0,1.0
1988-07-05,1.0,1.0,1.0,1.0
1988-07-06,1.0,1.0,1.0,1.0
1988-07-07,1.0,1.0,1.0,1.0
1988-07-08,1.0,1.0,1.0,1.0
1988-07-11,1.0,1.0,1.0,1.0
1988-07-12,1.0,1.0,1.0,1.0
1988-07-13,1.0,1.0,1.0,1.0
1988-07-14,1.0,1.0,1.0,1.0
1988-07-15,1.0,1.0,1.0,1.0
1988-07-18,1.0,1.0,1.0,1.0
1988-07-19,1.0,1.0,1.0,1.0
1988-07-20,1.0,1.0,1.0,1.0
1988-07-21,1.0,1.0,1.0,1.0
1988-07-22,1.0,1.0,1.0,1.0
1988-07-25,1.0,1.0,1.0,1.0
1988-07-26,1.0,1.0,1.0,1.0
1988-07-27,1.0,1.0,1.0,1.0
1988-07-28,1.0,1.0,1.0,1.0
1988-07-29,1.0,1.0,1.0,1.0
1988-08-01,1.0,1.0,1.0,1.0
1988-08-02,1.0,1.0,1.0,1.0
1988-08-03,1.0,1.0,1.0,1.0
1988-08-04,1.0,1.0,1.0,1.0
1988-08-05,1.0,1.0,1.0,1.0
1988-08-08,1.0,1.0,1.0,1.0
1988-08-09,1.0,1.0,1.0,1.0
1988-08-10,1.0,1.0,1.0,1.0
1988-08-11,1.0,1.0,1.0,1.0
1988-08-12,1.0,1.0,1.0,1.0
1988-08-15,1.0,1.0,1.0,1.0
1988-08-16,1.0,1.0,1.0,1.0
1988-08-17,1.0,1.0,1.0,1.0
1988-08-18,1.0,1.0,1.0,1.0
1988-08-19,1.0,1.0,1.0,1.0
1988-08-22,1.0,1.0,1.0,1.0
1988-08-23,1.0,1.0,1.0,1.0
1988-08-24,1.0,1.0,1.0,1.0
1988-08-25,1.0,1.0,1.0,1.0
1988-08-26,1.0,1.0,1.0,1.0
1988-08-29,1.0,1.0,1.0,1.0
1988-08-30,1.0,1.0,1.0,1.0
1988-08-31,1.0,1.0,1.0,1.0
1988-09-01,1.0,1.0,1.0,1.0
1988-09-02,1.0,1.0,1.0,1.0
1988-09-05,1.0,1.0,1.0,1.0
1988-09-06,1.0,1.0,1.0,1.0
1988-09-07,1.0,1.0,1.0,1.0
1988-09-08,1.0,1.0,1.0,1.0
1988-09-09,1.0,1.0,1.0,1.0
1988-09-12,1.0,1.0,1.0,1.0
1988-09-13,1.0,1.0,1.0,1.0
1988-09-14,1.0,1.0,1.0,1.0
1988-09-15,1.0,1.0,1.0,1.0
1988-09-16,1.0,1.0,1.0,1.0
1988-09-19,1.0,1.0,1.0,1.0
1988-09-20,1.0,1.0,1.0,1.0
1988-09-21,1.0,1.0,1.0,1.0
1988-09-22,1.0,1.0,1.0,1.0
1988-09-23,1.0,1.0,1.0,1.0
1988-09-26,1.0,1.0,1.0,1.0
1988-09-27,1.0,1.0,1.0,1.0
1988-09-28,1.0,1.0,1.0,1.0
1988-09-29,1.0,1.0,1.0,1.0
1988-09-30,1.0,1.0,1.0,1.0
1988-10-03,1.0,1.0,1.0,1.0
1988-10-04,1.0,1.0,1.0,1.0
1988-10-05,1.0,1.0,1.0,1.0
1988-10-06,1.0,1.0,1.0,1.0
1988-10-07,1.0,1.0,1.0,1.0
1988-10-10,1.0,1.0,1.0,1.0
1988-10-11,1.0,1.0,1.0,1.0
1988-10-12,1.0,1.0,1.0,1.0
1988-10-13,1.0,1.0,1.0,1.0
1988-10-14,1.0,1.0,1.0,1.0
1988-10-17,1.0,1.0,1.0,1.0
1988-10-18,1.0,1.0,1.0,1.0
1988-10-19,1.0,1.0,1.0,1.0
1988-10-20,1.0,1.0,1.0,1.0
1988-10-21,1.0,1.0,1.0,1.0
1988-10-24,1.0,1.0,1.0,1.0
1988-10-25,1.0,1.0,1.0,1.0
1988-10-26,1.0,1.0,1.0,1.0
1988-10-27,1.0,1.0,1.0,1.0
1988-10-28,1.0,1.0,1.0,1.0
1988-10-31,1.0,1.0,1.0,1.0
1988-11-01,1.0,1.0,1.0,1.0
1988-11-02,1.0,1.0,1.0,1.0
1988-11-03,1.0,1.0,1.0,1.0
1988-11-04,1.0,1.0,1.0,1.0
1988-11-07,1.0,1.0,1.0,1.0
1988-11-08,1.0,1.0,1.0,1.0
1988-11-09,1.0,1.0,1.0,1.0
1988-11-10,1.0,1.0,1.0,1.0
1988-11-11,1.0,1.0,1.0,1.0
1988-11-14,1.0,1.0,1.0,1.0
1988-11-15,1.0,1.0,1.0,1.0
1988-11-16,1.0,1.0,1.0,1.0
1988-11-17,1.0,1.0,1.0,1.0
1988-11-18,1.0,1.0,1.0,1.0
1988-11-21,1.0,1.0,1.0,1.0
1988-11-22,1.0,1.0,1.0,1.0
1988-11-23,1.0,1.0,1.0,1.0
1988-11-24,1.0,1.0,1.0,1.0
1988-11-25,1.0,1.0,1.0,1.0
1988-11-28,1.0,1.0,1.0,1.0
1988-11-29,1.0,1.0,1.0,1.0
1988-11-30,1.0,1.0,1.0,1.0
1988-12-01,1.0,1.0,1.0,1.0
1988-12-02,1.0,1.0,1.0,1.0
1988-12-05,1.0,1.0,1.0,1.0
1988-12-06,1.0,1.0,1.0,1.0
1988-12-07,1.0,1.0,1.0,1.0
1988-12-08,1.0,1.0,1.0,1.0
1988-12-09,1.0,1.0,1.0,1.0
1988-12-12,1.0,1.0,1.0,1.0
1988-12-13,1.0,1.0,1.0,1.0
1988-12-14,1.0,1.0,1.0,1.0
1988-12-15,1.0,1.0,1.0,1.0
1988-12-16,1.0,1.0,1.0,1.0
1988-12-19,1.0,1.0,1.0,1.0
1988-12-20,1.0,1.0,1.0,1.0
1988-12-21,1.0,1.0,1.0,1.0
1988-12-22,1.0,1.0,1.0,1.0
1988-12-23,1.0,1.0,1.0,1.0
1988-12-26,1.0,1.0,1.0,1.0
1988-12-27,1.0,1.0,1.0,1.0
1988-12-28,1.0,1.0,1.0,1.0
1988-12-29,1.0,1.0,1.0,1.0
1988-12-30,1.0,1.0,1.0,1.0
1989-01-02,1.0,1.0,1.0,1.0
1989-01-03,1.0,1.0,1.0,1.0
1989-01-04,1.0,1.0,1.0,1.0
1989-01-05,1.0,1.0,1.0,1.0
1989-01-06,1.0,1.0,1.0,1.0
1989-01-09,1.0,1.0,1.0,1.0
1989-01-10,1.0,1.0,1.0,1.0
1989-01-11,1.0,1.0,1.0,1.0
1989-01-12,1.0,1.0,1.0,1.0
1989-01-13,1.0,1.0,1.0,1.0
1989-01-16,1.0,1.0,1.0,1.0
1989-01-17,1.0,1.0,1.0,1.0
1989-01-18,1.0,1.0,1.0,1.0
1989-01-19,1.0,1.0,1.0,1.0
1989-01-20,1.0,1.0,1.0,1.0
1989-01-23,1.0,1.0,1.0,1.0
1989-01-24,1.0,1.0,1.0,1.0
1989-01-25,1.0,1.0,1.0,1.0
1989-01-26,1.0,1.0,1.0,1.0
1989-01-27,1.0,1.0,1.0,1.0
1989-01-30,1.0,1.0,1.0,1.0
1989-01-31,1.0,1.0,1.0,1.0
1989-02-01,1.0,1.0,1.0,1.0
1989-02-02,1.0,1.0,1.0,1.0
1989-02-03,1.0,1.0,1.0,1.0
1989-02-06,1.0,1.0,1.0,1.0
1989-02-07,1.0,1.0,1.0,1.0
1989-02-08,1.0,1.0,1.0,1.0
1989-02-09,1.0,1.0,1.0,1.0
1989-02-10,1.0,1.0,1.0,1.0
1989-02-13,1.0,1.0,1.0,1.0
1989-02-14,1.0,1.0,1.0,1.0
1989-02-15,1.0,1.0,1.0,1.0
1989-02-16,1.0,1.0,1.0,1.0
1989-02-17,1.0,1.0,1.0,1.0
1989-02-20,1.0,1.0,1.0,1.0
1989-02-21,1.0,1.0,1.0,1.0
1989-02-22,1.0,1.0,1.0,1.0
1989-02-23,1.0,1.0,1.0,1.0
1989-02-24,1.0,1.0,1.0,1.0
1989-02-27,1.0,1.0,1.0,1.0
1989-02-28,1.0,1.0,1.0,1.0
1989-03-01,1.0,1.0,1.0,1.0
1989-03-02,1.0,1.0,1.0,1.0
1989-03-03,1.0,1.0,1.0,1.0
1989-03-06,1.0,1.0,1.0,1.0
1989-03-07,1.0,1.0,1.0,1.0
1989-03-08,1.0,1.0,1.0,1.0
1989-03-09,1.0,1.0,1.0,1.0
1989-03-10,1.0,1.0,1.0,1.0
1989-03-13,1.0,1.0,1.0,1.0
1989-03-14,1.0,1.0,1.0,1.0
1989-03-15,1.0,1.0,1.0,1.0
1989-03-16,1.0,1.0,1.0,1.0
1989-03-17,1.0,1.0,1.0,1.0
1989-03-20,1.0,1.0,1.0,1.0
1989-03-21,1.0,1.0,1.0,1.0
1989-03-22,1.0,1.0,1.0,1.0
1989-03-23,1.0,1.0,1.0,1.0
1989-03-24,1.0,1.0,1.0,1.0
1989-03-27,1.0,1.0,1.0,1.0
1989-03-28,1.0,1.0,1.0,1.0
1989-03-29,1.0,1.0,1.0,1.0
1989-03-30,1.0,1.0,1.0,1.0
1989-03-31,1.0,1.0,1.0,1.0
1989-04-03,1.0,1.0,1.0,1.0
1989-04-04,1.0,1.0,1.0,1.0
1989-04-05,1.0,1.0,1.0,1.0
1989-04-06,1.0,1.0,1.0,1.0
1989-04-07,1.0,1.0,1.0,1.0
1989-04-10,1.0,1.0,1.0,1.0
1989-04-11,1.0,1.0,1.0,1.0
1989-04-12,1.0,1.0,1.0,1.0
1989-04-13,1.0,1.0,1.0,1.0
1989-04-14,1.0,1.0,1.0,1.0
1989-04-17,1.0,1.0,1.0,1.0
1989-04-18,1.0,1.0,1.0,1.0
1989-04-19,1.0,1.0,1.0,1.0
1989-04-20,1.0,1.0,1.0,1.0
1989-04-21,1.0,1.0,1.0,1.0
1989-04-24,1.0,1.0,1.0,1.0
1989-04-25,1.0,1.0,1.0,1.0
1989-04-26,1.0,1.0,1.0,1.0
1989-04-27,1.0,1.0,1.0,1.0
1989-04-28,1.0,1.0,1.0,1.0
1989-05-01,1.0,1.0,1.0,1.0
1989-05-02,1.0,1.0,1.0,1.0
1989-05-03,1.0,1.0,1.0,1.0
1989-05-04,1.0,1.0,1.0,1.0
1989-05-05,1.0,1.0,1.0,1.0
1989-05-08,1.0,1.0,1.0,1.0
1989-05-09,1.0,1.0,1.0,1.0
1989-05-10,1.0,1.0,1.0,1.0
1989-05-11,1.0,1.0,1.0,1.0
1989-05-12,1.0,1.0,1.0,1.0
1989-05-15,1.0,1.0,1.0,1.0
1989-05-16,1.0,1.0,1.0,1.0
1989-05-17,1.0,1.0,1.0,1.0
1989-05-18,1.0,1.0,1.0,1.0
1989-05-19,1.0,1.0,1.0,1.0
1989-05-22,1.0,1.0,1.0,1.0
1989-05-23,1.0,1.0,1.0,1.0
1989-05-24,1.0,1.0,1.0,1.0
1989-05-25,1.0,1.0,1.0,1.0
1989-05-26,1.0,1.0,1.0,1.0
1989-05-29,1.0,1.0,1.0,1.0
1989-05-30,1.0,1.0,1.0,1.0
1989-05-31,1.0,1.0,1.0,1.0
1989-06-01,1.0,1.0,1.0,1.0
1989-06-02,1.0,1.0,1.0,1.0
1989-06-05,1.0,1.0,1.0,1.0
1989-06-06,1.0,1.0,1.0,1.0
1989-06-07,1.0,1.0,1.0,1.0
1989-06-08,1.0,1.0,1.0,1.0
1989-06-09,1.0,1.0,1.0,1.0
1989-06-12,1.0,1.0,1.0,1.0
1989-06-13,1.0,1.0,1.0,1.0
1989-06-14,1.0,1.0,1.0,1.0
1989-06-15,1.0,1.0,1.0,1.0
1989-06-16,1.0,1.0,1.0,1.0
1989-06-19,1.0,1.0,1.0,1.0
1989-06-20,1.0,1.0,1.0,1.0
1989-06-21,1.0,1.0,1.0,1.0
1989-06-22,1.0,1.0,1.0,1.0
1989-06-23,1.0,1.0,1.0,1.0
1989-06-26,1.0,1.0,1.0,1.0
1989-06-27,1.0,1.0,1.0,1.0
1989-06-28,1.0,1.0,1.0,1.0
1989-06-29,1.0,1.0,1.0,1.0
1989-06-30,1.0,1.0,1.0,1.0
1989-07-03,1.0,1.0,1.0,1.0
1989-07-04,1.0,1.0,1.0,1.0
1989-07-05,1.0,1.0,1.0,1.0
1989-07-06,1.0,1.0,1.0,1.0
1989-07-07,1.0,1.0,1.0,1.0
1989-07-10,1.0,1.0,1.0,1.0
1989-07-11,1.0,1.0,1.0,1.0
1989-07-12,1.0,1.0,1.0,1.0
1989-07-13,1.0,1.0,1.0,1.0
1989-07-14,1.0,1.0,1.0,1.0
1989-07-17,1.0,1.0,1.0,1.0
1989-07-18,1.0,1.0,1.0,1.0
1989-07-19,1.0,1.0,1.0,1.0
1989-07-20,1.0,1.0,1.0,1.0
1989-07-21,1.0,1.0,1.0,1.0
1989-07-24,1.0,1.0,1.0,1.0
1989-07-25,1.0,1.0,1.0,1.0
1989-07-26,1.0,1.0,1.0,1.0
1989-07-27,1.0,1.0,1.0,1.0
1989-07-28,1.0,1.0,1.0,1.0
1989-07-31,1.0,1.0,1.0,1.0
1989-08-01,1.0,1.0,1.0,1.0
1989-08-02,1.0,1.0,1.0,1.0
1989-08-03,1.0,1.0,1.0,1.0
1989-08-04,1.0,1.0,1.0,1.0
1989-08-07,1.0,1.0,1.0,1.0
1989-08-08,1.0,1.0,1.0,1.0
1989-08-09,1.0,1.0,1.0,1.0
1989-08-10,1.0,1.0,1.0,1.0
1989-08-11,1.0,1.0,1.0,1.0
1989-08-14,1.0,1.0,1.0,1.0
1989-08-15,1.0,1.0,1.0,1.0
1989-08-16,1.0,1.0,1.0,1.0
1989-08-17,1.0,1.0,1.0,1.0
1989-08-18,1.0,1.0,1.0,1.0
1989-08-21,1.0,1.0,1.0,1.0
1989-08-22,1.0,1.0,1.0,1.0
1989-08-23,1.0,1.0,1.0,1.0
1989-08-24,1.0,1.0,1.0,1.0
1989-08-25,1.0,1.0,1.0,1.0
1989-08-28,1.0,1.0,1.0,1.0
1989-08-29,1.0,1.0,1.0,1.0
1989-08-30,1.0,1.0,1.0,1.0
1989-08-31,1.0,1.0,1.0,1.0
1989-09-01,1.0,1.0,1.0,1.0
1989-09-04,1.0,1.0,1.0,1.0
1989-09-05,1.0,1.0,1.0,1.0
1989-09-06,1.0,1.0,1.0,1.0
1989-09-07,1.0,1.0,1.0,1.0
1989-09-08,1.0,1.0,1.0,1.0
1989-09-11,1.0,1.0,1.0,1.0
1989-09-12,1.0,1.0,1.0,1.0
1989-09-13,1.0,1.0,1.0,1.0
1989-09-14,1.0,1.0,1.0,1.0
1989-09-15,1.0,1.0,1.0,1.0
1989-09-18,1.0,1.0,1.0,1.0
1989-09-19,1.0,1.0,1.0,1.0
1989-09-20,1.0,1.0,1.0,1.0
1989-09-21,1.0,1.0,1.0,1.0
1989-09-22,1.0,1.0,1.0,1.0
1989-09-25,1.0,1.0,1.0,1.0
1989-09-26,1.0,1.0,1.0,1.0
1989-09-27,1.0,1.0,1.0,1.0
1989-09-28,1.0,1.0,1.0,1.0
1989-09-29,1.0,1.0,1.0,1.0
1989-10-02,1.0,1.0,1.0,1.0
1989-10-03,1.0,1.0,1.0,1.0
1989-10-04,1.0,1.0,1.0,1.0
1989-10-05,1.0,1.0,1.0,1.0
1989-10-06,1.0,1.0,1.0,1.0
1989-10-09,1.0,1.0,1.0,1.0
1989-10-10,1.0,1.0,1.0,1.0
1989-10-11,1.0,1.0,1.0,1.0
1989-10-12,1.0,1.0,1.0,1.0
1989-10-13,1.0,1.0,1.0,1.0
1989-10-16,1.0,1.0,1.0,1.0
1989-10-17,1.0,1.0,1.0,1.0
1989-10-18,1.0,1.0,1.0,1.0
1989-10-19,1.0,1.0,1.0,1.0
1989-10-20,1.0,1.0,1.0,1.0
1989-10-23,1.0,1.0,1.0,1.0
1989-10-24,1.0,1.0,1.0,1.0
1989-10-25,1.0,1.0,1.0,1.0
1989-10-26,1.0,1.0,1.0,1.0
1989-10-27,1.0,1.0,1.0,1.0
1989-10-30,1.0,1.0,1.0,1.0
1989-10-31,1.0,1.0,1.0,1.0
1989-11-01,1.0,1.0,1.0,1.0
1989-11-02,1.0,1.0,1.0,1.0
1989-11-03,1.0,1.0,1.0,1.0
1989-11-06,1.0,1.0,1.0,1.0
1989-11-07,1.0,1.0,1.0,1.0
1989-11-08,1.0,1.0,1.0,1.0
1989-11-09,1.0,1.0,1.0,1.0
1989-11-10,1.0,1.0,1.0,1.0
1989-11-13,1.0,1.0,1.0,1.0
1989-11-14,1.0,1.0,1.0,1.0
1989-11-15,1.0,1.0,1.0,1.0
1989-11-16,1.0,1.0,1.0,1.0
1989-11-17,1.0,1.0,1.0,1.0
1989-11-20,1.0,1.0,1.0,1.0
1989-11-21,1.0,1.0,1.0,1.0
1989-11-22,1.0,1.0,1.0,1.0
1989-11-23,1.0,1.0,1.0,1.0
1989-11-24,1.0,1.0,1.0,1.0
1989-11-27,1.0,1.0,1.0,1.0
1989-11-28,1.0,1.0,1.0,1.0
1989-11-29,1.0,1.0,1.0,1.0
1989-11-30,1.0,1.0,1.0,1.0
1989-12-01,1.0,1.0,1.0,1.0
1989-12-04,1.0,1.0,1.0,1.0
1989-12-05,1.0,1.0,1.0,1.0
1989-12-06,1.0,1.0,1.0,1.0
1989-12-07,1.0,1.0,1.0,1.0
1989-12-08,1.0,1.0,1.0,1.0
1989-12-11,1.0,1.0,1.0,1.0
1989-12-12,1.0,1.0,1.0,1.0
1989-12-13,1.0,1.0,1.0,1.0
1989-12-14,1.0,1.0,1.0,1.0
1989-12-15,1.0,1.0,1.0,1.0
1989-12-18,1.0,1.0,1.0,1.0
1989-12-19,1.0,1.0,1.0,1.0
1989-12-20,1.0,1.0,1.0,1.0
1989-12-21,1.0,1.0,1.0,1.0
1989-12-22,1.0,1.0,1.0,1.0
1989-12-25,1.0,1.0,1.0,1.0
1989-12-26,1.0,1.0,1.0,1.0
1989-12-27,1.0,1.0,1.0,1.0
1989-12-28,1.0,1.0,1.0,1.0
1989-12-29,1.0,1.0,1.0,1.0
1990-01-01,1.0,1.0,1.0,1.0
1990-01-02,1.0,1.0,1.0,1.0
1990-01-03,1.0,1.0,1.0,1.0
1990-01-04,1.0,1.0,1.0,1.0
1990-01-05,1.0,1.0,1.0,1.0
1990-01-08,1.0,1.0,1.0,1.0
1990-01-09,1.0,1.0,1.0,1.0
1990-01-10,1.0,1.0,1.0,1.0
1990-01-11,1.0,1.0,1.0,1.0
1990-01-12,1.0,1.0,1.0,1.0
1990-01-15,1.0,1.0,1.0,1.0
1990-01-16,1.0,1.0,1.0,1.0
1990-01-17,1.0,1.0,1.0,1.0
1990-01-18,1.0,1.0,1.0,1.0
1990-01-19,1.0,1.0,1.0,1.0
1990-01-22,1.0,1.0,1.0,1.0
1990-01-23,1.0,1.0,1.0,1.0
1990-01-24,1.0,1.0,1.0,1.0
1990-01-25,1.0,1.0,1.0,1.0
1990-01-26,1.0,1.0,1.0,1.0
1990-01-29,1.0,1.0,1.0,1.0
1990-01-30,1.0,1.0,1.0,1.0
1990-01-31,1.0,1.0,1.0,1.0
1990-02-01,1.0,1.0,1.0,1.0
1990-02-02,1.0,1.0,1.0,1.0
1990-02-05,1.0,1.0,1.0,1.0
1990-02-06,1.0,1.0,1.0,1.0
1990-02-07,1.0,1.0,1.0,1.0
1990-02-08,1.0,1.0,1.0,1.0
1990-02-09,1.0,1.0,1.0,1.0
1990-02-12,1.0,1.0,1.0,1.0
1990-02-13,1.0,1.0,1.0,1.0
1990-02-14,1.0,1.0,1.0,1.0
1990-02-15,1.0,1.0,1.0,1.0
1990-02-16,1.0,1.0,1.0,1.0
1990-02-19,1.0,1.0,1.0,1.0
1990-02-20,1.0,1.0,1.0,1.0
1990-02-21,1.0,1.0,1.0,1.0
1990-02-22,1.0,1.0,1.0,1.0
1990-02-23,1.0,1.0,1.0,1.0
1990-02-26,1.0,1.0,1.0,1.0
1990-02-27,1.0,1.0,1.0,1.0
1990-02-28,1.0,1.0,1.0,1.0
1990-03-01,1.0,1.0,1.0,1.0
1990-03-02,1.0,1.0,1.0,1.0
1990-03-05,1.0,1.0,1.0,1.0
1990-03-06,1.0,1.0,1.0,1.0
1990-03-07,1.0,1.0,1.0,1.0
1990-03-08,1.0,1.0,1.0,1.0
1990-03-09,1.0,1.0,1.0,1.0
1990-03-12,1.0,1.0,1.0,1.0
1990-03-13,1.0,1.0,1.0,1.0
1990-03-14,1.0,1.0,1.0,1.0
1990-03-15,1.0,1.0,1.0,1.0
1990-03-16,1.0,1.0,1.0,1.0
1990-03-19,1.0,1.0,1.0,1.0
1990-03-20,1.0,1.0,1.0,1.0
1990-03-21,1.0,1.0,1.0,1.0
1990-03-22,1.0,1.0,1.0,1.0
1990-03-23,1.0,1.0,1.0,1.0
1990-03-26,1.0,1.0,1.0,1.0
1990-03-27,1.0,1.0,1.0,1.0
1990-03-28,1.0,1.0,1.0,1.0
1990-03-29,1.0,1.0,1.0,1.0
1990-03-30,1.0,1.0,1.0,1.0
1990-04-02,1.0,1.0,1.0,1.0
1990-04-03,1.0,1.0,1.0,1.0
1990-04-04,1.0,1.0,1.0,1.0
1990-04-05,1.0,1.0,1.0,1.0
1990-04-06,1.0,1.0,1.0,1.0
1990-04-09,1.0,1.0,1.0,1.0
1990-04-10,1.0,1.0,1.0,1.0
1990-04-11,1.0,1.0,1.0,1.0
1990-04-12,1.0,1.0,1.0,1.0
1990-04-13,1.0,1.0,1.0,1.0
1990-04-16,1.0,1.0,1.0,1.0
1990-04-17,1.0,1.0,1.0,1.0
1990-04-18,1.0,1.0,1.0,1.0
1990-04-19,1.0,1.0,1.0,1.0
1990-04-20,1.0,1.0,1.0,1.0
1990-04-23,1.0,1.0,1.0,1.0
1990-04-24,1.0,1.0,1.0,1.0
1990-04-25,1.0,1.0,1.0,1.0
1990-04-26,1.0,1.0,1.0,1.0
1990-04-27,1.0,1.0,1.0,1.0
1990-04-30,1.0,1.0,1.0,1.0
1990-05-01,1.0,1.0,1.0,1.0
1990-05-02,1.0,1.0,1.0,1.0
1990-05-03,1.0,1.0,1.0,1.0
1990-05-04,1.0,1.0,1.0,1.0
1990-05-07,1.0,1.0,1.0,1.0
1990-05-08,1.0,1.0,1.0,1.0
1990-05-09,1.0,1.0,1.0,1.0
1990-05-10,1.0,1.0,1.0,1.0
1990-05-11,1.0,1.0,1.0,1.0
1990-05-14,1.0,1.0,1.0,1.0
1990-05-15,1.0,1.0,1.0,1.0
1990-05-16,1.0,1.0,1.0,1.0
1990-05-17,1.0,1.0,1.0,1.0
1990-05-18,1.0,1.0,1.0,1.0
1990-05-21,1.0,1.0,1.0,1.0
1990-05-22,1.0,1.0,1.0,1.0
1990-05-23,1.0,1.0,1.0,1.0
1990-05-24,1.0,1.0,1.0,1.0
1990-05-25,1.0,1.0,1.0,1.0
1990-05-28,1.0,1.0,1.0,1.0
1990-05-29,1.0,1.0,1.0,1.0
1990-05-30,1.0,1.0,1.0,1.0
1990-05-31,1.0,1.0,1.0,1.0
1990-06-01,1.0,1.0,1.0,1.0
1990-06-04,1.0,1.0,1.0,1.0
1990-06-05,1.0,1.0,1.0,1.0
1990-06-06,1.0,1.0,1.0,1.0
1990-06-07,1.0,1.0,1.0,1.0
1990-06-08,1.0,1.0,1.0,1.0
1990-06-11,1.0,1.0,1.0,1.0
1990-06-12,1.0,1.0,1.0,1.0
1990-06-13,1.0,1.0,1.0,1.0
1990-06-14,1.0,1.0,1.0,1.0
1990-06-15,1.0,1.0,1.0,1.0
1990-06-18,1.0,1.0,1.0,1.0
1990-06-19,1.0,1.0,1.0,1.0
1990-06-20,1.0,1.0,1.0,1.0
1990-06-21,1.0,1.0,1.0,1.0
1990-06-22,1.0,1.0,1.0,1.0
1990-06-25,1.0,1.0,1.0,1.0
1990-06-26,1.0,1.0,1.0,1.0
1990-06-27,1.0,1.0,1.0,1.0
1990-06-28,1.0,1.0,1.0,1.0
1990-06-29,1.0,1.0,1.0,1.0
1990-07-02,1.0,1.0,1.0,1.0
1990-07-03,1.0,1.0,1.0,1.0
1990-07-04,1.0,1.0,1.0,1.0
1990-07-05,1.0,1.0,1.0,1.0
1990-07-06,1.0,1.0,1.0,1.0
1990-07-09,1.0,1.0,1.0,1.0
1990-07-10,1.0,1.0,1.0,1.0
1990-07-11,1.0,1.0,1.0,1.0
1990-07-12,1.0,1.0,1.0,1.0
1990-07-13,1.0,1.0,1.0,1.0
1990-07-16,1.0,1.0,1.0,1.0
1990-07-17,1.0,1.0,1.0,1.0
1990-07-18,1.0,1.0,1.0,1.0
1990-07-19,1.0,1.0,1.0,1.0
1990-07-20,1.0,1.0,1.0,1.0
1990-07-23,1.0,1.0,1.0,1.0
1990-07-24,1.0,1.0,1.0,1.0
1990-07-25,1.0,1.0,1.0,1.0
1990-07-26,1.0,1.0,1.0,1.0
1990-07-27,1.0,1.0,1.0,1.0
1990-07-30,1.0,1.0,1.0,1.0
1990-07-31,1.0,1.0,1.0,1.0
1990-08-01,1.0,1.0,1.0,1.0
1990-08-02,1.0,1.0,1.0,1.0
1990-08-03,1.0,1.0,1.0,1.0
1990-08-06,1.0,1.0,1.0,1.0
1990-08-07,1.0,1.0,1.0,1.0
1990-08-08,1.0,1.0,1.0,1.0
1990-08-09,1.0,1.0,1.0,1.0
1990-08-10,1.0,1.0,1.0,1.0
1990-08-13,1.0,1.0,1.0,1.0
1990-08-14,1.0,1.0,1.0,1.0
1990-08-15,1.0,1.0,1.0,1.0
1990-08-16,1.0,1.0,1.0,1.0
1990-08-17,1.0,1.0,1.0,1.0
1990-08-20,1.0,1.0,1.0,1.0
1990-08-21,1.0,1.0,1.0,1.0
1990-08-22,1.0,1.0,1.0,1.0
1990-08-23,1.0,1.0,1.0,1.0
1990-08-24,1.0,1.0,1.0,1.0
1990-08-27,1.0,1.0,1.0,1.0
1990-08-28,1.0,1.0,1.0,1.0
1990-08-29,1.0,1.0,1.0,1.0
1990-08-30,1.0,1.0,1.0,1.0
1990-08-31,1.0,1.0,1.0,1.0
1990-09-03,1.0,1.0,1.0,1.0
1990-09-04,1.0,1.0,1.0,1.0
1990-09-05,1.0,1.0,1.0,1.0
1990-09-06,1.0,1.0,1.0,1.0
1990-09-07,1.0,1.0,1.0,1.0
1990-09-10,1.0,1.0,1.0,1.0
1990-09-11,1.0,1.0,1.0,1.0
1990-09-12,1.0,1.0,1.0,1.0
1990-09-13,1.0,1.0,1.0,1.0
1990-09-14,1.0,1.0,1.0,1.0
1990-09-17,1.0,1.0,1.0,1.0
1990-09-18,1.0,1.0,1.0,1.0
1990-09-19,1.0,1.0,1.0,1.0
1990-09-20,1.0,1.0,1.0,1.0
1990-09-21,1.0,1.0,1.0,1.0
1990-09-24,1.0,1.0,1.0,1.0
1990-09-25,1.0,1.0,1.0,1.0
1990-09-26,1.0,1.0,1.0,1.0
1990-09-27,1.0,1.0,1.0,1.0
1990-09-28,1.0,1.0,1.0,1.0
1990-10-01,1.0,1.0,1.0,1.0
1990-10-02,1.0,1.0,1.0,1.0
1990-10-03,1.0,1.0,1.0,1.0
1990-10-04,1.0,1.0,1.0,1.0
1990-10-05,1.0,1.0,1.0,1.0
1990-10-08,1.0,1.0,1.0,1.0
1990-10-09,1.0,1.0,1.0,1.0
1990-10-10,1.0,1.0,1.0,1.0
1990-10-11,1.0,1.0,1.0,1.0
1990-10-12,1.0,1.0,1.0,1.0
1990-10-15,1.0,1.0,1.0,1.0
1990-10-16,1.0,1.0,1.0,1.0
1990-10-17,1.0,1.0,1.0,1.0
1990-10-18,1.0,1.0,1.0,1.0
1990-10-19,1.0,1.0,1.0,1.0
1990-10-22,1.0,1.0,1.0,1.0
1990-10-23,1.0,1.0,1.0,1.0
1990-10-24,1.0,1.0,1.0,1.0
1990-10-25,1.0,1.0,1.0,1.0
1990-10-26,1.0,1.0,1.0,1.0
1990-10-29,1.0,1.0,1.0,1.0
1990-10-30,1.0,1.0,1.0,1.0
1990-10-31,1.0,1.0,1.0,1.0
1990-11-01,1.0,1.0,1.0,1.0
1990-11-02,1.0,1.0,1.0,1.0
1990-11-05,1.0,1.0,1.0,1.0
1990-11-06,1.0,1.0,1.0,1.0
1990-11-07,1.0,1.0,1.0,1.0
1990-11-08,1.0,1.0,1.0,1.0
1990-11-09,1.0,1.0,1.0,1.0
1990-11-12,1.0,1.0,1.0,1.0
1990-11-13,1.0,1.0,1.0,1.0
1990-11-14,1.0,1.0,1.0,1.0
1990-11-15,1.0,1.0,1.0,1.0
1990-11-16,1.0,1.0,1.0,1.0
1990-11-19,1.0,1.0,1.0,1.0
1990-11-20,1.0,1.0,1.0,1.0
1990-11-21,1.0,1.0,1.0,1.0
1990-11-22,1.0,1.0,1.0,1.0
1990-11-23,1.0,1.0,1.0,1.0
1990-11-26,1.0,1.0,1.0,1.0
1990-11-27,1.0,1.0,1.0,1.0
1990-11-28,1.0,1.0,1.0,1.0
1990-11-29,1.0,1.0,1.0,1.0
1990-11-30,1.0,1.0,1.0,1.0
1990-12-03,1.0,1.0,1.0,1.0
1990-12-04,1.0,1.0,1.0,1.0
1990-12-05,1.0,1.0,1.0,1.0
1990-12-06,1.0,1.0,1.0,1.0
1990-12-07,1.0,1.0,1.0,1.0
1990-12-10,1.0,1.0,1.0,1.0
1990-12-11,1.0,1.0,1.0,1.0
1990-12-12,1.0,1.0,1.0,1.0
1990-12-13,1.0,1.0,1.0,1.0
1990-12-14,1.0,1.0,1.0,1.0
1990-12-17,1.0,1.0,1.0,1.0
1990-12-18,1.0,1.0,1.0,1.0
1990-12-19,1.0,1.0,1.0,1.0
1990-12-20,1.0,1.0,1.0,1.0
1990-12-21,1.0,1.0,1.0,1.0
1990-12-24,1.0,1.0,1.0,1.0
1990-12-25,1.0,1.0,1.0,1.0
1990-12-26,1.0,1.0,1.0,1.0
1990-12-27,1.0,1.0,1.0,1.0
1990-12-28,1.0,1.0,1.0,1.0
1990-12-31,1.0,1.0,1.0,1.0
1991-01-01,1.0,1.0,1.0,1.0
1991-01-02,1.0,1.0,1.0,1.0
1991-01-03,1.0,1.0,1.0,1.0
1991-01-04,1.0,1.0,1.0,1.0
1991-01-07,1.0,1.0,1.0,1.0
1991-01-08,1.0,1.0,1.0,1.0
1991-01-09,1.0,1.0,1.0,1.0
1991-01-10,1.0,1.0,1.0,1.0
1991-01-11,1.0,1.0,1.0,1.0
1991-01-14,1.0,1.0,1.0,1.0
1991-01-15,1.0,1.0,1.0,1.0
1991-01-16,1.0,1.0,1.0,1.0
1991-01-17,1.0,1.0,1.0,1.0
1991-01-18,1.0,1.0,1.0,1.0
1991-01-21,1.0,1.0,1.0,1.0
1991-01-22,1.0,1.0,1.0,1.0
1991-01-23,1.0,1.0,1.0,1.0
1991-01-24,1.0,1.0,1.0,1.0
1991-01-25,1.0,1.0,1.0,1.0
1991-01-28,1.0,1.0,1.0,1.0
1991-01-29,1.0,1.0,1.0,1.0
1991-01-30,1.0,1.0,1.0,1.0
1991-01-31,1.0,1.0,1.0,1.0
1991-02-01,1.0,1.0,1.0,1.0
1991-02-04,1.0,1.0,1.0,1.0
1991-02-05,1.0,1.0,1.0,1.0
1991-02-06,1.0,1.0,1.0,1.0
1991-02-07,1.0,1.0,1.0,1.0
1991-02-08,1.0,1.0,1.0,1.0
1991-02-11,1.0,1.0,1.0,1.0
1991-02-12,1.0,1.0,1.0,1.0
1991-02-13,1.0,1.0,1.0,1.0
1991-02-14,1.0,1.0,1.0,1.0
1991-02-15,1.0,1.0,1.0,1.0
1991-02-18,1.0,1.0,1.0,1.0
1991-02-19,1.0,1.0,1.0,1.0
1991-02-20,1.0,1.0,1.0,1.0
1991-02-21,1.0,1.0,1.0,1.0
1991-02-22,1.0,1.0,1.0,1.0
1991-02-25,1.0,1.0,1.0,1.0
1991-02-26,1.0,1.0,1.0,1.0
1991-02-27,1.0,1.0,1.0,1.0
1991-02-28,1.0,1.0,1.0,1.0
1991-03-01,1.0,1.0,1.0,1.0
1991-03-04,1.0,1.0,1.0,1.0
1991-03-05,1.0,1.0,1.0,1.0
1991-03-06,1.0,1.0,1.0,1.0
1991-03-07,1.0,1.0,1.0,1.0
1991-03-08,1.0,1.0,1.0,1.0
1991-03-11,1.0,1.0,1.0,1.0
1991-03-12,1.0,1.0,1.0,1.0
1991-03-13,1.0,1.0,1.0,1.0
1991-03-14,1.0,1.0,1.0,1.0
1991-03-15,1.0,1.0,1.0,1.0
1991-03-18,1.0,1.0,1.0,1.0
1991-03-19,1.0,1.0,1.0,1.0
1991-03-20,1.0,1.0,1.0,1.0
1991-03-21,1.0,1.0,1.0,1.0
1991-03-22,1.0,1.0,1.0,1.0
1991-03-25,1.0,1.0,1.0,1.0
1991-03-26,1.0,1.0,1.0,1.0
1991-03-27,1.0,1.0,1.0,1.0
1991-03-28,1.0,1.0,1.0,1.0
1991-03-29,1.0,1.0,1.0,1.0
1991-04-01,1.0,1.0,1.0,1.0
1991-04-02,1.0,1.0,1.0,1.0
1991-04-03,1.0,1.0,1.0,1.0
1991-04-04,1.0,1.0,1.0,1.0
1991-04-05,1.0,1.0,1.0,1.0
1991-04-08,1.0,1.0,1.0,1.0
1991-04-09,1.0,1.0,1.0,1.0
1991-04-10,1.0,1.0,1.0,1.0
1991-04-11,1.0,1.0,1.0,1.0
1991-04-12,1.0,1.0,1.0,1.0
1991-04-15,1.0,1.0,1.0,1.0
1991-04-16,1.0,1.0,1.0,1.0
1991-04-17,1.0,1.0,1.0,1.0
1991-04-18,1.0,1.0,1.0,1.0
1991-04-19,1.0,1.0,1.0,1.0
1991-04-22,1.0,1.0,1.0,1.0
1991-04-23,1.0,1.0,1.0,1.0
1991-04-24,1.0,1.0,1.0,1.0
1991-04-25,1.0,1.0,1.0,1.0
1991-04-26,1.0,1.0,1.0,1.0
1991-04-29,1.0,1.0,1.0,1.0
1991-04-30,1.0,1.0,1.0,1.0
1991-05-01,1.0,1.0,1.0,1.0
1991-05-02,1.0,1.0,1.0,1.0
1991-05-03,1.0,1.0,1.0,1.0
1991-05-06,1.0,1.0,1.0,1.0
1991-05-07,1.0,1.0,1.0,1.0
1991-05-08,1.0,1.0,1.0,1.0
1991-05-09,1.0,1.0,1.0,1.0
1991-05-10,1.0,1.0,1.0,1.0
1991-05-13,1.0,1.0,1.0,1.0
1991-05-14,1.0,1.0,1.0,1.0
1991-05-15,1.0,1.0,1.0,1.0
1991-05-16,1.0,1.0,1.0,1.0
1991-05-17,1.0,1.0,1.0,1.0
1991-05-20,1.0,1.0,1.0,1.0
1991-05-21,1.0,1.0,1.0,1.0
1991-05-22,1.0,1.0,1.0,1.0
1991-05-23,1.0,1.0,1.0,1.0
1991-05-24,1.0,1.0,1.0,1.0
1991-05-27,1.0,1.0,1.0,1.0
1991-05-28,1.0,1.0,1.0,1.0
1991-05-29,1.0,1.0,1.0,1.0
1991-05-30,1.0,1.0,1.0,1.0
1991-05-31,1.0,1.0,1.0,1.0
1991-06-03,1.0,1.0,1.0,1.0
1991-06-04,1.0,1.0,1.0,1.0
1991-06-05,1.0,1.0,1.0,1.0
1991-06-06,1.0,1.0,1.0,1.0
1991-06-07,1.0,1.0,1.0,1.0
1991-06-10,1.0,1.0,1.0,1.0
1991-06-11,1.0,1.0,1.0,1.0
1991-06-12,1.0,1.0,1.0,1.0
1991-06-13,1.0,1.0,1.0,1.0
1991-06-14,1.0,1.0,1.0,1.0
1991-06-17,1.0,1.0,1.0,1.0
1991-06-18,1.0,1.0,1.0,1.0
1991-06-19,1.0,1.0,1.0,1.0
1991-06-20,1.0,1.0,1.0,1.0
1991-06-21,1.0,1.0,1.0,1.0
1991-06-24,1.0,1.0,1.0,1.0
1991-06-25,1.0,1.0,1.0,1.0
1991-06-26,1.0,1.0,1.0,1.0
1991-06-27,1.0,1.0,1.0,1.0
1991-06-28,1.0,1.0,1.0,1.0
1991-07-01,1.0,1.0,1.0,1.0
1991-07-02,1.0,1.0,1.0,1.0
1991-07-03,1.0,1.0,1.0,1.0
1991-07-04,1.0,1.0,1.0,1.0
1991-07-05,1.0,1.0,1.0,1.0
1991-07-08,1.0,1.0,1.0,1.0
1991-07-09,1.0,1.0,1.0,1.0
1991-07-10,1.0,1.0,1.0,1.0
1991-07-11,1.0,1.0,1.0,1.0
1991-07-12,1.0,1.0,1.0,1.0
1991-07-15,1.0,1.0,1.0,1.0
1991-07-16,1.0,1.0,1.0,1.0
1991-07-17,1.0,1.0,1.0,1.0
1991-07-18,1.0,1.0,1.0,1.0
1991-07-19,1.0,1.0,1.0,1.0
1991-07-22,1.0,1.0,1.0,1.0
1991-07-23,1.0,1.0,1.0,1.0
1991-07-24,1.0,1.0,1.0,1.0
1991-07-25,1.0,1.0,1.0,1.0
1991-07-26,1.0,1.0,1.0,1.0
1991-07-29,1.0,1.0,1.0,1.0
1991-07-30,1.0,1.0,1.0,1.0
1991-07-31,1.0,1.0,1.0,1.0
1991-08-01,1.0,1.0,1.0,1.0
1991-08-02,1.0,1.0,1.0,1.0
1991-08-05,1.0,1.0,1.0,1.0
1991-08-06,1.0,1.0,1.0,1.0
1991-08-07,1.0,1.0,1.0,1.0
1991-08-08,1.0,1.0,1.0,1.0
1991-08-09,1.0,1.0,1.0,1.0
1991-08-12,1.0,1.0,1.0,1.0
1991-08-13,1.0,1.0,1.0,1.0
1991-08-14,1.0,1.0,1.0,1.0
1991-08-15,1.0,1.0,1.0,1.0
1991-08-16,1.0,1.0,1.0,1.0
1991-08-19,1.0,1.0,1.0,1.0
1991-08-20,1.0,1.0,1.0,1.0
1991-08-21,1.0,1.0,1.0,1.0
1991-08-22,1.0,1.0,1.0,1.0
1991-08-23,1.0,1.0,1.0,1.0
1991-08-26,1.0,1.0,1.0,1.0
1991-08-27,1.0,1.0,1.0,1.0
1991-08-28,1.0,1.0,1.0,1.0
1991-08-29,1.0,1.0,1.0,1.0
1991-08-30,1.0,1.0,1.0,1.0
1991-09-02,1.0,1.0,1.0,1.0
1991-09-03,1.0,1.0,1.0,1.0
1991-09-04,1.0,1.0,1.0,1.0
1991-09-05,1.0,1.0,1.0,1.0
1991-09-06,1.0,1.0,1.0,1.0
1991-09-09,1.0,1.0,1.0,1.0
1991-09-10,1.0,1.0,1.0,1.0
1991-09-11,1.0,1.0,1.0,1.0
1991-09-12,1.0,1.0,1.0,1.0
1991-09-13,1.0,1.0,1.0,1.0
1991-09-16,1.0,1.0,1.0,1.0
1991-09-17,1.0,1.0,1.0,1.0
1991-09-18,1.0,1.0,1.0,1.0
1991-09-19,1.0,1.0,1.0,1.0
1991-09-20,1.0,1.0,1.0,1.0
1991-09-23,1.0,1.0,1.0,1.0
1991-09-24,1.0,1.0,1.0,1.0
1991-09-25,1.0,1.0,1.0,1.0
1991-09-26,1.0,1.0,1.0,1.0
1991-09-27,1.0,1.0,1.0,1.0
1991-09-30,1.0,1.0,1.0,1.0
1991-10-01,1.0,1.0,1.0,1.0
1991-10-02,1.0,1.0,1.0,1.0
1991-10-03,1.0,1.0,1.0,1.0
1991-10-04,1.0,1.0,1.0,1.0
1991-10-07,1.0,1.0,1.0,1.0
1991-10-08,1.0,1.0,1.0,1.0
1991-10-09,1.0,1.0,1.0,1.0
1991-10-10,1.0,1.0,1.0,1.0
1991-10-11,1.0,1.0,1.0,1.0
1991-10-14,1.0,1.0,1.0,1.0
1991-10-15,1.0,1.0,1.0,1.0
1991-10-16,1.0,1.0,1.0,1.0
1991-10-17,1.0,1.0,1.0,1.0
1991-10-18,1.0,1.0,1.0,1.0
1991-10-21,1.0,1.0,1.0,1.0
1991-10-22,1.0,1.0,1.0,1.0
1991-10-23,1.0,1.0,1.0,1.0
1991-10-24,1.0,1.0,1.0,1.0
1991-10-25,1.0,1.0,1.0,1.0
1991-10-28,1.0,1.0,1.0,1.0
1991-10-29,1.0,1.0,1.0,1.0
1991-10-30,1.0,1.0,1.0,1.0
1991-10-31,1.0,1.0,1.0,1.0
1991-11-01,1.0,1.0,1.0,1.0
1991-11-04,1.0,1.0,1.0,1.0
1991-11-05,1.0,1.0,1.0,1.0
1991-11-06,1.0,1.0,1.0,1.0
1991-11-07,1.0,1.0,1.0,1.0
1991-11-08,1.0,1.0,1.0,1.0
1991-11-11,1.0,1.0,1.0,1.0
1991-11-12,1.0,1.0,1.0,1.0
1991-11-13,1.0,1.0,1.0,1.0
1991-11-14,1.0,1.0,1.0,1.0
1991-11-15,1.0,1.0,1.0,1.0
1991-11-18,1.0,1.0,1.0,1.0
1991-11-19,1.0,1.0,1.0,1.0
1991-11-20,1.0,1.0,1.0,1.0
1991-11-21,1.0,1.0,1.0,1.0
1991-11-22,1.0,1.0,1.0,1.0
1991-11-25,1.0,1.0,1.0,1.0
1991-11-26,1.0,1.0,1.0,1.0
1991-11-27,1.0,1.0,1.0,1.0
1991-11-28,1.0,1.0,1.0,1.0
1991-11-29,1.0,1.0,1.0,1.0
1991-12-02,1.0,1.0,1.0,1.0
1991-12-03,1.0,1.0,1.0,1.0
1991-12-04,1.0,1.0,1.0,1.0
1991-12-05,1.0,1.0,1.0,1.0
1991-12-06,1.0,1.0,1.0,1.0
1991-12-09,1.0,1.0,1.0,1.0
1991-12-10,1.0,1.0,1.0,1.0
1991-12-11,1.0,1.0,1.0,1.0
1991-12-12,1.0,1.0,1.0,1.0
1991-12-13,1.0,1.0,1.0,1.0
1991-12-16,1.0,1.0,1.0,1.0
1991-12-17,1.0,1.0,1.0,1.0
1991-12-18,1.0,1.0,1.0,1.0
1991-12-19,1.0,1.0,1.0,1.0
1991-12-20,1.0,1.0,1.0,1.0
1991-12-23,1.0,1.0,1.0,1.0
1991-12-24,1.0,1.0,1.0,1.0
1991-12-25,1.0,1.0,1.0,1.0
1991-12-26,1.0,1.0,1.0,1.0
1991-12-27,1.0,1.0,1.0,1.0
1991-12-30,1.0,1.0,1.0,1.0
1991-12-31,1.0,1.0,1.0,1.0
1992-01-01,1.0,1.0,1.0,1.0
1992-01-02,1.0,1.0,1.0,1.0
1992-01-03,1.0,1.0,1.0,1.0
1992-01-06,1.0,1.0,1.0,1.0
1992-01-07,1.0,1.0,1.0,1.0
1992-01-08,1.0,1.0,1.0,1.0
1992-01-09,1.0,1.0,1.0,1.0
1992-01-10,1.0,1.0,1.0,1.0
1992-01-13,1.0,1.0,1.0,1.0
1992-01-14,1.0,1.0,1.0,1.0
1992-01-15,1.0,1.0,1.0,1.0
1992-01-16,1.0,1.0,1.0,1.0
1992-01-17,1.0,1.0,1.0,1.0
1992-01-20,1.0,1.0,1.0,1.0
1992-01-21,1.0,1.0,1.0,1.0
1992-01-22,1.0,1.0,1.0,1.0
1992-01-23,1.0,1.0,1.0,1.0
1992-01-24,1.0,1.0,1.0,1.0
1992-01-27,1.0,1.0,1.0,1.0
1992-01-28,1.0,1.0,1.0,1.0
1992-01-29,1.0,1.0,1.0,1.0
1992-01-30,1.0,1.0,1.0,1.0
1992-01-31,1.0,1.0,1.0,1.0
1992-02-03,1.0,1.0,1.0,1.0
1992-02-04,1.0,1.0,1.0,1.0
1992-02-05,1.0,1.0,1.0,1.0
1992-02-06,1.0,1.0,1.0,1.0
1992-02-07,1.0,1.0,1.0,1.0
1992-02-10,1.0,1.0,1.0,1.0
1992-02-11,1.0,1.0,1.0,1.0
1992-02-12,1.0,1.0,1.0,1.0
1992-02-13,1.0,1.0,1.0,1.0
1992-02-14,1.0,1.0,1.0,1.0
1992-02-17,1.0,1.0,1.0,1.0
1992-02-18,1.0,1.0,1.0,1.0
1992-02-19,1.0,1.0,1.0,1.0
1992-02-20,1.0,1.0,1.0,1.0
1992-02-21,1.0,1.0,1.0,1.0
1992-02-24,1.0,1.0,1.0,1.0
1992-02-25,1.0,1.0,1.0,1.0
1992-02-26,1.0,1.0,1.0,1.0
1992-02-27,1.0,1.0,1.0,1.0
1992-02-28,1.0,1.0,1.0,1.0
1992-03-02,1.0,1.0,1.0,1.0
1992-03-03,1.0,1.0,1.0,1.0
1992-03-04,1.0,1.0,1.0,1.0
1992-03-05,1.0,1.0,1.0,1.0
1992-03-06,1.0,1.0,1.0,1.0
1992-03-09,1.0,1.0,1.0,1.0
1992-03-10,1.0,1.0,1.0,1.0
1992-03-11,1.0,1.0,1.0,1.0
1992-03-12,1.0,1.0,1.0,1.0
1992-03-13,1.0,1.0,1.0,1.0
1992-03-16,1.0,1.0,1.0,1.0
1992-03-17,1.0,1.0,1.0,1.0
1992-03-18,1.0,1.0,1.0,1.0
1992-03-19,1.0,1.0,1.0,1.0
1992-03-20,1.0,1.0,1.0,1.0
1992-03-23,1.0,1.0,1.0,1.0
1992-03-24,1.0,1.0,1.0,1.0
1992-03-25,1.0,1.0,1.0,1.0
1992-03-26,1.0,1.0,1.0,1.0
1992-03-27,1.0,1.0,1.0,1.0
1992-03-30,1.0,1.0,1.0,1.0
1992-03-31,1.0,1.0,1.0,1.0
1992-04-01,1.0,1.0,1.0,1.0
1992-04-02,1.0,1.0,1.0,1.0
1992-04-03,1.0,1.0,1.0,1.0
1992-04-06,1.0,1.0,1.0,1.0
1992-04-07,1.0,1.0,1.0,1.0
1992-04-08,1.0,1.0,1.0,1.0
1992-04-09,1.0,1.0,1.0,1.0
1992-04-10,1.0,1.0,1.0,1.0
1992-04-13,1.0,1.0,1.0,1.0
1992-04-14,1.0,1.0,1.0,1.0
1992-04-15,1.0,1.0,1.0,1.0
1992-04-16,1.0,1.0,1.0,1.0
1992-04-17,1.0,1.0,1.0,1.0
1992-04-20,1.0,1.0,1.0,1.0
1992-04-21,1.0,1.0,1.0,1.0
1992-04-22,1.0,1.0,1.0,1.0
1992-04-23,1.0,1.0,1.0,1.0
1992-04-24,1.0,1.0,1.0,1.0
1992-04-27,1.0,1.0,1.0,1.0
1992-04-28,1.0,1.0,1.0,1.0
1992-04-29,1.0,1.0,1.0,1.0
1992-04-30,1.0,1.0,1.0,1.0
1992-05-01,1.0,1.0,1.0,1.0
1992-05-04,1.0,1.0,1.0,1.0
1992-05-05,1.0,1.0,1.0,1.0
1992-05-06,1.0,1.0,1.0,1.0
1992-05-07,1.0,1.0,1.0,1.0
1992-05-08,1.0,1.0,1.0,1.0
1992-05-11,1.0,1.0,1.0,1.0
1992-05-12,1.0,1.0,1.0,1.0
1992-05-13,1.0,1.0,1.0,1.0
1992-05-14,1.0,1.0,1.0,1.0
1992-05-15,1.0,1.0,1.0,1.0
1992-05-18,1.0,1.0,1.0,1.0
1992-05-19,1.0,1.0,1.0,1.0
1992-05-20,1.0,1.0,1.0,1.0
1992-05-21,1.0,1.0,1.0,1.0
1992-05-22,1.0,1.0,1.0,1.0
1992-05-25,1.0,1.0,1.0,1.0
1992-05-26,1.0,1.0,1.0,1.0
1992-05-27,1.0,1.0,1.0,1.0
1992-05-28,1.0,1.0,1.0,1.0
1992-05-29,1.0,1.0,1.0,1.0
1992-06-01,1.0,1.0,1.0,1.0
1992-06-02,1.0,1.0,1.0,1.0
1992-06-03,1.0,1.0,1.0,1.0
1992-06-04,1.0,1.0,1.0,1.0
1992-06-05,1.0,1.0,1.0,1.0
1992-06-08,1.0,1.0,1.0,1.0
1992-06-09,1.0,1.0,1.0,1.0
1992-06-10,1.0,1.0,1.0,1.0
1992-06-11,1.0,1.0,1.0,1.0
1992-06-12,1.0,1.0,1.0,1.0
1992-06-15,1.0,1.0,1.0,1.0
1992-06-16,1.0,1.0,1.0,1.0
1992-06-17,1.0,1.0,1.0,1.0
1992-06-18,1.0,1.0,1.0,1.0
1992-06-19,1.0,1.0,1.0,1.0
1992-06-22,1.0,1.0,1.0,1.0
1992-06-23,1.0,1.0,1.0,1.0
1992-06-24,1.0,1.0,1.0,1.0
1992-06-25,1.0,1.0,1.0,1.0
1992-06-26,1.0,1.0,1.0,1.0
1992-06-29,1.0,1.0,1.0,1.0
1992-06-30,1.0,1.0,1.0,1.0
1992-07-01,1.0,1.0,1.0,1.0
1992-07-02,1.0,1.0,1.0,1.0
1992-07-03,1.0,1.0,1.0,1.0
1992-07-06,1.0,1.0,1.0,1.0
1992-07-07,1.0,1.0,1.0,1.0
1992-07-08,1.0,1.0,1.0,1.0
1992-07-09,1.0,1.0,1.0,1.0
1992-07-10,1.0,1.0,1.0,1.0
1992-07-13,1.0,1.0,1.0,1.0
1992-07-14,1.0,1.0,1.0,1.0
1992-07-15,1.0,1.0,1.0,1.0
1992-07-16,1.0,1.0,1.0,1.0
1992-07-17,1.0,1.0,1.0,1.0
1992-07-20,1.0,1.0,1.0,1.0
1992-07-21,1.0,1.0,1.0,1.0
1992-07-22,1.0,1.0,1.0,1.0
1992-07-23,1.0,1.0,1.0,1.0
1992-07-24,1.0,1.0,1.0,1.0
1992-07-27,1.0,1.0,1.0,1.0
1992-07-28,1.0,1.0,1.0,1.0
1992-07-29,1.0,1.0,1.0,1.0
1992-07-30,1.0,1.0,1.0,1.0
1992-07-31,1.0,1.0,1.0,1.0
1992-08-03,1.0,1.0,1.0,1.0
1992-08-04,1.0,1.0,1.0,1.0
1992-08-05,1.0,1.0,1.0,1.0
1992-08-06,1.0,1.0,1.0,1.0
1992-08-07,1.0,1.0,1.0,1.0
1992-08-10,1.0,1.0,1.0,1.0
1992-08-11,1.0,1.0,1.0,1.0
1992-08-12,1.0,1.0,1.0,1.0
1992-08-13,1.0,1.0,1.0,1.0
1992-08-14,1.0,1.0,1.0,1.0
1992-08-17,1.0,1.0,1.0,1.0
1992-08-18,1.0,1.0,1.0,1.0
1992-08-19,1.0,1.0,1.0,1.0
1992-08-20,1.0,1.0,1.0,1.0
1992-08-21,1.0,1.0,1.0,1.0
1992-08-24,1.0,1.0,1.0,1.0
1992-08-25,1.0,1.0,1.0,1.0
1992-08-26,1.0,1.0,1.0,1.0
1992-08-27,1.0,1.0,1.0,1.0
1992-08-28,1.0,1.0,1.0,1.0
1992-08-31,1.0,1.0,1.0,1.0
1992-09-01,1.0,1.0,1.0,1.0
1992-09-02,1.0,1.0,1.0,1.0
1992-09-03,1.0,1.0,1.0,1.0
1992-09-04,1.0,1.0,1.0,1.0
1992-09-07,1.0,1.0,1.0,1.0
1992-09-08,1.0,1.0,1.0,1.0
1992-09-09,1.0,1.0,1.0,1.0
1992-09-10,1.0,1.0,1.0,1.0
1992-09-11,1.0,1.0,1.0,1.0
1992-09-14,1.0,1.0,1.0,1.0
1992-09-15,1.0,1.0,1.0,1.0
1992-09-16,1.0,1.0,1.0,1.0
1992-09-17,1.0,1.0,1.0,1.0
1992-09-18,1.0,1.0,1.0,1.0
1992-09-21,1.0,1.0,1.0,1.0
1992-09-22,1.0,1.0,1.0,1.0
1992-09-23,1.0,1.0,1.0,1.0
1992-09-24,1.0,1.0,1.0,1.0
1992-09-25,1.0,1.0,1.0,1.0
1992-09-28,1.0,1.0,1.0,1.0
1992-09-29,1.0,1.0,1.0,1.0
1992-09-30,1.0,1.0,1.0,1.0
1992-10-01,1.0,1.0,1.0,1.0
1992-10-02,1.0,1.0,1.0,1.0
1992-10-05,1.0,1.0,1.0,1.0
1992-10-06,1.0,1.0,1.0,1.0
1992-10-07,1.0,1.0,1.0,1.0
1992-10-08,1.0,1.0,1.0,1.0
1992-10-09,1.0,1.0,1.0,1.0
1992-10-12,1.0,1.0,1.0,1.0
1992-10-13,1.0,1.0,1.0,1.0
1992-10-14,1.0,1.0,1.0,1.0
1992-10-15,1.0,1.0,1.0,1.0
1992-10-16,1.0,1.0,1.0,1.0
1992-10-19,1.0,1.0,1.0,1.0
1992-10-20,1.0,1.0,1.0,1.0
1992-10-21,1.0,1.0,1.0,1.0
1992-10-22,1.0,1.0,1.0,1.0
1992-10-23,1.0,1.0,1.0,1.0
1992-10-26,1.0,1.0,1.0,1.0
1992-10-27,1.0,1.0,1.0,1.0
1992-10-28,1.0,1.0,1.0,1.0
1992-10-29,1.0,1.0,1.0,1.0
1992-10-30,1.0,1.0,1.0,1.0
1992-11-02,1.0,1.0,1.0,1.0
1992-11-03,1.0,1.0,1.0,1.0
1992-11-04,1.0,1.0,1.0,1.0
1992-11-05,1.0,1.0,1.0,1.0
1992-11-06,1.0,1.0,1.0,1.0
1992-11-09,1.0,1.0,1.0,1.0
1992-11-10,1.0,1.0,1.0,1.0
1992-11-11,1.0,1.0,1.0,1.0
1992-11-12,1.0,1.0,1.0,1.0
1992-11-13,1.0,1.0,1.0,1.0
1992-11-16,1.0,1.0,1.0,1.0
1992-11-17,1.0,1.0,1.0,1.0
1992-11-18,1.0,1.0,1.0,1.0
1992-11-19,1.0,1.0,1.0,1.0
1992-11-20,1.0,1.0,1.0,1.0
1992-11-23,1.0,1.0,1.0,1.0
1992-11-24,1.0,1.0,1.0,1.0
1992-11-25,1.0,1.0,1.0,1.0
1992-11-26,1.0,1.0,1.0,1.0
1992-11-27,1.0,1.0,1.0,1.0
1992-11-30,1.0,1.0,1.0,1.0
1992-12-01,1.0,1.0,1.0,1.0
1992-12-02,1.0,1.0,1.0,1.0
1992-12-03,1.0,1.0,1.0,1.0
1992-12-04,1.0,1.0,1.0,1.0
1992-12-07,1.0,1.0,1.0,1.0
1992-12-08,1.0,1.0,1.0,1.0
1992-12-09,1.0,1.0,1.0,1.0
1992-12-10,1.0,1.0,1.0,1.0
1992-12-11,1.0,1.0,1.0,1.0
1992-12-14,1.0,1.0,1.0,1.0
1992-12-15,1.0,1.0,1.0,1.0
1992-12-16,1.0,1.0,1.0,1.0
1992-12-17,1.0,1.0,1.0,1.0
1992-12-18,1.0,1.0,1.0,1.0
1992-12-21,1.0,1.0,1.0,1.0
1992-12-22,1.0,1.0,1.0,1.0
1992-12-23,1.0,1.0,1.0,1.0
1992-12-24,1.0,1.0,1.0,1.0
1992-12-25,1.0,1.0,1.0,1.0
1992-12-28,1.0,1.0,1.0,1.0
1992-12-29,1.0,1.0,1.0,1.0
1992-12-30,1.0,1.0,1.0,1.0
1992-12-31,1.0,1.0,1.0,1.0
1993-01-01,1.0,1.0,1.0,1.0
1993-01-04,1.0,1.0,1.0,1.0
1993-01-05,1.0,1.0,1.0,1.0
1993-01-06,1.0,1.0,1.0,1.0
1993-01-07,1.0,1.0,1.0,1.0
1993-01-08,1.0,1.0,1.0,1.0
1993-01-11,1.0,1.0,1.0,1.0
1993-01-12,1.0,1.0,1.0,1.0
1993-01-13,1.0,1.0,1.0,1.0
1993-01-14,1.0,1.0,1.0,1.0
1993-01-15,1.0,1.0,1.0,1.0
1993-01-18,1.0,1.0,1.0,1.0
1993-01-19,1.0,1.0,1.0,1.0
1993-01-20,1.0,1.0,1.0,1.0
1993-01-21,1.0,1.0,1.0,1.0
1993-01-22,1.0,1.0,1.0,1.0
1993-01-25,1.0,1.0,1.0,1.0
1993-01-26,1.0,1.0,1.0,1.0
1993-01-27,1.0,1.0,1.0,1.0
1993-01-28,1.0,1.0,1.0,1.0
1993-01-29,1.0,1.0,1.0,1.0
1993-02-01,1.0,1.0,1.0,1.0
1993-02-02,1.0,1.0,1.0,1.0
1993-02-03,1.0,1.0,1.0,1.0
1993-02-04,1.0,1.0,1.0,1.0
1993-02-05,1.0,1.0,1.0,1.0
1993-02-08,1.0,1.0,1.0,1.0
1993-02-09,1.0,1.0,1.0,1.0
1993-02-10,1.0,1.0,1.0,1.0
1993-02-11,1.0,1.0,1.0,1.0
1993-02-12,1.0,1.0,1.0,1.0
1993-02-15,1.0,1.0,1.0,1.0
1993-02-16,1.0,1.0,1.0,1.0
1993-02-17,1.0,1.0,1.0,1.0
1993-02-18,1.0,1.0,1.0,1.0
1993-02-19,1.0,1.0,1.0,1.0
1993-02-22,1.0,1.0,1.0,1.0
1993-02-23,1.0,1.0,1.0,1.0
1993-02-24,1.0,1.0,1.0,1.0
1993-02-25,1.0,1.0,1.0,1.0
1993-02-26,1.0,1.0,1.0,1.0
1993-03-01,1.0,1.0,1.0,1.0
1993-03-02,1.0,1.0,1.0,1.0
1993-03-03,1.0,1.0,1.0,1.0
1993-03-04,1.0,1.0,1.0,1.0
1993-03-05,1.0,1.0,1.0,1.0
1993-03-08,1.0,1.0,1.0,1.0
1993-03-09,1.0,1.0,1.0,1.0
1993-03-10,1.0,1.0,1.0,1.0
1993-03-11,1.0,1.0,1.0,1.0
1993-03-12,1.0,1.0,1.0,1.0
1993-03-15,1.0,1.0,1.0,1.0
1993-03-16,1.0,1.0,1.0,1.0
1993-03-17,1.0,1.0,1.0,1.0
1993-03-18,1.0,1.0,1.0,1.0
1993-03-19,1.0,1.0,1.0,1.0
1993-03-22,1.0,1.0,1.0,1.0
1993-03-23,1.0,1.0,1.0,1.0
1993-03-24,1.0,1.0,1.0,1.0
1993-03-25,1.0,1.0,1.0,1.0
1993-03-26,1.0,1.0,1.0,1.0
1993-03-29,1.0,1.0,1.0,1.0
1993-03-30,1.0,1.0,1.0,1.0
1993-03-31,1.0,1.0,1.0,1.0
1993-04-01,1.0,1.0,1.0,1.0
1993-04-02,1.0,1.0,1.0,1.0
1993-04-05,1.0,1.0,1.0,1.0
1993-04-06,1.0,1.0,1.0,1.0
1993-04-07,1.0,1.0,1.0,1.0
1993-04-08,1.0,1.0,1.0,1.0
1993-04-09,1.0,1.0,1.0,1.0
1993-04-12,1.0,1.0,1.0,1.0
1993-04-13,1.0,1.0,1.0,1.0
1993-04-14,1.0,1.0,1.0,1.0
1993-04-15,1.0,1.0,1.0,1.0
1993-04-16,1.0,1.0,1.0,1.0
1993-04-19,1.0,1.0,1.0,1.0
1993-04-20,1.0,1.0,1.0,1.0
1993-04-21,1.0,1.0,1.0,1.0
1993-04-22,1.0,1.0,1.0,1.0
1993-04-23,1.0,1.0,1.0,1.0
1993-04-26,1.0,1.0,1.0,1.0
1993-04-27,1.0,1.0,1.0,1.0
1993-04-28,1.0,1.0,1.0,1.0
1993-04-29,1.0,1.0,1.0,1.0
1993-04-30,1.0,1.0,1.0,1.0
1993-05-03,1.0,1.0,1.0,1.0
1993-05-04,1.0,1.0,1.0,1.0
1993-05-05,1.0,1.0,1.0,1.0
1993-05-06,1.0,1.0,1.0,1.0
1993-05-07,1.0,1.0,1.0,1.0
1993-05-10,1.0,1.0,1.0,1.0
1993-05-11,1.0,1.0,1.0,1.0
1993-05-12,1.0,1.0,1.0,1.0
1993-05-13,1.0,1.0,1.0,1.0
1993-05-14,1.0,1.0,1.0,1.0
1993-05-17,1.0,1.0,1.0,1.0
1993-05-18,1.0,1.0,1.0,1.0
1993-05-19,1.0,1.0,1.0,1.0
1993-05-20,1.0,1.0,1.0,1.0
1993-05-21,1.0,1.0,1.0,1.0
1993-05-24,1.0,1.0,1.0,1.0
1993-05-25,1.0,1.0,1.0,1.0
1993-05-26,1.0,1.0,1.0,1.0
1993-05-27,1.0,1.0,1.0,1.0
1993-05-28,1.0,1.0,1.0,1.0
1993-05-31,1.0,1.0,1.0,1.0
1993-06-01,1.0,1.0,1.0,1.0
1993-06-02,1.0,1.0,1.0,1.0
1993-06-03,1.0,1.0,1.0,1.0
1993-06-04,1.0,1.0,1.0,1.0
1993-06-07,1.0,1.0,1.0,1.0
1993-06-08,1.0,1.0,1.0,1.0
1993-06-09,1.0,1.0,1.0,1.0
1993-06-10,1.0,1.0,1.0,1.0
1993-06-11,1.0,1.0,1.0,1.0
1993-06-14,1.0,1.0,1.0,1.0
1993-06-15,1.0,1.0,1.0,1.0
1993-06-16,1.0,1.0,1.0,1.0
1993-06-17,1.0,1.0,1.0,1.0
1993-06-18,1.0,1.0,1.0,1.0
1993-06-21,1.0,1.0,1.0,1.0
1993-06-22,1.0,1.0,1.0,1.0
1993-06-23,1.0,1.0,1.0,1.0
1993-06-24,1.0,1.0,1.0,1.0
1993-06-25,1.0,1.0,1.0,1.0
1993-06-28,1.0,1.0,1.0,1.0
1993-06-29,1.0,1.0,1.0,1.0
1993-06-30,1.0,1.0,1.0,1.0
1993-07-01,1.0,1.0,1.0,1.0
1993-07-02,1.0,1.0,1.0,1.0
1993-07-05,1.0,1.0,1.0,1.0
1993-07-06,1.0,1.0,1.0,1.0
1993-07-07,1.0,1.0,1.0,1.0
1993-07-08,1.0,1.0,1.0,1.0
1993-07-09,1.0,1.0,1.0,1.0
1993-07-12,1.0,1.0,1.0,1.0
1993-07-13,1.0,1.0,1.0,1.0
1993-07-14,1.0,1.0,1.0,1.0
1993-07-15,1.0,1.0,1.0,1.0
1993-07-16,1.0,1.0,1.0,1.0
1993-07-19,1.0,1.0,1.0,1.0
1993-07-20,1.0,1.0,1.0,1.0
1993-07-21,1.0,1.0,1.0,1.0
1993-07-22,1.0,1.0,1.0,1.0
1993-07-23,1.0,1.0,1.0,1.0
1993-07-26,1.0,1.0,1.0,1.0
1993-07-27,1.0,1.0,1.0,1.0
1993-07-28,1.0,1.0,1.0,1.0
1993-07-29,1.0,1.0,1.0,1.0
1993-07-30,1.0,1.0,1.0,1.0
1993-08-02,1.0,1.0,1.0,1.0
1993-08-03,1.0,1.0,1.0,1.0
1993-08-04,1.0,1.0,1.0,1.0
1993-08-05,1.0,1.0,1.0,1.0
1993-08-06,1.0,1.0,1.0,1.0
1993-08-09,1.0,1.0,1.0,1.0
1993-08-10,1.0,1.0,1.0,1.0
1993-08-11,1.0,1.0,1.0,1.0
1993-08-12,1.0,1.0,1.0,1.0
1993-08-13,1.0,1.0,1.0,1.0
1993-08-16,1.0,1.0,1.0,1.0
1993-08-17,1.0,1.0,1.0,1.0
1993-08-18,1.0,1.0,1.0,1.0
1993-08-19,1.0,1.0,1.0,1.0
1993-08-20,1.0,1.0,1.0,1.0
1993-08-23,1.0,1.0,1.0,1.0
1993-08-24,1.0,1.0,1.0,1.0
1993-08-25,1.0,1.0,1.0,1.0
1993-08-26,1.0,1.0,1.0,1.0
1993-08-27,1.0,1.0,1.0,1.0
1993-08-30,1.0,1.0,1.0,1.0
1993-08-31,1.0,1.0,1.0,1.0
1993-09-01,1.0,1.0,1.0,1.0
1993-09-02,1.0,1.0,1.0,1.0
1993-09-03,1.0,1.0,1.0,1.0
1993-09-06,1.0,1.0,1.0,1.0
1993-09-07,1.0,1.0,1.0,1.0
1993-09-08,1.0,1.0,1.0,1.0
1993-09-09,1.0,1.0,1.0,1.0
1993-09-10,1.0,1.0,1.0,1.0
1993-09-13,1.0,1.0,1.0,1.0
1993-09-14,1.0,1.0,1.0,1.0
1993-09-15,1.0,1.0,1.0,1.0
1993-09-16,1.0,1.0,1.0,1.0
1993-09-17,1.0,1.0,1.0,1.0
1993-09-20,1.0,1.0,1.0,1.0
1993-09-21,1.0,1.0,1.0,1.0
1993-09-22,1.0,1.0,1.0,1.0
1993-09-23,1.0,1.0,1.0,1.0
1993-09-24,1.0,1.0,1.0,1.0
1993-09-27,1.0,1.0,1.0,1.0
1993-09-28,1.0,1.0,1.0,1.0
1993-09-29,1.0,1.0,1.0,1.0
1993-09-30,1.0,1.0,1.0,1.0
1993-10-01,1.0,1.0,1.0,1.0
1993-10-04,1.0,1.0,1.0,1.0
1993-10-05,1.0,1.0,1.0,1.0
1993-10-06,1.0,1.0,1.0,1.0
1993-10-07,1.0,1.0,1.0,1.0
1993-10-08,1.0,1.0,1.0,1.0
1993-10-11,1.0,1.0,1.0,1.0
1993-10-12,1.0,1.0,1.0,1.0
1993-10-13,1.0,1.0,1.0,1.0
1993-10-14,1.0,1.0,1.0,1.0
1993-10-15,1.0,1.0,1.0,1.0
1993-10-18,1.0,1.0,1.0,1.0
1993-10-19,1.0,1.0,1.0,1.0
1993-10-20,1.0,1.0,1.0,1.0
1993-10-21,1.0,1.0,1.0,1.0
1993-10-22,1.0,1.0,1.0,1.0
1993-10-25,1.0,1.0,1.0,1.0
1993-10-26,1.0,1.0,1.0,1.0
1993-10-27,1.0,1.0,1.0,1.0
1993-10-28,1.0,1.0,1.0,1.0
1993-10-29,1.0,1.0,1.0,1.0
1993-11-01,1.0,1.0,1.0,1.0
1993-11-02,1.0,1.0,1.0,1.0
1993-11-03,1.0,1.0,1.0,1.0
1993-11-04,1.0,1.0,1.0,1.0
1993-11-05,1.0,1.0,1.0,1.0
1993-11-08,1.0,1.0,1.0,1.0
1993-11-09,1.0,1.0,1.0,1.0
1993-11-10,1.0,1.0,1.0,1.0
1993-11-11,1.0,1.0,1.0,1.0
1993-11-12,1.0,1.0,1.0,1.0
1993-11-15,1.0,1.0,1.0,1.0
1993-11-16,1.0,1.0,1.0,1.0
1993-11-17,1.0,1.0,1.0,1.0
1993-11-18,1.0,1.0,1.0,1.0
1993-11-19,1.0,1.0,1.0,1.0
1993-11-22,1.0,1.0,1.0,1.0
1993-11-23,1.0,1.0,1.0,1.0
1993-11-24,1.0,1.0,1.0,1.0
1993-11-25,1.0,1.0,1.0,1.0
1993-11-26,1.0,1.0,1.0,1.0
1993-11-29,1.0,1.0,1.0,1.0
1993-11-30,1.0,1.0,1.0,1.0
1993-12-01,1.0,1.0,1.0,1.0
1993-12-02,1.0,1.0,1.0,1.0
1993-12-03,1.0,1.0,1.0,1.0
1993-12-06,1.0,1.0,1.0,1.0
1993-12-07,1.0,1.0,1.0,1.0
1993-12-08,1.0,1.0,1.0,1.0
1993-12-09,1.0,1.0,1.0,1.0
1993-12-10,1.0,1.0,1.0,1.0
1993-12-13,1.0,1.0,1.0,1.0
1993-12-14,1.0,1.0,1.0,1.0
1993-12-15,1.0,1.0,1.0,1.0
1993-12-16,1.0,1.0,1.0,1.0
1993-12-17,1.0,1.0,1.0,1.0
1993-12-20,1.0,1.0,1.0,1.0
1993-12-21,1.0,1.0,1.0,1.0
1993-12-22,1.0,1.0,1.0,1.0
1993-12-23,1.0,1.0,1.0,1.0
1993-12-24,1.0,1.0,1.0,1.0
1993-12-27,1.0,1.0,1.0,1.0
1993-12-28,1.0,1.0,1.0,1.0
1993-12-29,1.0,1.0,1.0,1.0
1993-12-30,1.0,1.0,1.0,1.0
1993-12-31,1.0,1.0,1.0,1.0
1994-01-03,1.0,1.0,1.0,1.0
1994-01-04,1.0,1.0,1.0,1.0
1994-01-05,1.0,1.0,1.0,1.0
1994-01-06,1.0,1.0,1.0,1.0
1994-01-07,1.0,1.0,1.0,1.0
1994-01-10,1.0,1.0,1.0,1.0
1994-01-11,1.0,1.0,1.0,1.0
1994-01-12,1.0,1.0,1.0,1.0
1994-01-13,1.0,1.0,1.0,1.0
1994-01-14,1.0,1.0,1.0,1.0
1994-01-17,1.0,1.0,1.0,1.0
1994-01-18,1.0,1.0,1.0,1.0
1994-01-19,1.0,1.0,1.0,1.0
1994-01-20,1.0,1.0,1.0,1.0
1994-01-21,1.0,1.0,1.0,1.0
1994-01-24,1.0,1.0,1.0,1.0
1994-01-25,1.0,1.0,1.0,1.0
1994-01-26,1.0,1.0,1.0,1.0
1994-01-27,1.0,1.0,1.0,1.0
1994-01-28,1.0,1.0,1.0,1.0
1994-01-31,1.0,1.0,1.0,1.0
1994-02-01,1.0,1.0,1.0,1.0
1994-02-02,1.0,1.0,1.0,1.0
1994-02-03,1.0,1.0,1.0,1.0
1994-02-04,1.0,1.0,1.0,1.0
1994-02-07,1.0,1.0,1.0,1.0
1994-02-08,1.0,1.0,1.0,1.0
1994-02-09,1.0,1.0,1.0,1.0
1994-02-10,1.0,1.0,1.0,1.0
1994-02-11,1.0,1.0,1.0,1.0
1994-02-14,1.0,1.0,1.0,1.0
1994-02-15,1.0,1.0,1.0,1.0
1994-02-16,1.0,1.0,1.0,1.0
1994-02-17,1.0,1.0,1.0,1.0
1994-02-18,1.0,1.0,1.0,1.0
1994-02-21,1.0,1.0,1.0,1.0
1994-02-22,1.0,1.0,1.0,1.0
1994-02-23,1.0,1.0,1.0,1.0
1994-02-24,1.0,1.0,1.0,1.0
1994-02-25,1.0,1.0,1.0,1.0
1994-02-28,1.0,1.0,1.0,1.0
1994-03-01,1.0,1.0,1.0,1.0
1994-03-02,1.0,1.0,1.0,1.0
1994-03-03,1.0,1.0,1.0,1.0
1994-03-04,1.0,1.0,1.0,1.0
1994-03-07,1.0,1.0,1.0,1.0
1994-03-08,1.0,1.0,1.0,1.0
1994-03-09,1.0,1.0,1.0,1.0
1994-03-10,1.0,1.0,1.0,1.0
1994-03-11,1.0,1.0,1.0,1.0
1994-03-14,1.0,1.0,1.0,1.0
1994-03-15,1.0,1.0,1.0,1.0
1994-03-16,1.0,1.0,1.0,1.0
1994-03-17,1.0,1.0,1.0,1.0
1994-03-18,1.0,1.0,1.0,1.0
1994-03-21,1.0,1.0,1.0,1.0
1994-03-22,1.0,1.0,1.0,1.0
1994-03-23,1.0,1.0,1.0,1.0
1994-03-24,1.0,1.0,1.0,1.0
1994-03-25,1.0,1.0,1.0,1.0
1994-03-28,1.0,1.0,1.0,1.0
1994-03-29,1.0,1.0,1.0,1.0
1994-03-30,1.0,1.0,1.0,1.0
1994-03-31,1.0,1.0,1.0,1.0
1994-04-01,1.0,1.0,1.0,1.0
1994-04-04,1.0,1.0,1.0,1.0
1994-04-05,1.0,1.0,1.0,1.0
1994-04-06,1.0,1.0,1.0,1.0
1994-04-07,1.0,1.0,1.0,1.0
1994-04-08,1.0,1.0,1.0,1.0
1994-04-11,1.0,1.0,1.0,1.0
1994-04-12,1.0,1.0,1.0,1.0
1994-04-13,1.0,1.0,1.0,1.0
1994-04-14,1.0,1.0,1.0,1.0
1994-04-15,1.0,1.0,1.0,1.0
1994-04-18,1.0,1.0,1.0,1.0
1994-04-19,1.0,1.0,1.0,1.0
1994-04-20,1.0,1.0,1.0,1.0
1994-04-21,1.0,1.0,1.0,1.0
1994-04-22,1.0,1.0,1.0,1.0
1994-04-25,1.0,1.0,1.0,1.0
1994-04-26,1.0,1.0,1.0,1.0
1994-04-27,1.0,1.0,1.0,1.0
1994-04-28,1.0,1.0,1.0,1.0
1994-04-29,1.0,1.0,1.0,1.0
1994-05-02,1.0,1.0,1.0,1.0
1994-05-03,1.0,1.0,1.0,1.0
1994-05-04,1.0,1.0,1.0,1.0
1994-05-05,1.0,1.0,1.0,1.0
1994-05-06,1.0,1.0,1.0,1.0
1994-05-09,1.0,1.0,1.0,1.0
1994-05-10,1.0,1.0,1.0,1.0
1994-05-11,1.0,1.0,1.0,1.0
1994-05-12,1.0,1.0,1.0,1.0
1994-05-13,1.0,1.0,1.0,1.0
1994-05-16,1.0,1.0,1.0,1.0
1994-05-17,1.0,1.0,1.0,1.0
1994-05-18,1.0,1.0,1.0,1.0
1994-05-19,1.0,1.0,1.0,1.0
1994-05-20,1.0,1.0,1.0,1.0
1994-05-23,1.0,1.0,1.0,1.0
1994-05-24,1.0,1.0,1.0,1.0
1994-05-25,1.0,1.0,1.0,1.0
1994-05-26,1.0,1.0,1.0,1.0
1994-05-27,1.0,1.0,1.0,1.0
1994-05-30,1.0,1.0,1.0,1.0
1994-05-31,1.0,1.0,1.0,1.0
1994-06-01,1.0,1.0,1.0,1.0
1994-06-02,1.0,1.0,1.0,1.0
1994-06-03,1.0,1.0,1.0,1.0
1994-06-06,1.0,1.0,1.0,1.0
1994-06-07,1.0,1.0,1.0,1.0
1994-06-08,1.0,1.0,1.0,1.0
1994-06-09,1.0,1.0,1.0,1.0
1994-06-10,1.0,1.0,1.0,1.0
1994-06-13,1.0,1.0,1.0,1.0
1994-06-14,1.0,1.0,1.0,1.0
1994-06-15,1.0,1.0,1.0,1.0
1994-06-16,1.0,1.0,1.0,1.0
1994-06-17,1.0,1.0,1.0,1.0
1994-06-20,1.0,1.0,1.0,1.0
1994-06-21,1.0,1.0,1.0,1.0
1994-06-22,1.0,1.0,1.0,1.0
1994-06-23,1.0,1.0,1.0,1.0
1994-06-24,1.0,1.0,1.0,1.0
1994-06-27,1.0,1.0,1.0,1.0
1994-06-28,1.0,1.0,1.0,1.0
1994-06-29,1.0,1.0,1.0,1.0
1994-06-30,1.0,1.0,1.0,1.0
1994-07-01,1.0,1.0,1.0,1.0
1994-07-04,1.0,1.0,1.0,1.0
1994-07-05,1.0,1.0,1.0,1.0
1994-07-06,1.0,1.0,1.0,1.0
1994-07-07,1.0,1.0,1.0,1.0
1994-07-08,1.0,1.0,1.0,1.0
1994-07-11,1.0,1.0,1.0,1.0
1994-07-12,1.0,1.0,1.0,1.0
1994-07-13,1.0,1.0,1.0,1.0
1994-07-14,1.0,1.0,1.0,1.0
1994-07-15,1.0,1.0,1.0,1.0
1994-07-18,1.0,1.0,1.0,1.0
1994-07-19,1.0,1.0,1.0,1.0
1994-07-20,1.0,1.0,1.0,1.0
1994-07-21,1.0,1.0,1.0,1.0
1994-07-22,1.0,1.0,1.0,1.0
1994-07-25,1.0,1.0,1.0,1.0
1994-07-26,1.0,1.0,1.0,1.0
1994-07-27,1.0,1.0,1.0,1.0
1994-07-28,1.0,1.0,1.0,1.0
1994-07-29,1.0,1.0,1.0,1.0
1994-08-01,1.0,1.0,1.0,1.0
1994-08-02,1.0,1.0,1.0,1.0
1994-08-03,1.0,1.0,1.0,1.0
1994-08-04,1.0,1.0,1.0,1.0
1994-08-05,1.0,1.0,1.0,1.0
1994-08-08,1.0,1.0,1.0,1.0
1994-08-09,1.0,1.0,1.0,1.0
1994-08-10,1.0,1.0,1.0,1.0
1994-08-11,1.0,1.0,1.0,1.0
1994-08-12,1.0,1.0,1.0,1.0
1994-08-15,1.0,1.0,1.0,1.0
1994-08-16,1.0,1.0,1.0,1.0
1994-08-17,1.0,1.0,1.0,1.0
1994-08-18,1.0,1.0,1.0,1.0
1994-08-19,1.0,1.0,1.0,1.0
1994-08-22,1.0,1.0,1.0,1.0
1994-08-23,1.0,1.0,1.0,1.0
1994-08-24,1.0,1.0,1.0,1.0
1994-08-25,1.0,1.0,1.0,1.0
1994-08-26,1.0,1.0,1.0,1.0
1994-08-29,1.0,1.0,1.0,1.0
1994-08-30,1.0,1.0,1.0,1.0
1994-08-31,1.0,1.0,1.0,1.0
1994-09-01,1.0,1.0,1.0,1.0
1994-09-02,1.0,1.0,1.0,1.0
1994-09-05,1.0,1.0,1.0,1.0
1994-09-06,1.0,1.0,1.0,1.0
1994-09-07,1.0,1.0,1.0,1.0
1994-09-08,1.0,1.0,1.0,1.0
1994-09-09,1.0,1.0,1.0,1.0
1994-09-12,1.0,1.0,1.0,1.0
1994-09-13,1.0,1.0,1.0,1.0
1994-09-14,1.0,1.0,1.0,1.0
1994-09-15,1.0,1.0,1.0,1.0
1994-09-16,1.0,1.0,1.0,1.0
1994-09-19,1.0,1.0,1.0,1.0
1994-09-20,1.0,1.0,1.0,1.0
1994-09-21,1.0,1.0,1.0,1.0
1994-09-22,1.0,1.0,1.0,1.0
1994-09-23,1.0,1.0,1.0,1.0
1994-09-26,1.0,1.0,1.0,1.0
1994-09-27,1.0,1.0,1.0,1.0
1994-09-28,1.0,1.0,1.0,1.0
1994-09-29,1.0,1.0,1.0,1.0
1994-09-30,1.0,1.0,1.0,1.0
1994-10-03,1.0,1.0,1.0,1.0
1994-10-04,1.0,1.0,1.0,1.0
1994-10-05,1.0,1.0,1.0,1.0
1994-10-06,1.0,1.0,1.0,1.0
1994-10-07,1.0,1.0,1.0,1.0
1994-10-10,1.0,1.0,1.0,1.0
1994-10-11,1.0,1.0,1.0,1.0
1994-10-12,1.0,1.0,1.0,1.0
1994-10-13,1.0,1.0,1.0,1.0
1994-10-14,1.0,1.0,1.0,1.0
1994-10-17,1.0,1.0,1.0,1.0
1994-10-18,1.0,1.0,1.0,1.0
1994-10-19,1.0,1.0,1.0,1.0
1994-10-20,1.0,1.0,1.0,1.0
1994-10-21,1.0,1.0,1.0,1.0
1994-10-24,1.0,1.0,1.0,1.0
1994-10-25,1.0,1.0,1.0,1.0
1994-10-26,1.0,1.0,1.0,1.0
1994-10-27,1.0,1.0,1.0,1.0
1994-10-28,1.0,1.0,1.0,1.0
1994-10-31,1.0,1.0,1.0,1.0
1994-11-01,1.0,1.0,1.0,1.0
1994-11-02,1.0,1.0,1.0,1.0
1994-11-03,1.0,1.0,1.0,1.0
1994-11-04,1.0,1.0,1.0,1.0
1994-11-07,1.0,1.0,1.0,1.0
1994-11-08,1.0,1.0,1.0,1.0
1994-11-09,1.0,1.0,1.0,1.0
1994-11-10,1.0,1.0,1.0,1.0
1994-11-11,1.0,1.0,1.0,1.0
1994-11-14,1.0,1.0,1.0,1.0
1994-11-15,1.0,1.0,1.0,1.0
1994-11-16,1.0,1.0,1.0,1.0
1994-11-17,1.0,1.0,1.0,1.0
1994-11-18,1.0,1.0,1.0,1.0
1994-11-21,1.0,1.0,1.0,1.0
1994-11-22,1.0,1.0,1.0,1.0
1994-11-23,1.0,1.0,1.0,1.0
1994-11-24,1.0,1.0,1.0,1.0
1994-11-25,1.0,1.0,1.0,1.0
1994-11-28,1.0,1.0,1.0,1.0
1994-11-29,1.0,1.0,1.0,1.0
1994-11-30,1.0,1.0,1.0,1.0
1994-12-01,1.0,1.0,1.0,1.0
1994-12-02,1.0,1.0,1.0,1.0
1994-12-05,1.0,1.0,1.0,1.0
1994-12-06,1.0,1.0,1.0,1.0
1994-12-07,1.0,1.0,1.0,1.0
1994-12-08,1.0,1.0,1.0,1.0
1994-12-09,1.0,1.0,1.0,1.0
1994-12-12,1.0,1.0,1.0,1.0
1994-12-13,1.0,1.0,1.0,1.0
1994-12-14,1.0,1.0,1.0,1.0
1994-12-15,1.0,1.0,1.0,1.0
1994-12-16,1.0,1.0,1.0,1.0
1994-12-19,1.0,1.0,1.0,1.0
1994-12-20,1.0,1.0,1.0,1.0
1994-12-21,1.0,1.0,1.0,1.0
1994-12-22,1.0,1.0,1.0,1.0
1994-12-23,1.0,1.0,1.0,1.0
1994-12-26,1.0,1.0,1.0,1.0
1994-12-27,1.0,1.0,1.0,1.0
1994-12-28,1.0,1.0,1.0,1.0
1994-12-29,1.0,1.0,1.0,1.0
1994-12-30,1.0,1.0,1.0,1.0
1995-01-02,1.0,1.0,1.0,1.0
1995-01-03,1.0,1.0,1.0,1.0
1995-01-04,1.0,1.0,1.0,1.0
1995-01-05,1.0,1.0,1.0,1.0
1995-01-06,1.0,1.0,1.0,1.0
1995-01-09,1.0,1.0,1.0,1.0
1995-01-10,1.0,1.0,1.0,1.0
1995-01-11,1.0,1.0,1.0,1.0
1995-01-12,1.0,1.0,1.0,1.0
1995-01-13,1.0,1.0,1.0,1.0
1995-01-16,1.0,1.0,1.0,1.0
1995-01-17,1.0,1.0,1.0,1.0
1995-01-18,1.0,1.0,1.0,1.0
1995-01-19,1.0,1.0,1.0,1.0
1995-01-20,1.0,1.0,1.0,1.0
1995-01-23,1.0,1.0,1.0,1.0
1995-01-24,1.0,1.0,1.0,1.0
1995-01-25,1.0,1.0,1.0,1.0
1995-01-26,1.0,1.0,1.0,1.0
1995-01-27,1.0,1.0,1.0,1.0
1995-01-30,1.0,1.0,1.0,1.0
1995-01-31,1.0,1.0,1.0,1.0
1995-02-01,1.0,1.0,1.0,1.0
1995-02-02,1.0,1.0,1.0,1.0
1995-02-03,1.0,1.0,1.0,1.0
1995-02-06,1.0,1.0,1.0,1.0
1995-02-07,1.0,1.0,1.0,1.0
1995-02-08,1.0,1.0,1.0,1.0
1995-02-09,1.0,1.0,1.0,1.0
1995-02-10,1.0,1.0,1.0,1.0
1995-02-13,1.0,1.0,1.0,1.0
1995-02-14,1.0,1.0,1.0,1.0
1995-02-15,1.0,1.0,1.0,1.0
1995-02-16,1.0,1.0,1.0,1.0
1995-02-17,1.0,1.0,1.0,1.0
1995-02-20,1.0,1.0,1.0,1.0
1995-02-21,1.0,1.0,1.0,1.0
1995-02-22,1.0,1.0,1.0,1.0
1995-02-23,1.0,1.0,1.0,1.0
1995-02-24,1.0,1.0,1.0,1.0
1995-02-27,1.0,1.0,1.0,1.0
1995-02-28,1.0,1.0,1.0,1.0
1995-03-01,1.0,1.0,1.0,1.0
1995-03-02,1.0,1.0,1.0,1.0
1995-03-03,1.0,1.0,1.0,1.0
1995-03-06,1.0,1.0,1.0,1.0
1995-03-07,1.0,1.0,1.0,1.0
1995-03-08,1.0,1.0,1.0,1.0
1995-03-09,1.0,1.0,1.0,1.0
1995-03-10,1.0,1.0,1.0,1.0
1995-03-13,1.0,1.0,1.0,1.0
1995-03-14,1.0,1.0,1.0,1.0
1995-03-15,1.0,1.0,1.0,1.0
1995-03-16,1.0,1.0,1.0,1.0
1995-03-17,1.0,1.0,1.0,1.0
1995-03-20,1.0,1.0,1.0,1.0
1995-03-21,1.0,1.0,1.0,1.0
1995-03-22,1.0,1.0,1.0,1.0
1995-03-23,1.0,1.0,1.0,1.0
1995-03-24,1.0,1.0,1.0,1.0
1995-03-27,1.0,1.0,1.0,1.0
1995-03-28,1.0,1.0,1.0,1.0
1995-03-29,1.0,1.0,1.0,1.0
1995-03-30,1.0,1.0,1.0,1.0
1995-03-31,1.0,1.0,1.0,1.0
1995-04-03,1.0,1.0,1.0,1.0
1995-04-04,1.0,1.0,1.0,1.0
1995-04-05,1.0,1.0,1.0,1.0
1995-04-06,1.0,1.0,1.0,1.0
1995-04-07,1.0,1.0,1.0,1.0
1995-04-10,1.0,1.0,1.0,1.0
1995-04-11,1.0,1.0,1.0,1.0
1995-04-12,1.0,1.0,1.0,1.0
1995-04-13,1.0,1.0,1.0,1.0
1995-04-14,1.0,1.0,1.0,1.0
1995-04-17,1.0,1.0,1.0,1.0
1995-04-18,1.0,1.0,1.0,1.0
1995-04-19,1.0,1.0,1.0,1.0
1995-04-20,1.0,1.0,1.0,1.0
1995-04-21,1.0,1.0,1.0,1.0
1995-04-24,1.0,1.0,1.0,1.0
1995-04-25,1.0,1.0,1.0,1.0
1995-04-26,1.0,1.0,1.0,1.0
1995-04-27,1.0,1.0,1.0,1.0
1995-04-28,1.0,1.0,1.0,1.0
1995-05-01,1.0,1.0,1.0,1.0
1995-05-02,1.0,1.0,1.0,1.0
1995-05-03,1.0,1.0,1.0,1.0
1995-05-04,1.0,1.0,1.0,1.0
1995-05-05,1.0,1.0,1.0,1.0
1995-05-08,1.0,1.0,1.0,1.0
1995-05-09,1.0,1.0,1.0,1.0
1995-05-10,1.0,1.0,1.0,1.0
1995-05-11,1.0,1.0,1.0,1.0
1995-05-12,1.0,1.0,1.0,1.0
1995-05-15,1.0,1.0,1.0,1.0
1995-05-16,1.0,1.0,1.0,1.0
1995-05-17,1.0,1.0,1.0,1.0
1995-05-18,1.0,1.0,1.0,1.0
1995-05-19,1.0,1.0,1.0,1.0
1995-05-22,1.0,1.0,1.0,1.0
1995-05-23,1.0,1.0,1.0,1.0
1995-05-24,1.0,1.0,1.0,1.0
1995-05-25,1.0,1.0,1.0,1.0
1995-05-26,1.0,1.0,1.0,1.0
1995-05-29,1.0,1.0,1.0,1.0
1995-05-30,1.0,1.0,1.0,1.0
1995-05-31,1.0,1.0,1.0,1.0
1995-06-01,1.0,1.0,1.0,1.0
1995-06-02,1.0,1.0,1.0,1.0
1995-06-05,1.0,1.0,1.0,1.0
1995-06-06,1.0,1.0,1.0,1.0
1995-06-07,1.0,1.0,1.0,1.0
1995-06-08,1.0,1.0,1.0,1.0
1995-06-09,1.0,1.0,1.0,1.0
1995-06-12,1.0,1.0,1.0,1.0
1995-06-13,1.0,1.0,1.0,1.0
1995-06-14,1.0,1.0,1.0,1.0
1995-06-15,1.0,1.0,1.0,1.0
1995-06-16,1.0,1.0,1.0,1.0
1995-06-19,1.0,1.0,1.0,1.0
1995-06-20,1.0,1.0,1.0,1.0
1995-06-21,1.0,1.0,1.0,1.0
1995-06-22,1.0,1.0,1.0,1.0
1995-06-23,1.0,1.0,1.0,1.0
1995-06-26,1.0,1.0,1.0,1.0
1995-06-27,1.0,1.0,1.0,1.0
1995-06-28,1.0,1.0,1.0,1.0
1995-06-29,1.0,1.0,1.0,1.0
1995-06-30,1.0,1.0,1.0,1.0
1995-07-03,1.0,1.0,1.0,1.0
1995-07-04,1.0,1.0,1.0,1.0
1995-07-05,1.0,1.0,1.0,1.0
1995-07-06,1.0,1.0,1.0,1.0
1995-07-07,1.0,1.0,1.0,1.0
1995-07-10,1.0,1.0,1.0,1.0
1995-07-11,1.0,1.0,1.0,1.0
1995-07-12,1.0,1.0,1.0,1.0
1995-07-13,1.0,1.0,1.0,1.0
1995-07-14,1.0,1.0,1.0,1.0
1995-07-17,1.0,1.0,1.0,1.0
1995-07-18,1.0,1.0,1.0,1.0
1995-07-19,1.0,1.0,1.0,1.0
1995-07-20,1.0,1.0,1.0,1.0
1995-07-21,1.0,1.0,1.0,1.0
1995-07-24,1.0,1.0,1.0,1.0
1995-07-25,1.0,1.0,1.0,1.0
1995-07-26,1.0,1.0,1.0,1.0
1995-07-27,1.0,1.0,1.0,1.0
1995-07-28,1.0,1.0,1.0,1.0
1995-07-31,1.0,1.0,1.0,1.0
1995-08-01,1.0,1.0,1.0,1.0
1995-08-02,1.0,1.0,1.0,1.0
1995-08-03,1.0,1.0,1.0,1.0
1995-08-04,1.0,1.0,1.0,1.0
1995-08-07,1.0,1.0,1.0,1.0
1995-08-08,1.0,1.0,1.0,1.0
1995-08-09,1.0,1.0,1.0,1.0
1995-08-10,1.0,1.0,1.0,1.0
1995-08-11,1.0,1.0,1.0,1.0
1995-08-14,1.0,1.0,1.0,1.0
1995-08-15,1.0,1.0,1.0,1.0
1995-08-16,1.0,1.0,1.0,1.0
1995-08-17,1.0,1.0,1.0,1.0
1995-08-18,1.0,1.0,1.0,1.0
1995-08-21,1.0,1.0,1.0,1.0
1995-08-22,1.0,1.0,1.0,1.0
1995-08-23,1.0,1.0,1.0,1.0
1995-08-24,1.0,1.0,1.0,1.0
1995-08-25,1.0,1.0,1.0,1.0
1995-08-28,1.0,1.0,1.0,1.0
1995-08-29,1.0,1.0,1.0,1.0
1995-08-30,1.0,1.0,1.0,1.0
1995-08-31,1.0,1.0,1.0,1.0
1995-09-01,1.0,1.0,1.0,1.0
1995-09-04,1.0,1.0,1.0,1.0
1995-09-05,1.0,1.0,1.0,1.0
1995-09-06,1.0,1.0,1.0,1.0
1995-09-07,1.0,1.0,1.0,1.0
1995-09-08,1.0,1.0,1.0,1.0
1995-09-11,1.0,1.0,1.0,1.0
1995-09-12,1.0,1.0,1.0,1.0
1995-09-13,1.0,1.0,1.0,1.0
1995-09-14,1.0,1.0,1.0,1.0
1995-09-15,1.0,1.0,1.0,1.0
1995-09-18,1.0,1.0,1.0,1.0
1995-09-19,1.0,1.0,1.0,1.0
1995-09-20,1.0,1.0,1.0,1.0
1995-09-21,1.0,1.0,1.0,1.0
1995-09-22,1.0,1.0,1.0,1.0
1995-09-25,1.0,1.0,1.0,1.0
1995-09-26,1.0,1.0,1.0,1.0
1995-09-27,1.0,1.0,1.0,1.0
1995-09-28,1.0,1.0,1.0,1.0
1995-09-29,1.0,1.0,1.0,1.0
1995-10-02,1.0,1.0,1.0,1.0
1995-10-03,1.0,1.0,1.0,1.0
1995-10-04,1.0,1.0,1.0,1.0
1995-10-05,1.0,1.0,1.0,1.0
1995-10-06,1.0,1.0,1.0,1.0
1995-10-09,1.0,1.0,1.0,1.0
1995-10-10,1.0,1.0,1.0,1.0
1995-10-11,1.0,1.0,1.0,1.0
1995-10-12,1.0,1.0,1.0,1.0
1995-10-13,1.0,1.0,1.0,1.0
1995-10-16,1.0,1.0,1.0,1.0
1995-10-17,1.0,1.0,1.0,1.0
1995-10-18,1.0,1.0,1.0,1.0
1995-10-19,1.0,1.0,1.0,1.0
1995-10-20,1.0,1.0,1.0,1.0
1995-10-23,1.0,1.0,1.0,1.0
1995-10-24,1.0,1.0,1.0,1.0
1995-10-25,1.0,1.0,1.0,1.0
1995-10-26,1.0,1.0,1.0,1.0
1995-10-27,1.0,1.0,1.0,1.0
1995-10-30,1.0,1.0,1.0,1.0
1995-10-31,1.0,1.0,1.0,1.0
1995-11-01,1.0,1.0,1.0,1.0
1995-11-02,1.0,1.0,1.0,1.0
1995-11-03,1.0,1.0,1.0,1.0
1995-11-06,1.0,1.0,1.0,1.0
1995-11-07,1.0,1.0,1.0,1.0
1995-11-08,1.0,1.0,1.0,1.0
1995-11-09,1.0,1.0,1.0,1.0
1995-11-10,1.0,1.0,1.0,1.0
1995-11-13,1.0,1.0,1.0,1.0
1995-11-14,1.0,1.0,1.0,1.0
1995-11-15,1.0,1.0,1.0,1.0
1995-11-16,1.0,1.0,1.0,1.0
1995-11-17,1.0,1.0,1.0,1.0
1995-11-20,1.0,1.0,1.0,1.0
1995-11-21,1.0,1.0,1.0,1.0
1995-11-22,1.0,1.0,1.0,1.0
1995-11-23,1.0,1.0,1.0,1.0
1995-11-24,1.0,1.0,1.0,1.0
1995-11-27,1.0,1.0,1.0,1.0
1995-11-28,1.0,1.0,1.0,1.0
1995-11-29,1.0,1.0,1.0,1.0
1995-11-30,1.0,1.0,1.0,1.0
1995-12-01,1.0,1.0,1.0,1.0
1995-12-04,1.0,1.0,1.0,1.0
1995-12-05,1.0,1.0,1.0,1.0
1995-12-06,1.0,1.0,1.0,1.0
1995-12-07,1.0,1.0,1.0,1.0
1995-12-08,1.0,1.0,1.0,1.0
1995-12-11,1.0,1.0,1.0,1.0
1995-12-12,1.0,1.0,1.0,1.0
1995-12-13,1.0,1.0,1.0,1.0
1995-12-14,1.0,1.0,1.0,1.0
1995-12-15,1.0,1.0,1.0,1.0
1995-12-18,1.0,1.0,1.0,1.0
1995-12-19,1.0,1.0,1.0,1.0
1995-12-20,1.0,1.0,1.0,1.0
1995-12-21,1.0,1.0,1.0,1.0
1995-12-22,1.0,1.0,1.0,1.0
1995-12-25,1.0,1.0,1.0,1.0
1995-12-26,1.0,1.0,1.0,1.0
1995-12-27,1.0,1.0,1.0,1.0
1995-12-28,1.0,1.0,1.0,1.0
1995-12-29,1.0,1.0,1.0,1.0
1996-01-01,1.0,1.0,1.0,1.0
1996-01-02,1.0,1.0,1.0,1.0
1996-01-03,1.0,1.0,1.0,1.0
1996-01-04,1.0,1.0,1.0,1.0
1996-01-05,1.0,1.0,1.0,1.0
1996-01-08,1.0,1.0,1.0,1.0
1996-01-09,1.0,1.0,1.0,1.0
1996-01-10,1.0,1.0,1.0,1.0
1996-01-11,1.0,1.0,1.0,1.0
1996-01-12,1.0,1.0,1.0,1.0
1996-01-15,1.0,1.0,1.0,1.0
1996-01-16,1.0,1.0,1.0,1.0
1996-01-17,1.0,1.0,1.0,1.0
1996-01-18,1.0,1.0,1.0,1.0
1996-01-19,1.0,1.0,1.0,1.0
1996-01-22,1.0,1.0,1.0,1.0
1996-01-23,1.0,1.0,1.0,1.0
1996-01-24,1.0,1.0,1.0,1.0
1996-01-25,1.0,1.0,1.0,1.0
1996-01-26,1.0,1.0,1.0,1.0
1996-01-29,1.0,1.0,1.0,1.0
1996-01-30,1.0,1.0,1.0,1.0
1996-01-31,1.0,1.0,1.0,1.0
1996-02-01,1.0,1.0,1.0,1.0
1996-02-02,1.0,1.0,1.0,1.0
1996-02-05,1.0,1.0,1.0,1.0
1996-02-06,1.0,1.0,1.0,1.0
1996-02-07,1.0,1.0,1.0,1.0
1996-02-08,1.0,1.0,1.0,1.0
1996-02-09,1.0,1.0,1.0,1.0
1996-02-12,1.0,1.0,1.0,1.0
1996-02-13,1.0,1.0,1.0,1.0
1996-02-14,1.0,1.0,1.0,1.0
1996-02-15,1.0,1.0,1.0,1.0
1996-02-16,1.0,1.0,1.0,1.0
1996-02-19,1.0,1.0,1.0,1.0
1996-02-20,1.0,1.0,1.0,1.0
1996-02-21,1.0,1.0,1.0,1.0
1996-02-22,1.0,1.0,1.0,1.0
1996-02-23,1.0,1.0,1.0,1.0
1996-02-26,1.0,1.0,1.0,1.0
1996-02-27,1.0,1.0,1.0,1.0
1996-02-28,1.0,1.0,1.0,1.0
1996-02-29,1.0,1.0,1.0,1.0
1996-03-01,1.0,1.0,1.0,1.0
1996-03-04,1.0,1.0,1.0,1.0
1996-03-05,1.0,1.0,1.0,1.0
1996-03-06,1.0,1.0,1.0,1.0
1996-03-07,1.0,1.0,1.0,1.0
1996-03-08,1.0,1.0,1.0,1.0
1996-03-11,1.0,1.0,1.0,1.0
1996-03-12,1.0,1.0,1.0,1.0
1996-03-13,1.0,1.0,1.0,1.0
1996-03-14,1.0,1.0,1.0,1.0
1996-03-15,1.0,1.0,1.0,1.0
1996-03-18,1.0,1.0,1.0,1.0
1996-03-19,1.0,1.0,1.0,1.0
1996-03-20,1.0,1.0,1.0,1.0
1996-03-21,1.0,1.0,1.0,1.0
1996-03-22,1.0,1.0,1.0,1.0
1996-03-25,1.0,1.0,1.0,1.0
1996-03-26,1.0,1.0,1.0,1.0
1996-03-27,1.0,1.0,1.0,1.0
1996-03-28,1.0,1.0,1.0,1.0
1996-03-29,1.0,1.0,1.0,1.0
1996-04-01,1.0,1.0,1.0,1.0
1996-04-02,1.0,1.0,1.0,1.0
1996-04-03,1.0,1.0,1.0,1.0
1996-04-04,1.0,1.0,1.0,1.0
1996-04-05,1.0,1.0,1.0,1.0
1996-04-08,1.0,1.0,1.0,1.0
1996-04-09,1.0,1.0,1.0,1.0
1996-04-10,1.0,1.0,1.0,1.0
1996-04-11,1.0,1.0,1.0,1.0
1996-04-12,1.0,1.0,1.0,1.0
1996-04-15,1.0,1.0,1.0,1.0
1996-04-16,1.0,1.0,1.0,1.0
1996-04-17,1.0,1.0,1.0,1.0
1996-04-18,1.0,1.0,1.0,1.0
1996-04-19,1.0,1.0,1.0,1.0
1996-04-22,1.0,1.0,1.0,1.0
1996-04-23,1.0,1.0,1.0,1.0
1996-04-24,1.0,1.0,1.0,1.0
1996-04-25,1.0,1.0,1.0,1.0
1996-04-26,1.0,1.0,1.0,1.0
1996-04-29,1.0,1.0,1.0,1.0
1996-04-30,1.0,1.0,1.0,1.0
1996-05-01,1.0,1.0,1.0,1.0
1996-05-02,1.0,1.0,1.0,1.0
1996-05-03,1.0,1.0,1.0,1.0
1996-05-06,1.0,1.0,1.0,1.0
1996-05-07,1.0,1.0,1.0,1.0
1996-05-08,1.0,1.0,1.0,1.0
1996-05-09,1.0,1.0,1.0,1.0
1996-05-10,1.0,1.0,1.0,1.0
1996-05-13,1.0,1.0,1.0,1.0
1996-05-14,1.0,1.0,1.0,1.0
1996-05-15,1.0,1.0,1.0,1.0
1996-05-16,1.0,1.0,1.0,1.0
1996-05-17,1.0,1.0,1.0,1.0
1996-05-20,1.0,1.0,1.0,1.0
1996-05-21,1.0,1.0,1.0,1.0
1996-05-22,1.0,1.0,1.0,1.0
1996-05-23,1.0,1.0,1.0,1.0
1996-05-24,1.0,1.0,1.0,1.0
1996-05-27,1.0,1.0,1.0,1.0
1996-05-28,1.0,1.0,1.0,1.0
1996-05-29,1.0,1.0,1.0,1.0
1996-05-30,1.0,1.0,1.0,1.0
1996-05-31,1.0,1.0,1.0,1.0
1996-06-03,1.0,1.0,1.0,1.0
1996-06-04,1.0,1.0,1.0,1.0
1996-06-05,1.0,1.0,1.0,1.0
1996-06-06,1.0,1.0,1.0,1.0
1996-06-07,1.0,1.0,1.0,1.0
1996-06-10,1.0,1.0,1.0,1.0
1996-06-11,1.0,1.0,1.0,1.0
1996-06-12,1.0,1.0,1.0,1.0
1996-06-13,1.0,1.0,1.0,1.0
1996-06-14,1.0,1.0,1.0,1.0
1996-06-17,1.0,1.0,1.0,1.0
1996-06-18,1.0,1.0,1.0,1.0
1996-06-19,1.0,1.0,1.0,1.0
1996-06-20,1.0,1.0,1.0,1.0
1996-06-21,1.0,1.0,1.0,1.0
1996-06-24,1.0,1.0,1.0,1.0
1996-06-25,1.0,1.0,1.0,1.0
1996-06-26,1.0,1.0,1.0,1.0
1996-06-27,1.0,1.0,1.0,1.0
1996-06-28,1.0,1.0,1.0,1.0
1996-07-01,1.0,1.0,1.0,1.0
1996-07-02,1.0,1.0,1.0,1.0
1996-07-03,1.0,1.0,1.0,1.0
1996-07-04,1.0,1.0,1.0,1.0
1996-07-05,1.0,1.0,1.0,1.0
1996-07-08,1.0,1.0,1.0,1.0
1996-07-09,1.0,1.0,1.0,1.0
1996-07-10,1.0,1.0,1.0,1.0
1996-07-11,1.0,1.0,1.0,1.0
1996-07-12,1.0,1.0,1.0,1.0
1996-07-15,1.0,1.0,1.0,1.0
1996-07-16,1.0,1.0,1.0,1.0
1996-07-17,1.0,1.0,1.0,1.0
1996-07-18,1.0,1.0,1.0,1.0
1996-07-19,1.0,1.0,1.0,1.0
1996-07-22,1.0,1.0,1.0,1.0
1996-07-23,1.0,1.0,1.0,1.0
1996-07-24,1.0,1.0,1.0,1.0
1996-07-25,1.0,1.0,1.0,1.0
1996-07-26,1.0,1.0,1.0,1.0
1996-07-29,1.0,1.0,1.0,1.0
1996-07-30,1.0,1.0,1.0,1.0
1996-07-31,1.0,1.0,1.0,1.0
1996-08-01,1.0,1.0,1.0,1.0
1996-08-02,1.0,1.0,1.0,1.0
1996-08-05,1.0,1.0,1.0,1.0
1996-08-06,1.0,1.0,1.0,1.0
1996-08-07,1.0,1.0,1.0,1.0
1996-08-08,1.0,1.0,1.0,1.0
1996-08-09,1.0,1.0,1.0,1.0
1996-08-12,1.0,1.0,1.0,1.0
1996-08-13,1.0,1.0,1.0,1.0
1996-08-14,1.0,1.0,1.0,1.0
1996-08-15,1.0,1.0,1.0,1.0
1996-08-16,1.0,1.0,1.0,1.0
1996-08-19,1.0,1.0,1.0,1.0
1996-08-20,1.0,1.0,1.0,1.0
1996-08-21,1.0,1.0,1.0,1.0
1996-08-22,1.0,1.0,1.0,1.0
1996-08-23,1.0,1.0,1.0,1.0
1996-08-26,1.0,1.0,1.0,1.0
1996-08-27,1.0,1.0,1.0,1.0
1996-08-28,1.0,1.0,1.0,1.0
1996-08-29,1.0,1.0,1.0,1.0
1996-08-30,1.0,1.0,1.0,1.0
1996-09-02,1.0,1.0,1.0,1.0
1996-09-03,1.0,1.0,1.0,1.0
1996-09-04,1.0,1.0,1.0,1.0
1996-09-05,1.0,1.0,1.0,1.0
1996-09-06,1.0,1.0,1.0,1.0
1996-09-09,1.0,1.0,1.0,1.0
1996-09-10,1.0,1.0,1.0,1.0
1996-09-11,1.0,1.0,1.0,1.0
1996-09-12,1.0,1.0,1.0,1.0
1996-09-13,1.0,1.0,1.0,1.0
1996-09-16,1.0,1.0,1.0,1.0
1996-09-17,1.0,1.0,1.0,1.0
1996-09-18,1.0,1.0,1.0,1.0
1996-09-19,1.0,1.0,1.0,1.0
1996-09-20,1.0,1.0,1.0,1.0
1996-09-23,1.0,1.0,1.0,1.0
1996-09-24,1.0,1.0,1.0,1.0
1996-09-25,1.0,1.0,1.0,1.0
1996-09-26,1.0,1.0,1.0,1.0
1996-09-27,1.0,1.0,1.0,1.0
1996-09-30,1.0,1.0,1.0,1.0
1996-10-01,1.0,1.0,1.0,1.0
1996-10-02,1.0,1.0,1.0,1.0
1996-10-03,1.0,1.0,1.0,1.0
1996-10-04,1.0,1.0,1.0,1.0
1996-10-07,1.0,1.0,1.0,1.0
1996-10-08,1.0,1.0,1.0,1.0
1996-10-09,1.0,1.0,1.0,1.0
1996-10-10,1.0,1.0,1.0,1.0
1996-10-11,1.0,1.0,1.0,1.0
1996-10-14,1.0,1.0,1.0,1.0
1996-10-15,1.0,1.0,1.0,1.0
1996-10-16,1.0,1.0,1.0,1.0
1996-10-17,1.0,1.0,1.0,1.0
1996-10-18,1.0,1.0,1.0,1.0
1996-10-21,1.0,1.0,1.0,1.0
1996-10-22,1.0,1.0,1.0,1.0
1996-10-23,1.0,1.0,1.0,1.0
1996-10-24,1.0,1.0,1.0,1.0
1996-10-25,1.0,1.0,1.0,1.0
1996-10-28,1.0,1.0,1.0,1.0
1996-10-29,1.0,1.0,1.0,1.0
1996-10-30,1.0,1.0,1.0,1.0
1996-10-31,1.0,1.0,1.0,1.0
1996-11-01,1.0,1.0,1.0,1.0
1996-11-04,1.0,1.0,1.0,1.0
1996-11-05,1.0,1.0,1.0,1.0
1996-11-06,1.0,1.0,1.0,1.0
1996-11-07,1.0,1.0,1.0,1.0
1996-11-08,1.0,1.0,1.0,1.0
1996-11-11,1.0,1.0,1.0,1.0
1996-11-12,1.0,1.0,1.0,1.0
1996-11-13,1.0,1.0,1.0,1.0
1996-11-14,1.0,1.0,1.0,1.0
1996-11-15,1.0,1.0,1.0,1.0
1996-11-18,1.0,1.0,1.0,1.0
1996-11-19,1.0,1.0,1.0,1.0
1996-11-20,1.0,1.0,1.0,1.0
1996-11-21,1.0,1.0,1.0,1.0
1996-11-22,1.0,1.0,1.0,1.0
1996-11-25,1.0,1.0,1.0,1.0
1996-11-26,1.0,1.0,1.0,1.0
1996-11-27,1.0,1.0,1.0,1.0
1996-11-28,1.0,1.0,1.0,1.0
1996-11-29,1.0,1.0,1.0,1.0
1996-12-02,1.0,1.0,1.0,1.0
1996-12-03,1.0,1.0,1.0,1.0
1996-12-04,1.0,1.0,1.0,1.0
1996-12-05,1.0,1.0,1.0,1.0
1996-12-06,1.0,1.0,1.0,1.0
1996-12-09,1.0,1.0,1.0,1.0
1996-12-10,1.0,1.0,1.0,1.0
1996-12-11,1.0,1.0,1.0,1.0
1996-12-12,1.0,1.0,1.0,1.0
1996-12-13,1.0,1.0,1.0,1.0
1996-12-16,1.0,1.0,1.0,1.0
1996-12-17,1.0,1.0,1.0,1.0
1996-12-18,1.0,1.0,1.0,1.0
1996-12-19,1.0,1.0,1.0,1.0
1996-12-20,1.0,1.0,1.0,1.0
1996-12-23,1.0,1.0,1.0,1.0
1996-12-24,1.0,1.0,1.0,1.0
1996-12-25,1.0,1.0,1.0,1.0
1996-12-26,1.0,1.0,1.0,1.0
1996-12-27,1.0,1.0,1.0,1.0
1996-12-30,1.0,1.0,1.0,1.0
1996-12-31,1.0,1.0,1.0,1.0
1997-01-01,1.0,1.0,1.0,1.0
1997-01-02,1.0,1.0,1.0,1.0
1997-01-03,1.0,1.0,1.0,1.0
1997-01-06,1.0,1.0,1.0,1.0
1997-01-07,1.0,1.0,1.0,1.0
1997-01-08,1.0,1.0,1.0,1.0
1997-01-09,1.0,1.0,1.0,1.0
1997-01-10,1.0,1.0,1.0,1.0
1997-01-13,1.0,1.0,1.0,1.0
1997-01-14,1.0,1.0,1.0,1.0
1997-01-15,1.0,1.0,1.0,1.0
1997-01-16,1.0,1.0,1.0,1.0
1997-01-17,1.0,1.0,1.0,1.0
1997-01-20,1.0,1.0,1.0,1.0
1997-01-21,1.0,1.0,1.0,1.0
1997-01-22,1.0,1.0,1.0,1.0
1997-01-23,1.0,1.0,1.0,1.0
1997-01-24,1.0,1.0,1.0,1.0
1997-01-27,1.0,1.0,1.0,1.0
1997-01-28,1.0,1.0,1.0,1.0
1997-01-29,1.0,1.0,1.0,1.0
1997-01-30,1.0,1.0,1.0,1.0
1997-01-31,1.0,1.0,1.0,1.0
1997-02-03,1.0,1.0,1.0,1.0
1997-02-04,1.0,1.0,1.0,1.0
1997-02-05,1.0,1.0,1.0,1.0
1997-02-06,1.0,1.0,1.0,1.0
1997-02-07,8.38,8.38,8.38,8.38
1997-02-10,8.38,8.38,8.38,8.38
1997-02-11,8.38,8.38,8.38,8.38
1997-02-12,8.38,8.38,8.38,8.38
1997-02-13,8.38,8.38,8.38,8.38
1997-02-14,8.38,8.38,8.25,8.25
1997-02-17,8.2825,8.2825,8.25,8.25
1997-02-18,8.25,8.25,8.25,8.25
1997-02-19,8.25,8.25,8.25,8.25
1997-02-20,8.25,8.25,8.25,8.25
1997-02-21,8.38,8.38,8.38,8.38
1997-02-24,8.12,8.12,8.12,8.12
1997-02-25,8.12,8.12,8.12,8.12
1997-02-26,8.12,8.12,7.88,7.88
1997-02-27,7.88,7.88,7.88,7.88
1997-02-28,8.12,8.12,8.0,8.0
1997-03-03,8.0,8.0,8.0,8.0
1997-03-04,8.0,8.0,7.88,7.88
1997-03-05,7.88,7.88,7.5,7.62
1997-03-06,7.5,7.5,7.38,7.38
1997-03-07,7.25,7.25,7.25,7.25
1997-03-10,7.12,7.12,7.0,7.0
1997-03-11,6.88,6.88,5.62,6.88
1997-03-12,7.0,8.12,7.0,8.12
1997-03-13,8.25,8.88,8.19,8.38
1997-03-14,8.25,8.25,8.25,8.25
1997-03-17,8.31,8.31,8.12,8.12
1997-03-18,7.88,8.0,7.75,8.0
1997-03-19,7.75,7.75,7.25,7.5
1997-03-20,7.69,7.69,6.62,6.88
1997-03-21,7.0,7.0,6.62,7.0
1997-03-24,6.75,7.19,6.75,7.19
1997-03-25,7.25,7.25,6.75,7.12
1997-03-26,7.06,7.25,7.06,7.25
1997-03-27,7.38,7.38,6.81,6.88
1997-03-28,7.255,7.27,6.795,6.8625
1997-03-31,6.88,6.94,6.75,6.81
1997-04-01,6.94,7.0,6.88,7.0
1997-04-02,7.0,7.0,6.88,7.0
1997-04-03,7.12,7.12,6.94,6.94
1997-04-04,6.88,6.88,6.81,6.81
1997-04-07,6.81,7.0,6.81,6.88
1997-04-08,6.88,6.88,6.75,6.75
1997-04-09,7.06,7.06,6.75,6.75
1997-04-10,6.81,6.81,6.75,6.75
1997-04-11,6.75,7.0,6.75,6.75
1997-04-14,6.69,7.0,6.62,7.0
1997-04-15,7.12,7.12,7.0,7.0
1997-04-16,6.88,7.25,6.88,6.88
1997-04-17,6.75,6.88,6.69,6.88
1997-04-18,6.88,6.88,6.75,6.81
1997-04-21,6.88,7.0,6.88,7.0
1997-04-22,6.81,7.0,6.75,7.0
1997-04-23,7.0,7.06,7.0,7.0
1997-04-24,6.88,6.88,6.81,6.81
1997-04-25,6.81,6.88,6.75,6.88
1997-04-28,6.88,6.88,6.75,6.88
1997-04-29,6.88,6.88,6.75,6.75
1997-04-30,6.75,6.88,6.75,6.88
1997-05-01,6.94,6.94,6.88,6.88
1997-05-02,6.75,6.94,6.75,6.88
1997-05-05,6.94,7.0,6.94,6.94
1997-05-06,6.94,7.0,6.88,7.0
1997-05-07,7.0,7.25,7.0,7.25
1997-05-08,7.12,7.12,7.12,7.12
1997-05-09,7.12,7.12,6.94,6.94
1997-05-12,6.94,7.12,6.94,7.12
1997-05-13,7.0,7.06,6.94,7.06
1997-05-14,7.12,7.12,7.0,7.0
1997-05-15,6.88,7.06,6.88,7.06
1997-05-16,6.94,7.0,6.88,7.0
1997-05-19,7.0,7.06,6.88,6.88
1997-05-20,7.0,7.0,6.81,6.81
1997-05-21,6.94,7.0,6.94,7.0
1997-05-22,7.06,7.12,7.0,7.0
1997-05-23,7.0,7.06,7.0,7.0
1997-05-26,7.0,7.157500000000001,7.0,7.0
1997-05-27,7.0,7.19,7.0,7.0
1997-05-28,7.0,7.19,7.0,7.0
1997-05-29,7.0,7.12,7.0,7.06
1997-05-30,7.0,7.25,7.0,7.25
1997-06-02,7.19,7.19,7.0,7.0
1997-06-03,7.0,7.0,7.0,7.0
1997-06-04,7.0,7.12,7.0,7.12
1997-06-05,7.25,7.5,7.25,7.5
1997-06-06,7.75,8.0,7.75,8.0
1997-06-09,7.94,7.94,7.5,7.88
1997-06-10,7.88,8.19,7.88,7.88
1997-06-11,7.88,8.0,7.88,8.0
1997-06-12,8.0,8.12,8.0,8.12
1997-06-13,8.0,8.12,7.88,8.0
1997-06-16,7.94,8.0,7.88,7.88
1997-06-17,7.88,8.19,7.88,8.19
1997-06-18,8.25,8.44,8.25,8.44
1997-06-19,8.31,8.5,8.31,8.5
1997-06-20,8.5,8.62,8.31,8.62
1997-06-23,8.5,9.12,8.5,9.06
1997-06-24,8.94,8.94,8.38,8.62
1997-06-25,8.75,8.94,8.75,8.75
1997-06-26,8.88,8.88,8.5,8.62
1997-06-27,8.62,8.75,8.62,8.75
1997-06-30,8.38,8.5,8.31,8.5
1997-07-01,8.5,8.69,8.5,8.69
1997-07-02,8.75,8.75,8.12,8.19
1997-07-03,8.12,8.38,8.12,8.38
1997-07-04,8.184999999999999,8.4575,8.184999999999999,8.425
1997-07-07,8.38,8.69,8.38,8.56
1997-07-08,8.69,8.75,8.69,8.75
1997-07-09,8.88,8.88,8.5,8.62
1997-07-10,8.75,8.75,8.75,8.75
1997-07-11,8.56,8.75,8.56,8.75
1997-07-14,8.75,8.88,8.75,8.88
1997-07-15,8.81,8.81,8.75,8.75
1997-07-16,8.75,8.88,8.75,8.75
1997-07-17,8.69,8.69,8.69,8.69
1997-07-18,8.75,8.75,8.69,8.75
1997-07-21,8.69,8.69,8.62,8.62
1997-07-22,8.62,8.75,8.62,8.75
1997-07-23,8.62,8.62,8.0,8.25
1997-07-24,8.38,8.56,8.38,8.56
1997-07-25,8.44,8.44,8.31,8.38
1997-07-28,8.44,8.44,8.25,8.38
1997-07-29,8.5,8.5,8.5,8.5
1997-07-30,8.62,8.62,8.62,8.62
1997-07-31,8.5,8.56,8.5,8.56
1997-08-01,8.5,8.56,8.38,8.44
1997-08-04,8.31,8.62,8.31,8.38
1997-08-05,8.5,8.56,8.5,8.56
1997-08-06,8.56,8.75,8.44,8.62
1997-08-07,8.5,8.75,8.5,8.75
1997-08-08,8.38,8.5,8.38,8.38
1997-08-11,8.38,8.56,8.38,8.56
1997-08-12,8.5,8.5,8.25,8.5
1997-08-13,8.5,8.75,8.5,8.75
1997-08-14,8.56,8.69,8.5,8.56
1997-08-15,8.69,8.69,8.56,8.56
1997-08-18,8.5,8.5,8.25,8.5
1997-08-19,8.38,8.38,8.38,8.38
1997-08-20,8.38,8.38,8.38,8.38
1997-08-21,8.5,8.62,8.5,8.62
1997-08-22,8.88,8.88,8.75,8.75
1997-08-25,8.62,8.62,8.56,8.56
1997-08-26,8.62,8.62,8.62,8.62
1997-08-27,8.81,8.94,8.81,8.94
1997-08-28,9.06,9.06,8.75,8.75
1997-08-29,8.75,8.75,8.75,8.75
1997-09-01,8.8475,8.9375,8.6525,8.9375
1997-09-02,8.88,9.0,8.62,9.0
1997-09-03,8.75,8.75,8.75,8.75
1997-09-04,8.81,8.88,8.56,8.69
1997-09-05,8.69,8.69,8.56,8.56
1997-09-08,8.62,8.69,8.5,8.69
1997-09-09,8.56,8.62,8.5,8.5
1997-09-10,8.69,8.75,8.56,8.75
1997-09-11,8.62,8.75,8.44,8.62
1997-09-12,8.62,8.69,8.5,8.69
1997-09-15,8.62,8.62,8.56,8.56
1997-09-16,8.56,8.75,8.56,8.75
1997-09-17,8.5,8.5,8.5,8.5
1997-09-18,8.62,8.62,8.62,8.62
1997-09-19,8.56,8.75,8.56,8.75
1997-09-22,8.81,8.81,8.5,8.5
1997-09-23,8.75,8.75,8.75,8.75
1997-09-24,8.62,9.25,8.62,9.25
1997-09-25,9.0,9.0,8.81,8.81
1997-09-26,8.62,8.88,8.62,8.75
1997-09-29,8.88,8.88,8.88,8.88
1997-09-30,9.0,9.0,9.0,9.0
1997-10-01,9.0,9.0,8.88,8.88
1997-10-02,8.62,8.88,8.62,8.75
1997-10-03,8.75,9.0,8.75,9.0
1997-10-06,8.94,8.94,8.94,8.94
1997-10-07,8.94,9.12,8.94,9.12
1997-10-08,9.25,9.25,9.12,9.25
1997-10-09,9.12,9.12,9.0,9.0
1997-10-10,9.0,9.12,8.75,8.75
1997-10-13,8.75,8.81,8.69,8.81
1997-10-14,8.88,9.0,8.88,9.0
1997-10-15,8.81,8.81,8.81,8.81
1997-10-16,8.94,8.94,8.94,8.94
1997-10-17,8.81,8.94,8.81,8.94
1997-10-20,9.0,9.0,8.69,8.69
1997-10-21,8.81,8.88,8.81,8.88
1997-10-22,8.94,8.94,8.75,8.88
1997-10-23,8.88,8.88,8.88,8.88
1997-10-24,8.81,8.81,8.81,8.81
1997-10-27,8.81,8.81,8.38,8.38
1997-10-28,8.5,8.62,8.38,8.5
1997-10-29,8.56,8.56,8.56,8.56
1997-10-30,8.56,8.62,8.5,8.62
1997-10-31,8.75,8.75,8.25,8.31
1997-11-03,8.19,8.38,8.12,8.38
1997-11-04,8.38,8.5,8.25,8.5
1997-11-05,8.38,8.38,8.38,8.38
1997-11-06,8.38,8.62,8.31,8.62
1997-11-07,8.38,8.38,8.19,8.25
1997-11-10,8.38,8.38,8.12,8.25
1997-11-11,8.25,8.25,8.19,8.19
1997-11-12,8.19,8.19,7.75,7.75
1997-11-13,7.88,8.12,7.75,8.12
1997-11-14,8.12,8.12,8.0,8.0
1997-11-17,8.12,8.12,8.0,8.0
1997-11-18,7.94,8.0,7.94,8.0
1997-11-19,8.0,8.19,8.0,8.19
1997-11-20,8.19,8.19,8.19,8.19
1997-11-21,8.25,8.25,8.12,8.25
1997-11-24,8.25,8.25,8.0,8.0
1997-11-25,8.25,8.25,7.94,7.94
1997-11-26,8.0,8.0,7.75,8.0
1997-11-27,7.97,7.97,7.8149999999999995,7.9399999999999995
1997-11-28,7.94,7.94,7.88,7.88
1997-12-01,8.12,8.12,7.88,7.88
1997-12-02,8.0,8.0,8.0,8.0
1997-12-03,7.88,8.12,7.5,8.12
1997-12-04,8.25,8.38,8.25,8.38
1997-12-05,8.25,8.25,8.25,8.25
1997-12-08,8.12,8.5,8.0,8.12
1997-12-09,8.0,8.25,8.0,8.25
1997-12-10,8.25,8.25,8.25,8.25
1997-12-11,8.25,8.25,8.0,8.12
1997-12-12,8.0,8.25,7.94,8.25
1997-12-15,8.25,8.38,8.0,8.12
1997-12-16,8.0,8.0,8.0,8.0
1997-12-17,7.88,8.25,7.88,8.25
1997-12-18,8.19,8.19,8.06,8.06
1997-12-19,7.94,8.12,7.88,8.12
1997-12-22,8.0,8.0,7.88,8.0
1997-12-23,8.12,8.12,8.12,8.12
1997-12-24,8.19,8.19,7.88,7.88
1997-12-25,8.035,8.035,7.88,7.88
1997-12-26,7.88,7.88,7.88,7.88
1997-12-29,7.75,7.75,7.5,7.5
1997-12-30,7.56,7.62,7.44,7.5
1997-12-31,7.88,8.25,7.88,8.25
1998-01-01,8.0,8.25,8.0,8.25
1998-01-02,8.12,8.25,8.12,8.25
1998-01-05,8.0,8.12,8.0,8.06
1998-01-06,8.19,8.19,8.19,8.19
1998-01-07,8.25,8.25,8.12,8.12
1998-01-08,8.19,8.19,8.0,8.12
1998-01-09,8.25,8.25,7.75,7.88
1998-01-12,8.0,8.0,7.88,7.88
1998-01-13,8.12,8.38,8.12,8.12
1998-01-14,8.12,8.44,8.12,8.44
1998-01-15,8.44,8.44,8.25,8.25
1998-01-16,8.12,8.38,8.12,8.38
1998-01-19,8.12,8.184999999999999,7.745,7.9525
1998-01-20,8.12,8.12,7.62,7.81
1998-01-21,8.0,8.0,7.88,7.88
1998-01-22,8.0,8.12,8.0,8.0
1998-01-23,8.0,8.06,8.0,8.06
1998-01-26,8.0,8.06,7.81,7.81
1998-01-27,7.81,8.0,7.81,7.88
1998-01-28,8.0,8.12,8.0,8.0
1998-01-29,8.12,8.12,8.0,8.0
1998-01-30,7.88,8.25,7.88,8.25
1998-02-02,8.38,8.38,7.75,7.88
1998-02-03,8.12,8.19,7.88,8.19
1998-02-04,8.06,8.19,8.06,8.12
1998-02-05,8.12,8.25,8.12,8.25
1998-02-06,8.25,8.38,8.25,8.25
1998-02-09,8.06,8.19,8.06,8.19
1998-02-10,8.06,8.12,7.88,7.94
1998-02-11,7.94,7.94,7.88,7.94
1998-02-12,7.88,8.12,7.88,7.94
1998-02-13,8.06,8.12,8.0,8.12
1998-02-16,8.157499999999999,8.315000000000001,8.09,8.12
1998-02-17,8.19,8.38,8.12,8.12
1998-02-18,8.06,8.19,8.06,8.19
1998-02-19,8.19,8.19,8.19,8.19
1998-02-20,8.12,8.25,8.12,8.25
1998-02-23,8.25,8.25,8.25,8.25
1998-02-24,8.25,8.25,8.06,8.19
1998-02-25,8.12,8.38,8.12,8.38
1998-02-26,8.31,8.31,8.19,8.19
1998-02-27,8.31,8.38,8.31,8.38
1998-03-02,8.44,8.5,8.44,8.5
1998-03-03,8.44,8.56,8.44,8.5
1998-03-04,8.44,8.44,8.44,8.44
1998-03-05,8.44,8.5,8.38,8.44
1998-03-06,8.5,8.5,8.5,8.5
1998-03-09,8.5,8.5,8.44,8.5
1998-03-10,8.44,8.5,8.44,8.5
1998-03-11,8.5,8.5,8.44,8.5
1998-03-12,8.5,8.56,8.44,8.5
1998-03-13,8.5,8.56,8.5,8.56
1998-03-16,8.38,8.44,8.25,8.44
1998-03-17,8.38,8.44,8.31,8.31
1998-03-18,8.31,8.31,8.31,8.31
1998-03-19,8.31,8.38,8.31,8.38
1998-03-20,8.25,8.31,8.25,8.31
1998-03-23,8.25,8.25,8.25,8.25
1998-03-24,8.31,8.31,8.31,8.31
1998-03-25,8.31,8.31,8.31,8.31
1998-03-26,8.31,8.38,8.25,8.38
1998-03-27,8.25,8.38,8.25,8.38
1998-03-30,8.12,8.31,8.12,8.31
1998-03-31,8.25,8.25,8.0,8.0
1998-04-01,8.06,8.38,8.06,8.38
1998-04-02,8.38,8.38,8.0,8.06
1998-04-03,8.19,8.25,8.0,8.12
1998-04-06,8.0,8.25,8.0,8.25
1998-04-07,8.19,8.31,8.19,8.31
1998-04-08,8.19,8.19,8.19,8.19
1998-04-09,8.25,8.25,8.06,8.06
1998-04-10,8.235,8.265,8.092500000000001,8.1225
1998-04-13,8.19,8.31,8.19,8.31
1998-04-14,8.06,8.19,8.06,8.19
1998-04-15,8.0,8.12,8.0,8.12
1998-04-16,8.12,8.12,8.0,8.0
1998-04-17,8.12,8.12,8.12,8.12
1998-04-20,8.12,8.12,8.0,8.12
1998-04-21,8.12,8.19,7.94,7.94
1998-04-22,7.94,8.06,7.94,8.06
1998-04-23,8.0,8.0,7.88,7.88
1998-04-24,8.12,8.12,8.0,8.0
1998-04-27,7.88,8.0,7.88,8.0
1998-04-28,7.94,8.06,7.94,8.06
1998-04-29,8.12,8.12,7.88,7.88
1998-04-30,7.88,8.0,7.88,8.0
1998-05-01,8.12,8.25,8.06,8.19
1998-05-04,8.25,8.25,8.06,8.06
1998-05-05,8.0,8.0,7.88,7.88
1998-05-06,7.94,8.12,7.94,8.12
1998-05-07,8.12,8.25,8.12,8.19
1998-05-08,8.12,8.25,8.0,8.19
1998-05-11,8.12,8.44,8.12,8.38
1998-05-12,8.44,8.56,8.38,8.5
1998-05-13,8.5,8.56,8.44,8.56
1998-05-14,8.56,8.62,8.44,8.62
1998-05-15,8.38,8.56,8.31,8.56
1998-05-18,7.75,7.75,7.25,7.44
1998-05-19,7.44,7.44,7.44,7.44
1998-05-20,7.31,7.44,7.31,7.38
1998-05-21,7.31,7.31,7.25,7.25
1998-05-22,7.12,7.12,7.06,7.06
1998-05-25,7.074999999999999,7.074999999999999,6.970000000000001,7.015
1998-05-26,7.06,7.06,6.94,7.0
1998-05-27,6.88,7.0,6.88,7.0
1998-05-28,7.0,7.0,6.88,6.94
1998-05-29,6.88,6.88,6.75,6.81
1998-06-01,7.0,7.0,6.75,7.0
1998-06-02,6.81,6.94,6.69,6.69
1998-06-03,6.62,6.88,6.62,6.62
1998-06-04,6.62,6.69,6.56,6.56
1998-06-05,6.56,6.62,6.56,6.56
1998-06-08,6.69,6.69,6.62,6.62
1998-06-09,6.62,6.75,6.62,6.62
1998-06-10,6.69,6.69,6.62,6.69
1998-06-11,6.62,6.69,6.62,6.69
1998-06-12,6.62,6.69,6.56,6.62
1998-06-15,6.62,6.62,6.56,6.62
1998-06-16,6.69,6.69,6.31,6.44
1998-06-17,6.44,6.56,6.31,6.44
1998-06-18,6.31,6.31,6.25,6.31
1998-06-19,6.31,6.38,6.31,6.38
1998-06-22,6.38,6.44,6.31,6.44
1998-06-23,6.31,6.38,6.31,6.38
1998-06-24,6.38,6.44,6.38,6.38
1998-06-25,6.44,6.44,6.38,6.38
1998-06-26,6.38,6.44,6.38,6.38
1998-06-29,6.44,6.44,6.38,6.38
1998-06-30,6.44,6.44,6.38,6.44
1998-07-01,6.44,6.5,6.44,6.5
1998-07-02,6.5,6.56,6.5,6.56
1998-07-03,6.53,6.574999999999999,6.5,6.545
1998-07-06,6.62,6.62,6.5,6.5
1998-07-07,6.5,6.56,6.38,6.38
1998-07-08,6.38,6.5,6.31,6.44
1998-07-09,6.5,6.5,6.44,6.5
1998-07-10,6.44,6.5,6.38,6.44
1998-07-13,6.44,6.44,6.31,6.38
1998-07-14,6.38,6.5,6.38,6.44
1998-07-15,6.44,6.44,6.44,6.44
1998-07-16,6.5,6.5,6.44,6.5
1998-07-17,6.5,6.56,6.5,6.5
1998-07-20,6.44,6.5,6.44,6.5
1998-07-21,6.5,6.5,6.5,6.5
1998-07-22,6.5,6.5,6.44,6.5
1998-07-23,6.5,6.5,6.44,6.5
1998-07-24,6.5,6.5,6.38,6.5
1998-07-27,6.38,6.5,6.38,6.5
1998-07-28,6.5,6.5,6.38,6.38
1998-07-29,6.38,6.5,6.38,6.5
1998-07-30,6.5,6.5,6.5,6.5
1998-07-31,6.44,6.44,6.38,6.44
1998-08-03,6.5,6.5,6.44,6.44
1998-08-04,6.38,6.5,6.38,6.38
1998-08-05,6.5,6.5,6.25,6.38
1998-08-06,6.31,6.5,6.31,6.5
1998-08-07,6.5,6.5,6.44,6.5
1998-08-10,6.5,6.5,6.38,6.5
1998-08-11,6.5,6.5,6.38,6.38
1998-08-12,6.44,6.5,6.44,6.44
1998-08-13,6.38,6.5,6.38,6.44
1998-08-14,6.38,6.44,6.38,6.38
1998-08-17,6.38,6.38,6.25,6.31
1998-08-18,6.25,6.38,6.25,6.31
1998-08-19,6.31,6.31,6.31,6.31
1998-08-20,6.25,6.31,6.25,6.31
1998-08-21,5.94,6.0,5.88,5.88
1998-08-24,6.12,6.12,5.62,5.75
1998-08-25,5.75,5.75,5.62,5.75
1998-08-26,5.5,5.62,5.5,5.62
1998-08-27,5.44,5.44,4.75,5.0
1998-08-28,5.19,5.25,5.0,5.19
1998-08-31,5.0,5.25,5.0,5.12
1998-09-01,5.25,5.44,5.0,5.44
1998-09-02,5.5,5.62,5.44,5.44
1998-09-03,5.25,5.56,5.25,5.56
1998-09-04,5.44,5.69,5.44,5.56
1998-09-07,5.575,5.8325,5.575,5.7025
1998-09-08,5.62,5.88,5.62,5.75
1998-09-09,5.75,5.88,5.5,5.62
1998-09-10,5.5,5.62,5.5,5.56
1998-09-11,5.56,5.94,5.5,5.94
1998-09-14,5.81,5.81,5.69,5.69
1998-09-15,5.81,5.81,5.75,5.75
1998-09-16,5.62,5.75,5.56,5.75
1998-09-17,5.81,5.81,5.62,5.75
1998-09-18,5.69,5.75,5.62,5.75
1998-09-21,5.56,5.75,5.56,5.75
1998-09-22,5.62,5.75,5.62,5.75
1998-09-23,5.75,5.75,5.69,5.75
1998-09-24,5.75,5.75,5.56,5.62
1998-09-25,5.81,5.81,5.56,5.62
1998-09-28,5.75,5.88,5.56,5.88
1998-09-29,5.81,5.88,5.75,5.75
1998-09-30,5.62,6.0,5.62,5.75
1998-10-01,5.88,5.88,5.56,5.69
1998-10-02,5.88,5.88,5.88,5.88
1998-10-05,5.88,5.88,5.56,5.75
1998-10-06,5.56,5.81,5.5,5.75
1998-10-07,5.5,5.69,5.5,5.69
1998-10-08,5.69,5.69,5.5,5.5
1998-10-09,5.62,5.62,5.62,5.62
1998-10-12,5.62,5.81,5.62,5.69
1998-10-13,5.62,5.88,5.62,5.81
1998-10-14,5.75,5.75,5.5,5.75
1998-10-15,5.81,5.81,5.81,5.81
1998-10-16,5.81,5.81,5.5,5.62
1998-10-19,5.56,5.75,5.56,5.75
1998-10-20,5.56,5.75,5.5,5.56
1998-10-21,5.62,5.75,5.62,5.69
1998-10-22,5.69,5.81,5.62,5.62
1998-10-23,5.75,5.75,5.75,5.75
1998-10-26,5.56,5.56,5.38,5.56
1998-10-27,5.62,5.69,5.62,5.62
1998-10-28,5.75,5.75,5.69,5.69
1998-10-29,5.75,5.75,5.69,5.69
1998-10-30,5.69,5.75,5.62,5.62
1998-11-02,5.69,5.88,5.62,5.62
1998-11-03,5.69,5.75,5.69,5.75
1998-11-04,5.75,5.75,5.69,5.69
1998-11-05,5.75,5.81,5.75,5.81
1998-11-06,5.88,5.88,5.88,5.88
1998-11-09,5.75,5.88,5.75,5.88
1998-11-10,5.88,5.88,5.69,5.88
1998-11-11,5.94,5.94,5.81,5.81
1998-11-12,5.88,5.88,5.81,5.81
1998-11-13,5.75,5.88,5.75,5.88
1998-11-16,5.75,5.88,5.75,5.88
1998-11-17,5.81,5.94,5.81,5.88
1998-11-18,5.94,5.94,5.81,5.88
1998-11-19,5.81,5.94,5.81,5.94
1998-11-20,5.94,6.0,5.88,5.94
1998-11-23,5.88,6.0,5.88,6.0
1998-11-24,5.88,6.0,5.88,5.94
1998-11-25,6.0,6.0,5.88,5.94
1998-11-26,5.9399999999999995,5.9399999999999995,5.88,5.91
1998-11-27,5.88,5.88,5.88,5.88
1998-11-30,5.94,6.0,5.94,6.0
1998-12-01,6.0,6.0,5.81,5.81
1998-12-02,5.75,6.0,5.62,5.62
1998-12-03,5.75,6.0,5.75,5.94
1998-12-04,5.75,5.94,5.56,5.56
1998-12-07,5.69,5.69,5.5,5.69
1998-12-08,5.5,5.62,5.5,5.5
1998-12-09,5.5,5.62,5.5,5.5
1998-12-10,5.5,5.62,5.5,5.62
1998-12-11,5.5,5.5,5.5,5.5
1998-12-14,5.62,5.88,5.56,5.69
1998-12-15,5.62,5.81,5.56,5.69
1998-12-16,5.56,5.75,5.56,5.75
1998-12-17,5.75,5.75,5.62,5.62
1998-12-18,5.5,5.69,5.5,5.5
1998-12-21,5.56,5.62,5.5,5.5
1998-12-22,5.44,5.75,5.44,5.44
1998-12-23,5.44,5.62,5.44,5.62
1998-12-24,5.62,5.62,5.62,5.62
1998-12-25,5.59,5.59,5.5600000000000005,5.5600000000000005
1998-12-28,5.5,5.5,5.38,5.38
1998-12-29,5.25,5.5,5.25,5.38
1998-12-30,5.5,5.5,5.31,5.38
1998-12-31,5.25,5.5,5.25,5.5
1999-01-01,5.3125,5.5,5.25,5.485
1999-01-04,5.5,5.5,5.25,5.44
1999-01-05,5.44,5.56,5.44,5.56
1999-01-06,5.5,5.5,5.38,5.5
1999-01-07,5.5,5.5,5.25,5.38
1999-01-08,5.5,5.62,5.38,5.56
1999-01-11,5.5,5.5,5.44,5.5
1999-01-12,5.5,5.62,5.38,5.5
1999-01-13,5.44,5.44,5.38,5.38
1999-01-14,5.38,5.44,5.38,5.44
1999-01-15,5.31,5.44,5.31,5.44
1999-01-18,5.4525,5.575,5.4525,5.485
1999-01-19,5.5,5.62,5.5,5.5
1999-01-20,5.25,5.5,5.25,5.25
1999-01-21,5.38,5.44,5.31,5.38
1999-01-22,5.44,5.44,5.38,5.38
1999-01-25,5.38,5.44,5.25,5.44
1999-01-26,5.31,5.44,5.25,5.44
1999-01-27,5.25,5.38,5.25,5.31
1999-01-28,5.44,5.56,5.44,5.44
1999-01-29,5.5,5.56,5.31,5.44
1999-02-01,5.44,5.44,5.31,5.44
1999-02-02,5.31,5.56,5.31,5.56
1999-02-03,5.56,5.56,5.38,5.56
1999-02-04,5.56,5.56,5.44,5.44
1999-02-05,5.5,5.5,5.44,5.44
1999-02-08,5.44,5.5,5.31,5.5
1999-02-09,5.56,5.56,5.31,5.31
1999-02-10,5.19,5.25,5.19,5.19
1999-02-11,5.25,5.38,5.12,5.12
1999-02-12,5.25,5.25,5.12,5.25
1999-02-15,5.1525,5.205,5.12,5.1525
1999-02-16,5.12,5.19,5.12,5.12
1999-02-17,5.25,5.25,5.06,5.19
1999-02-18,5.12,5.19,5.06,5.19
1999-02-19,5.06,5.19,5.0,5.12
1999-02-22,5.19,5.25,5.12,5.12
1999-02-23,5.06,5.31,5.06,5.31
1999-02-24,5.25,5.5,5.12,5.5
1999-02-25,5.5,5.5,5.25,5.25
1999-02-26,5.25,5.38,5.25,5.25
1999-03-01,5.31,5.38,5.25,5.25
1999-03-02,5.5,5.5,5.12,5.12
1999-03-03,5.12,5.44,5.12,5.44
1999-03-04,5.31,5.31,5.12,5.12
1999-03-05,5.12,5.25,5.12,5.12
1999-03-08,5.25,5.25,5.12,5.19
1999-03-09,5.12,5.25,5.12,5.19
1999-03-10,5.19,5.19,5.19,5.19
1999-03-11,5.25,5.25,5.12,5.25
1999-03-12,5.12,5.25,5.12,5.25
1999-03-15,5.12,5.25,5.12,5.25
1999-03-16,5.06,5.31,5.06,5.19
1999-03-17,5.25,5.25,5.12,5.12
1999-03-18,5.25,5.25,5.12,5.12
1999-03-19,5.19,5.19,5.19,5.19
1999-03-22,5.25,5.25,5.12,5.12
1999-03-23,5.06,5.12,4.94,5.0
1999-03-24,5.06,5.06,4.88,4.88
1999-03-25,4.94,4.94,4.94,4.94
1999-03-26,4.88,5.06,4.88,5.06
1999-03-29,4.94,4.94,4.94,4.94
1999-03-30,5.06,5.06,5.06,5.06
1999-03-31,5.06,5.06,5.0,5.06
1999-04-01,5.06,5.06,5.0,5.06
1999-04-02,5.045,5.092499999999999,5.0,5.06
1999-04-05,5.0,5.19,5.0,5.06
1999-04-06,5.0,5.12,5.0,5.12
1999-04-07,5.06,5.12,5.06,5.12
1999-04-08,5.06,5.12,5.0,5.0
1999-04-09,5.0,5.06,5.0,5.0
1999-04-12,5.0,5.12,5.0,5.06
1999-04-13,5.06,5.06,5.0,5.0
1999-04-14,5.0,5.0,4.94,5.0
1999-04-15,4.94,5.0,4.94,4.94
1999-04-16,5.0,5.0,4.94,4.94
1999-04-19,5.0,5.12,5.0,5.06
1999-04-20,5.0,5.12,5.0,5.12
1999-04-21,5.12,5.12,4.94,5.06
1999-04-22,5.0,5.12,5.0,5.06
1999-04-23,5.12,5.12,5.12,5.12
1999-04-26,5.25,5.38,5.12,5.19
1999-04-27,5.31,5.38,5.25,5.25
1999-04-28,5.38,5.38,5.25,5.31
1999-04-29,5.44,5.44,5.19,5.19
1999-04-30,5.25,5.25,5.12,5.12
1999-05-03,5.19,5.25,5.06,5.12
1999-05-04,5.12,5.25,5.12,5.19
1999-05-05,5.12,5.25,5.12,5.25
1999-05-06,5.25,5.25,5.12,5.12
1999-05-07,5.25,5.25,5.19,5.19
1999-05-10,5.19,5.19,5.06,5.06
1999-05-11,5.06,5.25,5.06,5.25
1999-05-12,5.25,5.31,5.19,5.25
1999-05-13,5.31,5.38,5.25,5.38
1999-05-14,5.38,5.38,5.12,5.19
1999-05-17,5.31,5.31,5.12,5.12
1999-05-18,5.25,5.38,5.25,5.38
1999-05-19,5.19,5.38,5.19,5.31
1999-05-20,5.31,5.31,5.19,5.31
1999-05-21,5.19,5.19,5.19,5.19
1999-05-24,5.31,5.38,5.19,5.31
1999-05-25,5.31,5.31,5.31,5.31
1999-05-26,5.25,5.25,5.25,5.25
1999-05-27,5.38,5.44,5.38,5.38
1999-05-28,5.44,5.44,5.31,5.31
1999-05-31,5.395,5.44,5.265,5.265
1999-06-01,5.38,5.44,5.25,5.25
1999-06-02,5.25,5.25,5.19,5.19
1999-06-03,5.25,5.25,5.25,5.25
1999-06-04,5.19,5.25,5.12,5.25
1999-06-07,5.25,5.25,5.12,5.25
1999-06-08,5.12,5.25,5.12,5.19
1999-06-09,5.12,5.12,5.12,5.12
1999-06-10,5.12,5.25,5.06,5.06
1999-06-11,5.12,5.12,5.12,5.12
1999-06-14,5.0,5.06,5.0,5.06
1999-06-15,5.12,5.12,5.12,5.12
1999-06-16,5.12,5.19,5.06,5.06
1999-06-17,5.12,5.19,5.0,5.12
1999-06-18,5.0,5.19,5.0,5.0
1999-06-21,5.19,5.25,5.12,5.25
1999-06-22,5.19,5.31,5.19,5.19
1999-06-23,5.12,5.19,5.06,5.19
1999-06-24,5.0,5.25,5.0,5.25
1999-06-25,5.25,5.25,5.06,5.06
1999-06-28,5.12,5.19,5.12,5.12
1999-06-29,5.19,5.25,5.12,5.12
1999-06-30,5.19,5.19,5.06,5.19
1999-07-01,5.12,5.25,5.12,5.12
1999-07-02,5.25,5.25,5.12,5.19
1999-07-05,5.1525,5.295,5.12,5.19
1999-07-06,5.12,5.31,5.12,5.19
1999-07-07,5.12,5.25,5.12,5.19
1999-07-08,5.12,5.25,5.12,5.25
1999-07-09,5.31,5.31,5.19,5.19
1999-07-12,5.25,5.31,5.19,5.19
1999-07-13,5.19,5.31,5.19,5.31
1999-07-14,5.19,5.19,5.19,5.19
1999-07-15,5.19,5.19,5.12,5.19
1999-07-16,5.12,5.31,5.12,5.31
1999-07-19,5.31,5.31,5.25,5.31
1999-07-20,5.25,5.31,5.19,5.25
1999-07-21,5.31,5.31,5.31,5.31
1999-07-22,5.31,5.31,5.19,5.19
1999-07-23,5.12,5.25,5.12,5.25
1999-07-26,5.25,5.25,5.25,5.25
1999-07-27,5.19,5.25,5.19,5.19
1999-07-28,5.19,5.31,5.19,5.25
1999-07-29,5.31,5.31,5.31,5.31
1999-07-30,5.25,5.25,5.25,5.25
1999-08-02,5.25,5.25,5.25,5.25
1999-08-03,5.19,5.25,5.12,5.25
1999-08-04,5.25,5.25,5.12,5.25
1999-08-05,5.12,5.12,5.06,5.06
1999-08-06,5.19,5.19,5.0,5.0
1999-08-09,5.0,5.0,5.0,5.0
1999-08-10,5.0,5.19,5.0,5.19
1999-08-11,5.06,5.19,5.06,5.19
1999-08-12,5.0,5.06,4.75,5.06
1999-08-13,5.0,5.06,4.94,5.06
1999-08-16,5.0,5.06,4.94,5.0
1999-08-17,5.06,5.12,5.0,5.12
1999-08-18,5.0,5.0,5.0,5.0
1999-08-19,5.0,5.0,4.94,4.94
1999-08-20,4.94,5.06,4.94,4.94
1999-08-23,5.0,5.0,4.94,4.94
1999-08-24,4.94,5.0,4.94,4.94
1999-08-25,4.94,5.06,4.94,4.94
1999-08-26,5.0,5.0,4.94,4.94
1999-08-27,4.94,5.0,4.94,4.94
1999-08-30,5.0,5.0,4.94,5.0
1999-08-31,4.94,5.0,4.94,4.94
1999-09-01,5.0,5.0,5.0,5.0
1999-09-02,4.94,5.0,4.94,5.0
1999-09-03,5.0,5.0,4.94,4.94
1999-09-06,4.955,5.0,4.94,4.94
1999-09-07,4.94,5.0,4.94,4.94
1999-09-08,4.94,5.0,4.94,4.94
1999-09-09,4.94,5.0,4.94,5.0
1999-09-10,4.94,5.0,4.94,4.94
1999-09-13,5.0,5.0,4.94,4.94
1999-09-14,4.94,5.0,4.94,5.0
1999-09-15,4.88,5.0,4.88,5.0
1999-09-16,5.0,5.0,5.0,5.0
1999-09-17,4.94,5.0,4.94,5.0
1999-09-20,5.0,5.0,5.0,5.0
1999-09-21,5.0,5.0,4.88,4.88
1999-09-22,5.0,5.0,4.94,4.94
1999-09-23,4.94,4.94,4.94,4.94
1999-09-24,4.94,4.94,4.88,4.94
1999-09-27,4.94,4.94,4.88,4.88
1999-09-28,4.81,4.81,4.81,4.81
1999-09-29,4.88,4.88,4.81,4.88
1999-09-30,4.88,4.88,4.81,4.81
1999-10-01,4.88,5.0,4.81,4.81
1999-10-04,4.94,4.94,4.88,4.94
1999-10-05,4.75,4.94,4.75,4.88
1999-10-06,4.88,4.88,4.75,4.81
1999-10-07,4.75,4.75,4.75,4.75
1999-10-08,4.88,4.94,4.75,4.75
1999-10-11,4.69,5.0,4.69,4.81
1999-10-12,4.81,4.88,4.75,4.81
1999-10-13,4.81,4.81,4.75,4.75
1999-10-14,4.75,4.75,4.75,4.75
1999-10-15,4.75,4.75,4.69,4.75
1999-10-18,4.75,4.75,4.62,4.62
1999-10-19,4.62,4.69,4.62,4.62
1999-10-20,4.62,4.69,4.62,4.62
1999-10-21,4.56,4.62,4.5,4.62
1999-10-22,4.56,4.69,4.5,4.56
1999-10-25,4.56,4.62,4.56,4.62
1999-10-26,4.69,4.69,4.5,4.5
1999-10-27,4.62,4.69,4.56,4.56
1999-10-28,4.62,4.69,4.56,4.69
1999-10-29,4.69,4.69,4.56,4.69
1999-11-01,4.75,4.75,4.62,4.75
1999-11-02,4.75,4.75,4.56,4.75
1999-11-03,4.75,4.75,4.69,4.69
1999-11-04,4.75,4.81,4.62,4.81
1999-11-05,4.69,4.75,4.69,4.75
1999-11-08,4.69,4.81,4.69,4.81
1999-11-09,4.75,4.75,4.69,4.75
1999-11-10,4.75,4.88,4.75,4.88
1999-11-11,4.81,4.94,4.69,4.75
1999-11-12,4.75,4.88,4.75,4.88
1999-11-15,4.81,4.88,4.81,4.81
1999-11-16,4.81,4.81,4.75,4.75
1999-11-17,4.88,4.88,4.75,4.88
1999-11-18,4.75,4.88,4.69,4.88
1999-11-19,4.75,4.88,4.75,4.75
1999-11-22,4.75,4.81,4.75,4.81
1999-11-23,4.75,4.75,4.69,4.69
1999-11-24,4.69,4.69,4.69,4.69
1999-11-25,4.655,4.69,4.625,4.625
1999-11-26,4.62,4.69,4.56,4.56
1999-11-29,4.56,4.75,4.56,4.75
1999-11-30,4.75,4.75,4.56,4.56
1999-12-01,4.56,4.69,4.56,4.56
1999-12-02,4.62,4.62,4.56,4.56
1999-12-03,4.56,4.62,4.56,4.56
1999-12-06,4.62,4.62,4.5,4.56
1999-12-07,4.56,4.62,4.56,4.56
1999-12-08,4.56,4.62,4.5,4.5
1999-12-09,4.5,4.69,4.5,4.5
1999-12-10,4.5,4.5,4.5,4.5
1999-12-13,4.56,4.62,4.56,4.56
1999-12-14,4.38,4.62,4.38,4.44
1999-12-15,4.38,4.5,4.38,4.5
1999-12-16,4.5,4.5,4.38,4.38
1999-12-17,4.31,4.44,4.19,4.25
1999-12-20,4.25,4.38,4.19,4.25
1999-12-21,4.38,4.38,4.25,4.25
1999-12-22,4.12,4.38,4.12,4.31
1999-12-23,4.44,4.44,4.25,4.25
1999-12-24,4.44,4.485,4.2825,4.3125
1999-12-27,4.44,4.62,4.38,4.5
1999-12-28,4.62,4.62,4.44,4.5
1999-12-29,4.38,4.5,4.25,4.44
1999-12-30,4.38,4.69,4.38,4.38
1999-12-31,4.5,4.5,4.38,4.44
2000-01-03,4.5,4.5,4.31,4.5
2000-01-04,4.38,4.5,4.38,4.44
2000-01-05,4.38,4.44,4.38,4.38
2000-01-06,4.38,4.5,4.38,4.44
2000-01-07,4.44,4.5,4.44,4.5
2000-01-10,4.44,4.5,4.44,4.44
2000-01-11,4.5,4.5,4.38,4.44
2000-01-12,4.38,4.5,4.38,4.38
2000-01-13,4.38,4.5,4.31,4.44
2000-01-14,4.31,4.44,4.31,4.44
2000-01-17,4.265,4.395,4.265,4.342499999999999
2000-01-18,4.25,4.38,4.25,4.31
2000-01-19,4.31,4.44,4.31,4.38
2000-01-20,4.31,4.44,4.25,4.38
2000-01-21,4.44,4.44,4.38,4.38
2000-01-24,4.31,4.44,4.31,4.44
2000-01-25,4.44,4.44,4.38,4.44
2000-01-26,4.44,4.44,4.38,4.44
2000-01-27,4.38,4.38,4.31,4.38
2000-01-28,4.31,4.31,4.31,4.31
2000-01-31,4.38,4.44,4.31,4.44
2000-02-01,4.44,4.44,4.44,4.44
2000-02-02,4.31,4.44,4.31,4.38
2000-02-03,4.44,4.62,4.44,4.62
2000-02-04,4.56,4.56,4.56,4.56
2000-02-07,4.62,4.69,4.5,4.62
2000-02-08,4.69,4.69,4.56,4.56
2000-02-09,4.56,4.62,4.5,4.62
2000-02-10,4.5,4.56,4.44,4.44
2000-02-11,4.44,4.56,4.44,4.56
2000-02-14,4.56,4.62,4.44,4.44
2000-02-15,4.5,4.5,4.44,4.44
2000-02-16,4.44,4.44,4.44,4.44
2000-02-17,4.44,4.62,4.44,4.44
2000-02-18,4.44,4.56,4.44,4.44
2000-02-21,4.395,4.515,4.395,4.485
2000-02-22,4.38,4.5,4.38,4.5
2000-02-23,4.5,4.5,4.5,4.5
2000-02-24,4.5,4.56,4.38,4.56
2000-02-25,4.44,4.5,4.44,4.44
2000-02-28,4.44,4.44,4.44,4.44
2000-02-29,4.56,4.56,4.5,4.5
2000-03-01,4.56,4.56,4.44,4.44
2000-03-02,4.44,4.5,4.44,4.44
2000-03-03,4.44,4.5,4.38,4.5
2000-03-06,4.44,4.5,4.38,4.5
2000-03-07,4.5,4.5,4.5,4.5
2000-03-08,4.38,4.5,4.31,4.44
2000-03-09,4.56,4.56,4.31,4.31
2000-03-10,4.31,4.44,4.31,4.38
2000-03-13,4.38,4.5,4.38,4.44
2000-03-14,4.44,4.56,4.44,4.56
2000-03-15,4.38,4.5,4.31,4.5
2000-03-16,4.5,4.5,4.38,4.38
2000-03-17,4.44,4.5,4.44,4.44
2000-03-20,4.38,4.38,4.38,4.38
2000-03-21,4.5,4.5,4.38,4.5
2000-03-22,4.38,4.44,4.31,4.38
2000-03-23,4.44,4.44,4.31,4.38
2000-03-24,4.38,4.38,4.38,4.38
2000-03-27,4.44,4.44,4.38,4.38
2000-03-28,4.44,4.44,4.38,4.44
2000-03-29,4.44,4.44,4.44,4.44
2000-03-30,4.5,4.5,4.31,4.31
2000-03-31,4.44,4.44,4.38,4.38
2000-04-03,4.5,4.5,4.38,4.38
2000-04-04,4.5,4.5,4.38,4.38
2000-04-05,4.44,4.44,4.44,4.44
2000-04-06,4.44,4.5,4.38,4.5
2000-04-07,4.5,4.5,4.38,4.5
2000-04-10,4.38,4.62,4.38,4.62
2000-04-11,4.62,4.62,4.5,4.62
2000-04-12,4.62,4.62,4.5,4.5
2000-04-13,4.5,4.5,4.38,4.38
2000-04-14,4.38,4.44,4.38,4.44
2000-04-17,4.31,4.38,4.31,4.38
2000-04-18,4.38,4.38,4.31,4.31
2000-04-19,4.44,4.44,4.31,4.38
2000-04-20,4.31,4.38,4.31,4.31
2000-04-21,4.3275,4.38,4.31,4.31
2000-04-24,4.38,4.38,4.31,4.31
2000-04-25,4.38,4.5,4.38,4.5
2000-04-26,4.38,4.5,4.38,4.5
2000-04-27,4.38,4.38,4.38,4.38
2000-04-28,4.44,4.5,4.38,4.38
2000-05-01,4.5,4.5,4.38,4.44
2000-05-02,4.5,4.5,4.5,4.5
2000-05-03,4.5,4.5,4.38,4.5
2000-05-04,4.5,4.5,4.44,4.44
2000-05-05,4.44,4.5,4.38,4.5
2000-05-08,4.38,4.5,4.38,4.44
2000-05-09,4.5,4.56,4.44,4.56
2000-05-10,4.44,4.44,4.44,4.44
2000-05-11,4.38,4.38,4.38,4.38
2000-05-12,4.38,4.44,4.38,4.38
2000-05-15,4.38,4.44,4.31,4.31
2000-05-16,4.31,4.44,4.31,4.38
2000-05-17,4.31,4.31,4.31,4.31
2000-05-18,4.44,4.44,4.31,4.38
2000-05-19,4.31,4.38,4.31,4.38
2000-05-22,4.44,4.44,4.31,4.38
2000-05-23,4.38,4.44,4.38,4.44
2000-05-24,4.44,4.44,4.38,4.38
2000-05-25,4.31,4.44,4.31,4.38
2000-05-26,4.31,4.44,4.31,4.44
2000-05-29,4.4525,4.529999999999999,4.3625,4.395
2000-05-30,4.5,4.56,4.38,4.38
2000-05-31,4.44,4.44,4.31,4.31
2000-06-01,4.44,4.5,4.31,4.38
2000-06-02,4.44,4.5,4.44,4.5
2000-06-05,4.5,4.75,4.5,4.69
2000-06-06,4.69,4.69,4.56,4.56
2000-06-07,4.56,4.56,4.5,4.5
2000-06-08,4.5,4.5,4.5,4.5
2000-06-09,4.5,4.5,4.44,4.44
2000-06-12,4.44,4.56,4.44,4.56
2000-06-13,4.62,4.62,4.5,4.62
2000-06-14,4.62,4.62,4.5,4.5
2000-06-15,4.5,4.56,4.5,4.5
2000-06-16,4.56,4.56,4.5,4.5
2000-06-19,4.5,4.5,4.5,4.5
2000-06-20,4.5,4.62,4.44,4.62
2000-06-21,4.62,4.62,4.56,4.56
2000-06-22,4.56,4.56,4.56,4.56
2000-06-23,4.62,4.69,4.56,4.56
2000-06-26,4.56,4.69,4.56,4.69
2000-06-27,4.69,4.69,4.62,4.69
2000-06-28,4.69,4.81,4.69,4.81
2000-06-29,4.69,4.75,4.69,4.75
2000-06-30,4.75,4.81,4.69,4.69
2000-07-03,4.69,4.75,4.69,4.75
2000-07-04,4.720000000000001,4.75,4.69,4.72
2000-07-05,4.75,4.75,4.69,4.69
2000-07-06,4.69,4.75,4.69,4.75
2000-07-07,4.62,4.69,4.62,4.69
2000-07-10,4.69,4.75,4.69,4.69
2000-07-11,4.81,4.88,4.81,4.88
2000-07-12,4.75,4.81,4.75,4.75
2000-07-13,4.75,4.75,4.62,4.69
2000-07-14,4.69,4.75,4.69,4.75
2000-07-17,4.88,4.88,4.69,4.69
2000-07-18,4.69,4.75,4.62,4.75
2000-07-19,4.69,4.81,4.62,4.69
2000-07-20,4.75,4.88,4.62,4.62
2000-07-21,4.62,4.62,4.62,4.62
2000-07-24,4.75,4.88,4.62,4.69
2000-07-25,4.69,4.75,4.62,4.69
2000-07-26,4.75,4.75,4.62,4.62
2000-07-27,4.62,4.62,4.62,4.62
2000-07-28,4.75,4.75,4.62,4.62
2000-07-31,4.75,4.75,4.62,4.69
2000-08-01,4.62,4.81,4.62,4.81
2000-08-02,4.81,4.81,4.75,4.81
2000-08-03,4.69,4.81,4.69,4.75
2000-08-04,4.69,4.75,4.69,4.75
2000-08-07,4.75,4.81,4.62,4.62
2000-08-08,4.69,4.75,4.62,4.75
2000-08-09,4.81,4.94,4.75,4.75
2000-08-10,4.81,4.94,4.81,4.94
2000-08-11,4.88,4.94,4.81,4.94
2000-08-14,4.94,4.94,4.75,4.94
2000-08-15,4.94,4.94,4.81,4.81
2000-08-16,4.88,4.94,4.88,4.94
2000-08-17,4.94,4.94,4.81,4.81
2000-08-18,4.88,4.94,4.81,4.94
2000-08-21,4.88,4.94,4.81,4.88
2000-08-22,4.88,4.88,4.81,4.88
2000-08-23,4.81,4.88,4.81,4.88
2000-08-24,4.75,4.81,4.75,4.81
2000-08-25,4.81,4.81,4.81,4.81
2000-08-28,4.88,4.88,4.75,4.75
2000-08-29,4.75,4.75,4.75,4.75
2000-08-30,4.75,4.75,4.56,4.62
2000-08-31,4.75,4.75,4.69,4.69
2000-09-01,4.88,4.88,4.69,4.75
2000-09-04,4.8275,4.8275,4.69,4.795
2000-09-05,4.81,4.81,4.69,4.81
2000-09-06,4.75,4.81,4.75,4.81
2000-09-07,4.81,4.81,4.69,4.69
2000-09-08,4.81,4.81,4.81,4.81
2000-09-11,4.81,4.81,4.69,4.81
2000-09-12,4.88,4.94,4.88,4.94
2000-09-13,4.88,4.94,4.88,4.94
2000-09-14,4.94,5.06,4.88,5.0
2000-09-15,4.94,5.0,4.88,4.88
2000-09-18,4.88,5.0,4.81,4.88
2000-09-19,4.88,5.12,4.88,5.0
2000-09-20,5.12,5.12,4.94,5.0
2000-09-21,4.94,5.12,4.94,5.06
2000-09-22,5.06,5.06,5.0,5.0
2000-09-25,4.88,5.06,4.88,5.06
2000-09-26,5.06,5.06,5.06,5.06
2000-09-27,5.0,5.12,4.88,4.88
2000-09-28,5.0,5.0,4.94,4.94
2000-09-29,5.06,5.06,4.94,5.06
2000-10-02,5.12,5.12,4.94,5.0
2000-10-03,5.12,5.12,4.88,4.88
2000-10-04,4.81,4.88,4.81,4.81
2000-10-05,4.94,4.94,4.81,4.81
2000-10-06,4.94,4.94,4.75,4.81
2000-10-09,4.81,4.88,4.62,4.75
2000-10-10,4.69,4.81,4.69,4.81
2000-10-11,4.75,4.81,4.75,4.75
2000-10-12,4.81,4.81,4.69,4.69
2000-10-13,4.69,4.69,4.62,4.62
2000-10-16,4.62,4.69,4.62,4.62
2000-10-17,4.62,4.62,4.62,4.62
2000-10-18,4.62,4.75,4.5,4.5
2000-10-19,4.62,4.69,4.56,4.56
2000-10-20,4.56,4.56,4.56,4.56
2000-10-23,4.5,4.56,4.5,4.56
2000-10-24,4.62,4.62,4.44,4.5
2000-10-25,4.5,4.56,4.31,4.38
2000-10-26,4.38,4.5,4.38,4.5
2000-10-27,4.44,4.56,4.38,4.56
2000-10-30,4.56,4.56,4.5,4.5
2000-10-31,4.5,4.5,4.38,4.5
2000-11-01,4.62,4.62,4.5,4.56
2000-11-02,4.62,4.69,4.62,4.62
2000-11-03,4.75,4.75,4.75,4.75
2000-11-06,4.75,4.75,4.62,4.75
2000-11-07,4.75,4.75,4.75,4.75
2000-11-08,4.75,4.75,4.62,4.75
2000-11-09,4.62,4.62,4.62,4.62
2000-11-10,4.69,4.75,4.69,4.75
2000-11-13,4.81,4.81,4.75,4.75
2000-11-14,4.88,4.88,4.75,4.75
2000-11-15,4.75,4.81,4.75,4.81
2000-11-16,4.75,4.75,4.75,4.75
2000-11-17,4.69,4.81,4.69,4.81
2000-11-20,4.62,4.75,4.56,4.75
2000-11-21,4.88,4.88,4.5,4.56
2000-11-22,4.69,4.75,4.62,4.62
2000-11-23,4.625,4.6850000000000005,4.59,4.62
2000-11-24,4.56,4.62,4.56,4.62
2000-11-27,4.69,4.69,4.62,4.62
2000-11-28,4.69,4.75,4.69,4.69
2000-11-29,4.75,4.75,4.75,4.75
2000-11-30,4.75,4.75,4.75,4.75
2000-12-01,4.75,4.75,4.75,4.75
2000-12-04,4.69,4.75,4.62,4.62
2000-12-05,4.75,4.75,4.56,4.56
2000-12-06,4.56,4.75,4.56,4.75
2000-12-07,4.62,4.75,4.62,4.75
2000-12-08,4.75,4.75,4.62,4.75
2000-12-11,4.62,4.75,4.62,4.75
2000-12-12,4.62,4.62,4.62,4.62
2000-12-13,4.62,4.69,4.5,4.56
2000-12-14,4.5,4.62,4.5,4.56
2000-12-15,4.56,4.62,4.5,4.62
2000-12-18,4.56,4.75,4.56,4.75
2000-12-19,4.75,4.75,4.56,4.56
2000-12-20,4.75,4.75,4.5,4.62
2000-12-21,4.5,4.62,4.5,4.5
2000-12-22,4.5,4.56,4.5,4.56
2000-12-25,4.545,4.657500000000001,4.545,4.605
2000-12-26,4.56,4.69,4.56,4.62
2000-12-27,4.62,4.62,4.62,4.62
2000-12-28,4.75,4.75,4.62,4.62
2000-12-29,4.88,4.88,4.62,4.69
2001-01-01,4.737500000000001,4.7825,4.62,4.735
2001-01-02,4.69,4.75,4.62,4.75
2001-01-03,4.81,4.88,4.69,4.88
2001-01-04,4.88,4.88,4.75,4.81
2001-01-05,4.88,4.88,4.81,4.88
2001-01-08,4.88,4.88,4.75,4.75
2001-01-09,4.88,4.88,4.81,4.88
2001-01-10,4.88,4.88,4.81,4.81
2001-01-11,4.81,4.94,4.81,4.94
2001-01-12,4.94,5.0,4.94,5.0
2001-01-15,4.985,5.0,4.94,4.955
2001-01-16,5.0,5.0,4.94,4.94
2001-01-17,5.0,5.0,5.0,5.0
2001-01-18,5.0,5.0,4.94,5.0
2001-01-19,5.0,5.0,5.0,5.0
2001-01-22,4.88,5.0,4.88,5.0
2001-01-23,5.0,5.0,4.88,4.88
2001-01-24,5.0,5.0,5.0,5.0
2001-01-25,5.0,5.0,4.88,4.88
2001-01-26,4.88,5.12,4.88,5.12
2001-01-29,5.15,5.18,5.13,5.18
2001-01-30,5.17,5.18,5.01,5.01
2001-01-31,5.08,5.09,5.05,5.05
2001-02-01,5.05,5.22,5.05,5.2
2001-02-02,5.2,5.21,5.19,5.2
2001-02-05,5.2,5.4,5.15,5.15
2001-02-06,5.2,5.2,5.15,5.2
2001-02-07,5.15,5.2,5.1,5.1
2001-02-08,5.2,5.2,5.12,5.12
2001-02-09,5.13,5.16,5.1,5.16
2001-02-12,5.1,5.13,5.1,5.1
2001-02-13,5.13,5.13,5.09,5.1
2001-02-14,5.12,5.14,5.12,5.13
2001-02-15,5.12,5.14,5.11,5.14
2001-02-16,5.14,5.27,5.14,5.26
2001-02-19,5.08,5.2175,5.0725,5.215
2001-02-20,5.06,5.2,5.05,5.2
2001-02-21,5.25,5.26,5.15,5.2
2001-02-22,5.18,5.18,5.06,5.17
2001-02-23,5.17,5.17,5.05,5.1
2001-02-26,5.22,5.29,5.11,5.11
2001-02-27,5.2,5.3,5.15,5.15
2001-02-28,5.15,5.15,5.1,5.1
2001-03-01,5.24,5.24,5.11,5.18
2001-03-02,5.24,5.24,5.11,5.11
2001-03-05,5.11,5.25,5.11,5.25
2001-03-06,5.3,5.35,5.2,5.34
2001-03-07,5.3,5.3,5.24,5.27
2001-03-08,6.5,6.5,5.41,5.41
2001-03-09,5.45,5.45,5.33,5.33
2001-03-12,5.16,5.24,5.1,5.12
2001-03-13,5.13,5.23,5.11,5.23
2001-03-14,5.1,5.22,5.0,5.19
2001-03-15,5.19,5.28,5.12,5.2
2001-03-16,5.3,5.3,5.02,5.15
2001-03-19,5.13,5.25,5.13,5.2
2001-03-20,5.2,5.3,5.2,5.3
2001-03-21,5.2,5.29,5.2,5.21
2001-03-22,5.2,5.2,5.2,5.2
2001-03-23,5.2,5.2,5.11,5.11
2001-03-26,5.1,5.1,5.08,5.1
2001-03-27,5.1,5.1,5.08,5.08
2001-03-28,5.0,5.0,4.99,5.0
2001-03-29,5.02,5.05,5.0,5.05
2001-03-30,5.02,5.3,5.0,5.25
2001-04-02,5.25,5.25,5.05,5.07
2001-04-03,5.05,5.05,4.81,4.85
2001-04-04,4.9,4.95,4.81,4.81
2001-04-05,4.85,5.25,4.84,5.2
2001-04-06,5.17,5.17,5.1,5.14
2001-04-09,5.14,5.14,5.02,5.02
2001-04-10,5.12,5.13,5.1,5.1
2001-04-11,5.05,5.05,4.8,4.9
2001-04-12,4.95,4.97,4.93,4.97
2001-04-13,4.955,4.9925,4.9399999999999995,4.9925
2001-04-16,4.97,5.06,4.97,5.06
2001-04-17,5.05,5.05,4.91,5.03
2001-04-18,4.93,5.03,4.91,4.96
2001-04-19,5.13,5.13,4.94,4.95
2001-04-20,4.95,4.95,4.95,4.95
2001-04-23,4.95,4.95,4.95,4.95
2001-04-24,4.94,5.0,4.94,5.0
2001-04-25,5.05,5.08,5.0,5.01
2001-04-26,5.1,5.1,5.02,5.02
2001-04-27,5.02,5.08,5.02,5.08
2001-04-30,5.03,5.1,5.03,5.08
2001-05-01,5.14,5.14,5.04,5.05
2001-05-02,5.03,5.05,5.03,5.05
2001-05-03,5.05,5.05,4.96,5.05
2001-05-04,5.0,5.05,5.0,5.01
2001-05-07,5.0,5.09,5.0,5.09
2001-05-08,5.1,5.12,5.01,5.12
2001-05-09,5.14,5.15,5.07,5.15
2001-05-10,5.1,5.15,5.01,5.15
2001-05-11,5.06,5.1,5.06,5.06
2001-05-14,5.1,5.1,5.1,5.1
2001-05-15,5.06,5.1,5.06,5.09
2001-05-16,5.07,5.1,5.07,5.08
2001-05-17,5.07,5.1,5.06,5.1
2001-05-18,5.0,5.03,5.0,5.03
2001-05-21,5.03,5.1,5.03,5.06
2001-05-22,5.06,5.07,5.06,5.06
2001-05-23,5.04,5.09,5.03,5.07
2001-05-24,5.03,5.1,5.02,5.02
2001-05-25,5.1,5.15,5.08,5.08
2001-05-28,5.0325,5.1425,5.0275,5.095
2001-05-29,5.01,5.14,5.01,5.1
2001-05-30,5.14,5.15,5.09,5.13
2001-05-31,5.07,5.11,5.06,5.11
2001-06-01,5.11,5.14,5.07,5.14
2001-06-04,5.12,5.24,5.07,5.24
2001-06-05,5.24,5.24,5.13,5.16
2001-06-06,5.25,5.25,5.15,5.15
2001-06-07,5.4,5.49,5.16,5.4
2001-06-08,5.4,5.4,5.26,5.35
2001-06-11,5.25,5.4,5.25,5.38
2001-06-12,5.35,5.36,5.25,5.35
2001-06-13,5.3,5.3,5.3,5.3
2001-06-14,5.26,5.34,5.25,5.3
2001-06-15,5.3,5.3,5.26,5.3
2001-06-18,5.3,5.3,5.26,5.26
2001-06-19,5.25,5.39,5.25,5.34
2001-06-20,5.34,5.34,5.11,5.25
2001-06-21,5.34,5.34,5.3,5.3
2001-06-22,5.3,5.3,5.18,5.18
2001-06-25,5.18,5.32,5.18,5.31
2001-06-26,5.31,5.31,5.23,5.31
2001-06-27,5.33,5.34,5.33,5.34
2001-06-28,5.34,5.34,5.16,5.27
2001-06-29,5.3,5.3,5.21,5.3
2001-07-02,5.2,5.34,5.2,5.21
2001-07-03,5.23,5.28,5.21,5.28
2001-07-04,5.235,5.3100000000000005,5.225,5.275
2001-07-05,5.24,5.34,5.24,5.27
2001-07-06,5.27,5.34,5.27,5.29
2001-07-09,5.3,5.33,5.26,5.27
2001-07-10,5.26,5.33,5.26,5.33
2001-07-11,5.29,5.32,5.23,5.23
2001-07-12,5.39,5.39,5.17,5.25
2001-07-13,5.33,5.34,5.3,5.3
2001-07-16,5.38,5.38,5.27,5.3
2001-07-17,5.39,5.39,5.32,5.33
2001-07-18,5.35,5.35,5.2,5.2
2001-07-19,5.21,5.34,5.21,5.33
2001-07-20,5.21,5.3,5.21,5.26
2001-07-23,5.26,5.35,5.26,5.3
2001-07-24,5.26,5.3,5.26,5.26
2001-07-25,5.26,5.28,5.26,5.28
2001-07-26,5.25,5.33,5.25,5.26
2001-07-27,5.25,5.3,5.25,5.3
2001-07-30,5.35,5.35,5.22,5.32
2001-07-31,5.32,5.32,5.25,5.25
2001-08-01,5.32,5.32,5.26,5.3
2001-08-02,5.3,5.35,5.26,5.34
2001-08-03,5.22,5.25,5.22,5.22
2001-08-06,5.23,5.35,5.23,5.35
2001-08-07,5.3,5.34,5.3,5.32
2001-08-08,5.33,5.34,5.29,5.3
2001-08-09,5.29,5.29,5.29,5.29
2001-08-10,5.29,5.32,5.29,5.32
2001-08-13,5.32,5.35,5.29,5.32
2001-08-14,5.35,5.35,5.29,5.29
2001-08-15,5.36,5.42,5.36,5.42
2001-08-16,5.35,5.49,5.35,5.4
2001-08-17,5.4,5.49,5.3,5.33
2001-08-20,5.47,5.47,5.35,5.44
2001-08-21,5.44,5.49,5.34,5.49
2001-08-22,5.47,5.5,5.41,5.41
2001-08-23,5.31,5.41,5.3,5.41
2001-08-24,5.4,5.4,5.4,5.4
2001-08-27,5.4,5.4,5.32,5.35
2001-08-28,5.35,5.35,5.32,5.33
2001-08-29,5.33,5.33,5.31,5.31
2001-08-30,5.34,5.34,5.26,5.28
2001-08-31,5.34,5.34,5.33,5.34
2001-09-03,5.295,5.3475,5.2925,5.31
2001-09-04,5.28,5.35,5.28,5.3
2001-09-05,5.32,5.32,5.32,5.32
2001-09-06,5.25,5.27,5.25,5.27
2001-09-07,5.26,5.3,5.26,5.3
2001-09-10,5.31,5.4,5.3,5.3
2001-09-11,5.301428571428571,5.392857142857143,5.292857142857143,5.305714285714285
2001-09-12,5.292857142857143,5.385714285714286,5.285714285714286,5.311428571428571
2001-09-13,5.284285714285714,5.378571428571429,5.2785714285714285,5.317142857142857
2001-09-14,5.275714285714286,5.371428571428571,5.271428571428571,5.322857142857143
2001-09-17,5.25,5.35,5.25,5.34
2001-09-18,5.35,5.35,5.26,5.35
2001-09-19,5.25,5.32,5.25,5.28
2001-09-20,5.25,5.28,5.05,5.09
2001-09-21,5.0,5.0,4.63,4.74
2001-09-24,4.85,5.5,4.85,5.25
2001-09-25,5.25,5.3,4.9,5.2
2001-09-26,5.2,5.2,5.15,5.2
2001-09-27,5.15,5.2,5.11,5.2
2001-09-28,5.25,5.25,5.21,5.23
2001-10-01,5.22,5.25,5.1,5.1
2001-10-02,5.2,5.2,5.15,5.18
2001-10-03,5.09,5.09,5.09,5.09
2001-10-04,5.15,5.19,5.13,5.16
2001-10-05,5.05,5.18,5.05,5.05
2001-10-08,5.14,5.14,5.06,5.14
2001-10-09,5.05,5.05,5.05,5.05
2001-10-10,5.12,5.14,5.12,5.14
2001-10-11,5.14,5.25,5.14,5.25
2001-10-12,5.25,5.25,5.15,5.15
2001-10-15,5.24,5.24,5.1,5.1
2001-10-16,5.15,5.15,5.1,5.1
2001-10-17,5.05,5.3,5.03,5.25
2001-10-18,5.33,5.33,5.25,5.33
2001-10-19,5.33,5.33,5.33,5.33
2001-10-22,5.33,5.33,5.19,5.19
2001-10-23,5.19,5.25,5.19,5.25
2001-10-24,5.23,5.29,5.15,5.29
2001-10-25,5.29,5.3,5.15,5.3
2001-10-26,5.3,5.3,5.3,5.3
2001-10-29,5.2,5.2,5.2,5.2
2001-10-30,5.16,5.16,5.12,5.15
2001-10-31,5.25,5.25,5.12,5.12
2001-11-01,5.12,5.2,5.12,5.2
2001-11-02,5.24,5.24,5.15,5.15
2001-11-05,5.23,5.25,5.15,5.15
2001-11-06,5.19,5.2,5.19,5.2
2001-11-07,5.2,5.25,5.15,5.15
2001-11-08,5.25,5.25,5.11,5.11
2001-11-09,5.19,5.25,5.11,5.11
2001-11-12,5.11,5.13,5.11,5.13
2001-11-13,5.17,5.17,5.12,5.17
2001-11-14,5.24,5.29,5.15,5.15
2001-11-15,5.15,5.25,5.12,5.25
2001-11-16,5.26,5.26,5.2,5.2
2001-11-19,5.13,5.25,5.12,5.23
2001-11-20,5.25,5.25,5.25,5.25
2001-11-21,5.21,5.35,5.21,5.35
2001-11-22,5.26,5.33,5.255,5.324999999999999
2001-11-23,5.31,5.31,5.3,5.3
2001-11-26,5.29,5.33,5.21,5.25
2001-11-27,5.21,5.3,5.21,5.21
2001-11-28,5.21,5.21,5.2,5.2
2001-11-29,5.2,5.2,5.2,5.2
2001-11-30,5.25,5.32,5.21,5.3
2001-12-03,5.22,5.22,5.21,5.21
2001-12-04,5.28,5.28,5.2,5.2
2001-12-05,5.2,5.23,5.2,5.23
2001-12-06,5.19,5.23,5.19,5.19
2001-12-07,5.2,5.2,5.19,5.19
2001-12-10,5.22,5.22,5.12,5.12
2001-12-11,5.13,5.19,5.13,5.19
2001-12-12,5.15,5.16,5.09,5.14
2001-12-13,5.14,5.14,5.08,5.09
2001-12-14,5.08,5.09,5.08,5.09
2001-12-17,5.01,5.09,4.91,5.09
2001-12-18,5.03,5.05,4.95,5.05
2001-12-19,5.07,5.07,4.92,4.92
2001-12-20,4.92,4.94,4.84,4.84
2001-12-21,4.83,4.85,4.83,4.83
2001-12-24,4.94,4.94,4.84,4.9
2001-12-25,4.885,4.96,4.835,4.925000000000001
2001-12-26,4.83,4.98,4.83,4.95
2001-12-27,4.97,4.98,4.86,4.9
2001-12-28,4.91,5.0,4.91,4.92
2001-12-31,4.99,5.01,4.91,4.91
2002-01-01,5.0,5.01,4.915,4.945
2002-01-02,5.01,5.01,4.92,4.98
2002-01-03,4.87,4.96,4.86,4.87
2002-01-04,5.01,5.01,4.9,4.9
2002-01-07,4.92,5.0,4.9,4.95
2002-01-08,4.95,4.95,4.9,4.9
2002-01-09,4.9,4.9,4.9,4.9
2002-01-10,4.95,4.95,4.9,4.94
2002-01-11,4.95,4.95,4.91,4.95
2002-01-14,5.03,5.09,4.95,5.09
2002-01-15,5.13,5.13,5.05,5.05
2002-01-16,5.14,5.14,5.08,5.13
2002-01-17,5.18,5.18,5.08,5.08
2002-01-18,5.15,5.15,5.11,5.15
2002-01-21,5.165,5.165,5.125,5.15
2002-01-22,5.17,5.17,5.13,5.15
2002-01-23,5.15,5.17,5.08,5.14
2002-01-24,5.02,5.12,5.01,5.12
2002-01-25,5.07,5.12,5.07,5.12
2002-01-28,5.14,5.15,5.14,5.15
2002-01-29,5.16,5.17,5.16,5.17
2002-01-30,5.1,5.17,5.1,5.17
2002-01-31,5.17,5.19,5.15,5.19
2002-02-01,5.19,5.19,5.12,5.12
2002-02-04,5.18,5.2,5.18,5.18
2002-02-05,5.2,5.2,5.2,5.2
2002-02-06,5.2,5.2,5.2,5.2
2002-02-07,5.17,5.25,5.17,5.25
2002-02-08,5.25,5.33,5.25,5.33
2002-02-11,5.38,5.48,5.25,5.25
2002-02-12,5.35,5.35,5.21,5.21
2002-02-13,5.3,5.3,5.25,5.3
2002-02-14,5.25,5.33,5.22,5.33
2002-02-15,5.25,5.33,5.25,5.33
2002-02-18,5.25,5.33,5.22,5.3075
2002-02-19,5.25,5.33,5.21,5.3
2002-02-20,5.33,5.34,5.3,5.34
2002-02-21,5.28,5.35,5.28,5.35
2002-02-22,5.25,5.45,5.25,5.45
2002-02-25,5.47,5.47,5.28,5.28
2002-02-26,5.24,5.28,5.24,5.28
2002-02-27,5.29,5.3,5.17,5.3
2002-02-28,5.3,5.3,5.2,5.25
2002-03-01,5.25,5.25,5.16,5.16
2002-03-04,5.17,5.25,5.17,5.17
2002-03-05,5.18,5.25,5.18,5.25
2002-03-06,5.28,5.28,5.25,5.25
2002-03-07,5.18,5.34,5.18,5.33
2002-03-08,5.25,5.32,5.25,5.32
2002-03-11,5.26,5.26,5.26,5.26
2002-03-12,5.3,5.3,5.26,5.26
2002-03-13,5.11,5.15,4.97,5.15
2002-03-14,5.15,5.15,5.08,5.08
2002-03-15,5.08,5.14,5.08,5.08
2002-03-18,5.05,5.12,5.05,5.06
2002-03-19,5.06,5.06,5.06,5.06
2002-03-20,5.06,5.06,5.06,5.06
2002-03-21,5.06,5.1,5.06,5.1
2002-03-22,5.1,5.14,5.1,5.12
2002-03-25,5.19,5.19,5.06,5.06
2002-03-26,5.15,5.15,5.1,5.12
2002-03-27,5.1,5.15,5.05,5.15
2002-03-28,5.2,5.2,5.1,5.1
2002-03-29,5.1925,5.1925,5.115,5.115
2002-04-01,5.17,5.17,5.16,5.16
2002-04-02,5.17,5.17,5.07,5.08
2002-04-03,5.12,5.12,5.07,5.11
2002-04-04,5.1,5.1,5.1,5.1
2002-04-05,5.11,5.18,5.11,5.18
2002-04-08,5.2,5.2,5.07,5.18
2002-04-09,5.07,5.1,5.07,5.1
2002-04-10,5.15,5.15,5.07,5.07
2002-04-11,5.15,5.15,5.07,5.15
2002-04-12,5.07,5.16,5.07,5.16
2002-04-15,5.1,5.2,5.08,5.08
2002-04-16,5.07,5.16,5.07,5.1
2002-04-17,5.08,5.22,5.07,5.16
2002-04-18,5.12,5.15,5.1,5.1
2002-04-19,5.08,5.16,5.07,5.15
2002-04-22,5.15,5.24,5.1,5.23
2002-04-23,5.12,5.14,5.12,5.13
2002-04-24,5.23,5.23,5.2,5.2
2002-04-25,5.23,5.24,5.22,5.23
2002-04-26,5.24,5.24,5.16,5.16
2002-04-29,5.13,5.19,5.11,5.13
2002-04-30,5.19,5.25,5.16,5.2
2002-05-01,5.15,5.24,5.15,5.24
2002-05-02,5.17,5.25,5.17,5.25
2002-05-03,5.25,5.25,5.22,5.25
2002-05-06,5.23,5.24,5.17,5.24
2002-05-07,5.24,5.24,5.17,5.17
2002-05-08,5.17,5.23,5.17,5.23
2002-05-09,5.23,5.25,5.18,5.24
2002-05-10,5.25,5.25,5.19,5.19
2002-05-13,5.24,5.25,5.18,5.25
2002-05-14,5.25,5.26,5.25,5.26
2002-05-15,5.2,5.27,5.2,5.27
2002-05-16,5.21,5.3,5.2,5.3
2002-05-17,5.28,5.33,5.23,5.33
2002-05-20,5.33,5.7,5.21,5.23
2002-05-21,5.31,5.31,5.3,5.3
2002-05-22,5.3,5.3,5.2,5.25
2002-05-23,5.29,5.46,5.24,5.4
2002-05-24,5.35,5.46,5.33,5.46
2002-05-27,5.3875,5.467499999999999,5.3675,5.467499999999999
2002-05-28,5.4,5.47,5.38,5.47
2002-05-29,5.4,5.45,5.4,5.45
2002-05-30,5.42,5.55,5.23,5.54
2002-05-31,5.5,5.5,5.35,5.35
2002-06-03,5.45,5.45,5.3,5.44
2002-06-04,5.35,5.45,5.3,5.45
2002-06-05,5.33,5.48,5.3,5.45
2002-06-06,5.4,5.48,5.31,5.35
2002-06-07,5.34,5.42,5.32,5.42
2002-06-10,5.43,5.46,5.43,5.44
2002-06-11,5.44,5.45,5.37,5.37
2002-06-12,5.37,5.37,5.24,5.24
2002-06-13,5.29,5.29,5.21,5.22
2002-06-14,5.18,5.27,5.18,5.26
2002-06-17,5.16,5.25,5.1,5.1
2002-06-18,5.2,5.2,5.1,5.18
2002-06-19,5.18,5.18,5.05,5.05
2002-06-20,5.05,5.14,5.05,5.06
2002-06-21,5.05,5.05,5.0,5.05
2002-06-24,5.05,5.06,5.05,5.05
2002-06-25,5.1,5.1,4.97,4.97
2002-06-26,4.93,4.98,4.85,4.95
2002-06-27,4.86,4.95,4.85,4.95
2002-06-28,4.82,4.92,4.81,4.91
2002-07-01,4.95,5.0,4.9,4.91
2002-07-02,4.83,4.95,4.83,4.85
2002-07-03,4.84,4.84,4.75,4.82
2002-07-04,4.835,4.835,4.75,4.805
2002-07-05,4.83,4.83,4.75,4.79
2002-07-08,4.72,4.83,4.61,4.66
2002-07-09,4.75,4.8,4.67,4.7
2002-07-10,4.7,4.77,4.65,4.77
2002-07-11,4.83,4.83,4.7,4.73
2002-07-12,4.79,4.85,4.79,4.85
2002-07-15,4.85,4.94,4.84,4.85
2002-07-16,4.93,4.93,4.85,4.85
2002-07-17,4.85,4.93,4.8,4.93
2002-07-18,4.92,4.92,4.8,4.9
2002-07-19,4.9,4.9,4.89,4.89
2002-07-22,4.89,4.9,4.81,4.82
2002-07-23,4.82,4.9,4.65,4.65
2002-07-24,4.65,4.9,4.6,4.75
2002-07-25,4.61,4.66,4.61,4.66
2002-07-26,4.7,4.88,4.7,4.88
2002-07-29,4.87,4.87,4.8,4.81
2002-07-30,4.75,4.79,4.75,4.79
2002-07-31,4.79,4.79,4.7,4.7
2002-08-01,4.79,4.8,4.79,4.8
2002-08-02,4.8,4.88,4.8,4.88
2002-08-05,4.88,4.88,4.61,4.62
2002-08-06,4.71,4.71,4.68,4.68
2002-08-07,4.7,4.75,4.7,4.75
2002-08-08,4.86,4.86,4.86,4.86
2002-08-09,4.81,4.81,4.81,4.81
2002-08-12,4.8,4.8,4.71,4.72
2002-08-13,4.7,4.7,4.7,4.7
2002-08-14,4.84,4.86,4.84,4.86
2002-08-15,4.8,4.86,4.8,4.86
2002-08-16,4.87,4.87,4.8,4.8
2002-08-19,4.85,4.88,4.7,4.71
2002-08-20,4.72,4.87,4.72,4.76
2002-08-21,4.84,4.84,4.79,4.8
2002-08-22,4.84,4.84,4.8,4.8
2002-08-23,4.8,4.8,4.79,4.8
2002-08-26,4.8,4.8,4.72,4.75
2002-08-27,4.75,4.75,4.72,4.73
2002-08-28,4.75,4.91,4.75,4.89
2002-08-29,4.9,4.92,4.81,4.81
2002-08-30,4.91,4.92,4.81,4.91
2002-09-02,4.8500000000000005,4.8525,4.825,4.8500000000000005
2002-09-03,4.83,4.83,4.83,4.83
2002-09-04,4.83,4.92,4.82,4.92
2002-09-05,4.92,4.92,4.86,4.92
2002-09-06,4.94,4.94,4.92,4.94
2002-09-09,4.9,4.96,4.83,4.96
2002-09-10,4.96,4.99,4.96,4.96
2002-09-11,4.99,5.0,4.95,4.98
2002-09-12,4.94,4.94,4.67,4.83
2002-09-13,4.85,4.85,4.8,4.8
2002-09-16,4.85,4.88,4.81,4.88
2002-09-17,4.81,4.88,4.8,4.8
2002-09-18,4.88,4.88,4.81,4.85
2002-09-19,4.85,4.85,4.85,4.85
2002-09-20,4.86,4.88,4.86,4.88
2002-09-23,4.81,4.88,4.81,4.83
2002-09-24,4.88,4.88,4.87,4.87
2002-09-25,4.89,4.89,4.83,4.89
2002-09-26,4.83,4.85,4.83,4.83
2002-09-27,4.88,4.88,4.83,4.83
2002-09-30,4.84,4.84,4.8,4.8
2002-10-01,4.8,4.87,4.8,4.81
2002-10-02,4.87,4.87,4.81,4.82
2002-10-03,4.82,4.82,4.75,4.75
2002-10-04,4.78,4.78,4.75,4.75
2002-10-07,4.86,4.86,4.76,4.8
2002-10-08,4.76,4.8,4.75,4.75
2002-10-09,4.65,4.75,4.65,4.7
2002-10-10,4.68,4.68,4.6,4.6
2002-10-11,4.6,4.7,4.6,4.7
2002-10-14,4.6,4.63,4.6,4.61
2002-10-15,4.71,4.78,4.71,4.78
2002-10-16,4.73,4.77,4.65,4.65
2002-10-17,4.75,4.75,4.5,4.6
2002-10-18,4.7,4.7,4.6,4.7
2002-10-21,4.61,4.61,4.6,4.6
2002-10-22,4.62,4.62,4.6,4.6
2002-10-23,4.61,4.61,4.5,4.5
2002-10-24,4.5,4.54,4.5,4.53
2002-10-25,4.58,4.58,4.57,4.58
2002-10-28,4.65,4.65,4.51,4.63
2002-10-29,4.59,4.59,4.35,4.53
2002-10-30,4.55,4.64,4.46,4.6
2002-10-31,4.5,4.69,4.5,4.69
2002-11-01,4.63,4.63,4.61,4.63
2002-11-04,4.68,4.68,4.63,4.63
2002-11-05,4.67,4.68,4.64,4.68
2002-11-06,4.64,4.68,4.64,4.68
2002-11-07,4.6,4.77,4.6,4.77
2002-11-08,4.77,4.77,4.77,4.77
2002-11-11,4.77,4.78,4.66,4.66
2002-11-12,4.77,4.78,4.77,4.78
2002-11-13,4.88,4.88,4.5,4.6
2002-11-14,4.6,4.64,4.6,4.64
2002-11-15,4.6,4.65,4.6,4.6
2002-11-18,4.6,4.6,4.6,4.6
2002-11-19,4.7,4.75,4.6,4.75
2002-11-20,4.75,4.75,4.75,4.75
2002-11-21,4.65,4.7,4.6,4.63
2002-11-22,4.7,4.74,4.64,4.74
2002-11-25,4.79,4.79,4.6,4.79
2002-11-26,4.77,4.77,4.7,4.77
2002-11-27,4.7,4.75,4.6,4.75
2002-11-28,4.680000000000001,4.705,4.63,4.705
2002-11-29,4.66,4.66,4.66,4.66
2002-12-02,4.73,4.75,4.7,4.75
2002-12-03,4.65,4.75,4.65,4.75
2002-12-04,4.79,4.79,4.79,4.79
2002-12-05,4.79,4.79,4.7,4.78
2002-12-06,4.79,4.79,4.7,4.78
2002-12-09,4.7,4.79,4.6,4.79
2002-12-10,4.75,4.75,4.69,4.69
2002-12-11,4.77,4.84,4.77,4.84
2002-12-12,4.65,4.7,4.65,4.65
2002-12-13,4.65,4.7,4.6,4.7
2002-12-16,4.65,4.66,4.65,4.66
2002-12-17,4.6,4.7,4.6,4.61
2002-12-18,4.66,4.74,4.6,4.65
2002-12-19,4.69,4.9,4.69,4.9
2002-12-20,4.82,4.85,4.7,4.7
2002-12-23,4.62,4.79,4.62,4.78
2002-12-24,4.7,4.7,4.63,4.63
2002-12-25,4.6899999999999995,4.7,4.640000000000001,4.640000000000001
2002-12-26,4.68,4.7,4.65,4.65
2002-12-27,4.62,4.73,4.62,4.65
2002-12-30,4.56,4.68,4.56,4.62
2002-12-31,4.67,4.68,4.57,4.6
2003-01-01,4.66,4.705,4.595000000000001,4.665
2003-01-02,4.65,4.73,4.62,4.73
2003-01-03,4.65,4.72,4.65,4.72
2003-01-06,4.74,4.79,4.72,4.79
2003-01-07,4.7,4.84,4.7,4.84
2003-01-08,4.77,4.83,4.77,4.83
2003-01-09,4.76,4.84,4.65,4.84
2003-01-10,4.85,4.85,4.65,4.81
2003-01-13,4.85,4.86,4.8,4.86
2003-01-14,4.9,4.9,4.71,4.84
2003-01-15,4.89,4.89,4.74,4.75
2003-01-16,4.84,4.88,4.74,4.8
2003-01-17,4.72,4.8,4.72,4.8
2003-01-20,4.825,4.845000000000001,4.779999999999999,4.8
2003-01-21,4.86,4.86,4.8,4.8
2003-01-22,4.81,4.87,4.8,4.8
2003-01-23,4.8,4.89,4.8,4.89
2003-01-24,4.86,4.86,4.86,4.86
2003-01-27,4.85,4.86,4.85,4.86
2003-01-28,4.87,4.88,4.87,4.88
2003-01-29,4.85,4.89,4.85,4.89
2003-01-30,4.85,4.89,4.85,4.89
2003-01-31,4.89,5.0,4.89,4.94
2003-02-03,4.99,4.99,4.94,4.99
2003-02-04,4.99,4.99,4.97,4.99
2003-02-05,4.85,4.97,4.85,4.95
2003-02-06,4.95,4.95,4.9,4.9
2003-02-07,4.95,4.95,4.9,4.94
2003-02-10,4.86,4.98,4.86,4.95
2003-02-11,4.99,4.99,4.9,4.95
2003-02-12,4.99,5.0,4.92,4.92
2003-02-13,4.98,4.98,4.9,4.9
2003-02-14,4.85,4.88,4.85,4.87
2003-02-17,4.8875,4.8950000000000005,4.827500000000001,4.84
2003-02-18,4.9,4.9,4.82,4.83
2003-02-19,4.85,4.93,4.85,4.93
2003-02-20,4.95,4.97,4.85,4.95
2003-02-21,4.89,4.95,4.82,4.83
2003-02-24,4.95,4.96,4.9,4.96
2003-02-25,4.83,4.96,4.83,4.96
2003-02-26,4.96,4.96,4.95,4.96
2003-02-27,4.96,5.0,4.88,5.0
2003-02-28,4.91,4.99,4.91,4.99
2003-03-03,4.9,4.99,4.9,4.99
2003-03-04,4.95,4.99,4.9,4.95
2003-03-05,4.98,4.98,4.91,4.91
2003-03-06,4.95,4.95,4.92,4.92
2003-03-07,4.91,4.99,4.91,4.99
2003-03-10,4.98,4.99,4.95,4.95
2003-03-11,4.95,4.97,4.93,4.93
2003-03-12,4.92,4.99,4.92,4.99
2003-03-13,4.93,4.93,4.85,4.85
2003-03-14,4.85,4.95,4.85,4.95
2003-03-17,4.9,4.95,4.87,4.9
2003-03-18,4.94,4.95,4.8,4.8
2003-03-19,4.81,4.86,4.8,4.84
2003-03-20,4.79,4.86,4.79,4.86
2003-03-21,4.86,4.86,4.77,4.77
2003-03-24,4.74,4.86,4.74,4.85
2003-03-25,4.8,4.93,4.78,4.9
2003-03-26,4.9,4.9,4.84,4.84
2003-03-27,4.89,4.9,4.68,4.85
2003-03-28,4.86,4.86,4.79,4.79
2003-03-31,4.85,5.0,4.85,4.91
2003-04-01,4.91,4.95,4.89,4.94
2003-04-02,4.9,4.9,4.72,4.81
2003-04-03,4.72,4.79,4.72,4.79
2003-04-04,4.74,4.82,4.74,4.74
2003-04-07,4.76,4.82,4.76,4.81
2003-04-08,4.76,4.84,4.76,4.84
2003-04-09,4.83,4.85,4.76,4.83
2003-04-10,4.85,4.85,4.81,4.82
2003-04-11,4.86,4.87,4.8,4.86
2003-04-14,4.78,4.86,4.78,4.86
2003-04-15,4.86,4.86,4.8,4.8
2003-04-16,4.85,4.86,4.85,4.86
2003-04-17,4.8,4.86,4.78,4.86
2003-04-18,4.8,4.86,4.785,4.8525
2003-04-21,4.8,4.86,4.8,4.83
2003-04-22,4.81,4.85,4.8,4.85
2003-04-23,4.8,4.87,4.8,4.87
2003-04-24,4.8,4.89,4.8,4.89
2003-04-25,4.84,4.84,4.8,4.8
2003-04-28,4.85,4.88,4.85,4.87
2003-04-29,4.82,4.98,4.82,4.89
2003-04-30,4.89,4.95,4.89,4.95
2003-05-01,4.96,5.0,4.95,4.95
2003-05-02,4.91,5.0,4.87,4.87
2003-05-05,4.9,4.92,4.85,4.92
2003-05-06,4.92,4.92,4.92,4.92
2003-05-07,4.87,4.96,4.86,4.96
2003-05-08,4.99,5.07,4.94,5.07
2003-05-09,5.07,5.1,5.04,5.09
2003-05-12,5.05,5.14,5.05,5.14
2003-05-13,5.17,5.17,5.05,5.07
2003-05-14,5.11,5.17,5.07,5.16
2003-05-15,5.17,5.18,5.11,5.16
2003-05-16,5.12,5.16,5.11,5.11
2003-05-19,5.18,5.18,5.11,5.16
2003-05-20,5.15,5.2,5.11,5.15
2003-05-21,5.18,5.2,5.11,5.18
2003-05-22,5.13,5.2,5.12,5.18
2003-05-23,5.16,5.17,5.1,5.15
2003-05-26,5.175,5.1775,5.1225,5.172499999999999
2003-05-27,5.18,5.18,5.13,5.18
2003-05-28,5.2,5.2,5.14,5.14
2003-05-29,5.15,5.22,5.15,5.22
2003-05-30,5.16,5.18,5.12,5.17
2003-06-02,5.11,5.18,5.1,5.18
2003-06-03,5.12,5.17,5.11,5.11
2003-06-04,5.11,5.17,5.1,5.17
2003-06-05,5.17,5.18,5.11,5.16
2003-06-06,5.14,5.14,5.1,5.14
2003-06-09,5.15,5.15,5.1,5.11
2003-06-10,5.1,5.15,5.1,5.15
2003-06-11,5.15,5.17,5.11,5.17
2003-06-12,5.05,5.05,4.94,4.94
2003-06-13,4.94,5.0,4.91,4.92
2003-06-16,4.91,4.98,4.91,4.91
2003-06-17,4.9,4.95,4.87,4.88
2003-06-18,4.89,4.89,4.85,4.85
2003-06-19,4.86,4.91,4.86,4.91
2003-06-20,4.87,4.95,4.87,4.88
2003-06-23,4.88,4.88,4.81,4.83
2003-06-24,4.86,4.86,4.83,4.83
2003-06-25,4.86,4.95,4.84,4.95
2003-06-26,4.99,4.99,4.82,4.82
2003-06-27,4.88,5.05,4.83,5.05
2003-06-30,5.0,5.0,4.95,4.95
2003-07-01,4.95,5.04,4.88,4.88
2003-07-02,4.95,4.95,4.85,4.93
2003-07-03,4.95,4.95,4.95,4.95
2003-07-04,4.95,4.95,4.9325,4.9325
2003-07-07,4.95,4.95,4.88,4.88
2003-07-08,4.83,4.95,4.82,4.94
2003-07-09,4.89,4.94,4.82,4.82
2003-07-10,4.9,4.9,4.82,4.89
2003-07-11,4.89,4.95,4.85,4.9
2003-07-14,4.8,4.9,4.8,4.9
2003-07-15,4.9,4.94,4.78,4.78
2003-07-16,4.84,4.84,4.74,4.74
2003-07-17,4.68,4.75,4.66,4.72
2003-07-18,4.66,4.78,4.66,4.68
2003-07-21,4.67,4.74,4.66,4.68
2003-07-22,4.68,4.77,4.66,4.67
2003-07-23,4.67,4.78,4.66,4.78
2003-07-24,4.78,4.78,4.78,4.78
2003-07-25,4.78,4.78,4.66,4.68
2003-07-28,4.78,4.78,4.7,4.7
2003-07-29,4.71,4.71,4.61,4.62
2003-07-30,4.61,4.77,4.61,4.77
2003-07-31,4.75,4.75,4.66,4.69
2003-08-01,4.6,4.75,4.6,4.6
2003-08-04,4.5,4.58,4.4,4.55
2003-08-05,4.55,4.62,4.55,4.62
2003-08-06,4.55,4.7,4.55,4.7
2003-08-07,4.61,4.62,4.61,4.61
2003-08-08,4.66,4.78,4.65,4.7
2003-08-11,4.68,4.68,4.68,4.68
2003-08-12,4.68,4.68,4.61,4.63
2003-08-13,4.62,4.73,4.62,4.7
2003-08-14,4.65,4.66,4.6,4.6
2003-08-15,4.68,4.68,4.68,4.68
2003-08-18,4.68,4.68,4.68,4.68
2003-08-19,4.74,4.75,4.6,4.6
2003-08-20,4.64,4.7,4.62,4.7
2003-08-21,4.64,4.65,4.63,4.63
2003-08-22,4.62,4.69,4.62,4.69
2003-08-25,4.69,4.69,4.61,4.62
2003-08-26,4.61,4.66,4.6,4.65
2003-08-27,4.68,4.68,4.51,4.6
2003-08-28,4.61,4.61,4.61,4.61
2003-08-29,4.62,4.67,4.62,4.67
2003-09-01,4.6049999999999995,4.67,4.5675,4.58
2003-09-02,4.6,4.67,4.55,4.55
2003-09-03,4.57,4.6,4.55,4.57
2003-09-04,4.59,4.62,4.59,4.62
2003-09-05,4.6,4.65,4.57,4.6
2003-09-08,4.54,4.65,4.54,4.65
2003-09-09,4.63,4.65,4.63,4.65
2003-09-10,4.65,4.68,4.64,4.68
2003-09-11,4.68,4.68,4.66,4.67
2003-09-12,4.64,4.64,4.59,4.59
2003-09-15,4.64,4.64,4.58,4.58
2003-09-16,4.58,4.64,4.58,4.59
2003-09-17,4.65,4.65,4.6,4.6
2003-09-18,4.54,4.64,4.54,4.6
2003-09-19,4.64,4.66,4.6,4.66
2003-09-22,4.62,4.66,4.6,4.65
2003-09-23,4.66,4.68,4.65,4.67
2003-09-24,4.61,4.69,4.6,4.65
2003-09-25,4.62,4.69,4.62,4.69
2003-09-26,4.65,4.65,4.65,4.65
2003-09-29,4.72,4.8,4.65,4.72
2003-09-30,4.72,4.72,4.69,4.69
2003-10-01,4.72,4.75,4.67,4.67
2003-10-02,4.62,4.65,4.62,4.64
2003-10-03,4.64,4.71,4.64,4.71
2003-10-06,4.63,4.69,4.61,4.61
2003-10-07,4.6,4.64,4.6,4.6
2003-10-08,4.6,4.62,4.6,4.62
2003-10-09,4.62,4.63,4.58,4.6
2003-10-10,4.59,4.64,4.55,4.6
2003-10-13,4.7,4.7,4.6,4.66
2003-10-14,4.68,4.7,4.65,4.68
2003-10-15,4.68,4.7,4.6,4.7
2003-10-16,4.65,4.72,4.65,4.72
2003-10-17,4.65,4.66,4.61,4.66
2003-10-20,4.66,4.72,4.66,4.67
2003-10-21,4.69,4.73,4.64,4.65
2003-10-22,4.64,4.7,4.64,4.66
2003-10-23,4.65,4.7,4.64,4.66
2003-10-24,4.64,4.69,4.64,4.65
2003-10-27,4.64,4.68,4.64,4.68
2003-10-28,4.64,4.7,4.64,4.68
2003-10-29,4.68,4.7,4.68,4.7
2003-10-30,4.67,4.75,4.67,4.74
2003-10-31,4.68,4.74,4.68,4.74
2003-11-03,4.69,4.7,4.69,4.69
2003-11-04,4.69,4.69,4.68,4.68
2003-11-05,4.68,4.69,4.65,4.69
2003-11-06,4.66,4.69,4.66,4.69
2003-11-07,4.67,4.68,4.65,4.65
2003-11-10,4.62,4.69,4.62,4.65
2003-11-11,4.62,4.68,4.62,4.68
2003-11-12,4.65,4.74,4.64,4.74
2003-11-13,4.67,4.7,4.66,4.7
2003-11-14,4.7,4.73,4.65,4.68
2003-11-17,4.62,4.7,4.62,4.68
2003-11-18,4.7,4.76,4.68,4.7
2003-11-19,4.7,4.78,4.7,4.74
2003-11-20,4.74,4.76,4.74,4.76
2003-11-21,4.76,4.8,4.75,4.77
2003-11-24,4.76,4.8,4.76,4.78
2003-11-25,4.78,4.78,4.74,4.76
2003-11-26,4.75,4.79,4.71,4.78
2003-11-27,4.755,4.775,4.735,4.77
2003-11-28,4.76,4.76,4.76,4.76
2003-12-01,4.68,4.75,4.68,4.75
2003-12-02,4.78,4.78,4.72,4.72
2003-12-03,4.78,4.79,4.74,4.74
2003-12-04,4.76,4.8,4.76,4.8
2003-12-05,4.86,4.87,4.8,4.85
2003-12-08,4.85,4.85,4.8,4.8
2003-12-09,4.81,4.83,4.8,4.83
2003-12-10,4.82,4.85,4.81,4.83
2003-12-11,4.85,4.91,4.85,4.86
2003-12-12,4.9,4.9,4.89,4.89
2003-12-15,4.86,4.93,4.82,4.82
2003-12-16,4.78,4.8,4.76,4.76
2003-12-17,4.84,4.85,4.78,4.78
2003-12-18,4.88,4.93,4.81,4.81
2003-12-19,4.8,4.89,4.7,4.7
2003-12-22,4.71,4.81,4.7,4.81
2003-12-23,4.85,4.85,4.82,4.82
2003-12-24,4.84,4.84,4.82,4.82
2003-12-25,4.845,4.91,4.835,4.86
2003-12-26,4.85,4.98,4.85,4.9
2003-12-29,4.89,4.99,4.89,4.99
2003-12-30,5.0,5.0,4.96,4.96
2003-12-31,4.99,5.01,4.9,5.01
2004-01-01,5.0,5.01,4.890000000000001,4.9799999999999995
2004-01-02,5.01,5.01,4.88,4.95
2004-01-05,4.95,4.95,4.85,4.86
2004-01-06,4.85,5.0,4.85,4.93
2004-01-07,4.95,5.01,4.95,4.99
2004-01-08,5.03,5.03,4.95,4.95
2004-01-09,4.95,5.02,4.95,5.02
2004-01-12,5.02,5.07,4.98,5.07
2004-01-13,5.07,5.07,5.0,5.01
2004-01-14,5.0,5.07,5.0,5.07
2004-01-15,5.01,5.06,5.01,5.01
2004-01-16,5.01,5.01,4.97,5.01
2004-01-19,4.9725,5.025,4.9625,5.01
2004-01-20,4.96,5.03,4.96,5.01
2004-01-21,5.01,5.05,5.01,5.04
2004-01-22,5.03,5.06,5.01,5.03
2004-01-23,5.08,5.08,5.01,5.02
2004-01-26,5.05,5.06,5.03,5.03
2004-01-27,5.09,5.09,5.01,5.01
2004-01-28,5.03,5.06,5.01,5.01
2004-01-29,5.01,5.06,4.95,5.06
2004-01-30,5.04,5.04,5.0,5.0
2004-02-02,5.01,5.01,4.9,4.95
2004-02-03,4.93,5.03,4.93,5.03
2004-02-04,5.03,5.03,4.99,5.01
2004-02-05,5.01,5.01,5.01,5.01
2004-02-06,5.02,5.03,4.99,5.0
2004-02-09,5.0,5.02,4.97,5.01
2004-02-10,5.03,5.06,5.0,5.06
2004-02-11,5.05,5.07,5.05,5.07
2004-02-12,5.04,5.06,5.01,5.03
2004-02-13,5.0,5.09,5.0,5.08
2004-02-16,5.0675,5.09,5.015,5.0575
2004-02-17,5.09,5.09,5.02,5.05
2004-02-18,5.06,5.07,5.05,5.07
2004-02-19,5.02,5.08,5.02,5.08
2004-02-20,5.02,5.02,5.02,5.02
2004-02-23,5.03,5.05,5.02,5.02
2004-02-24,5.03,5.03,4.99,5.01
2004-02-25,5.05,5.05,4.99,4.99
2004-02-26,5.0,5.0,4.99,5.0
2004-02-27,5.02,5.05,5.02,5.05
2004-03-01,5.03,5.06,4.91,4.98
2004-03-02,4.97,5.01,4.97,5.01
2004-03-03,5.0,5.01,4.99,5.01
2004-03-04,5.0,5.01,5.0,5.01
2004-03-05,5.01,5.05,5.0,5.04
2004-03-08,5.08,5.09,5.07,5.09
2004-03-09,5.08,5.09,5.06,5.07
2004-03-10,5.06,5.09,5.06,5.06
2004-03-11,4.99,5.08,4.99,5.01
2004-03-12,5.0,5.01,4.99,5.01
2004-03-15,4.99,5.01,4.96,5.0
2004-03-16,5.0,5.0,4.96,4.98
2004-03-17,5.0,5.0,4.97,4.97
2004-03-18,4.97,5.02,4.97,5.0
2004-03-19,4.98,5.02,4.98,5.02
2004-03-22,5.01,5.01,4.87,4.9
2004-03-23,4.9,5.0,4.9,4.98
2004-03-24,4.96,4.97,4.87,4.97
2004-03-25,4.97,4.97,4.92,4.92
2004-03-26,4.95,4.97,4.9,4.91
2004-03-29,4.91,4.96,4.91,4.96
2004-03-30,4.92,4.95,4.92,4.92
2004-03-31,4.95,4.97,4.9,4.97
2004-04-01,4.97,5.01,4.92,4.92
2004-04-02,4.94,4.94,4.87,4.88
2004-04-05,4.88,4.88,4.88,4.88
2004-04-06,4.88,4.88,4.65,4.66
2004-04-07,4.7,4.73,4.7,4.73
2004-04-08,4.73,4.9,4.71,4.78
2004-04-09,4.772500000000001,4.9,4.72,4.785
2004-04-12,4.9,4.9,4.75,4.8
2004-04-13,4.86,4.86,4.74,4.78
2004-04-14,4.75,4.75,4.64,4.74
2004-04-15,4.7,4.7,4.56,4.61
2004-04-16,4.55,4.62,4.52,4.53
2004-04-19,4.5,4.55,4.5,4.52
2004-04-20,4.54,4.57,4.5,4.5
2004-04-21,4.42,4.62,4.38,4.6
2004-04-22,4.59,4.59,4.46,4.46
2004-04-23,4.5,4.5,4.47,4.47
2004-04-26,4.5,4.5,4.45,4.48
2004-04-27,4.46,4.47,4.43,4.44
2004-04-28,4.41,4.41,4.28,4.3
2004-04-29,4.3,4.4,4.3,4.4
2004-04-30,4.4,4.42,4.39,4.42
2004-05-03,4.42,4.49,4.42,4.48
2004-05-04,4.5,4.63,4.5,4.59
2004-05-05,4.5,4.66,4.5,4.66
2004-05-06,4.6,4.62,4.6,4.6
2004-05-07,4.59,4.59,4.45,4.48
2004-05-10,4.3,4.37,4.22,4.37
2004-05-11,4.35,4.55,4.35,4.45
2004-05-12,4.54,4.73,4.54,4.68
2004-05-13,4.66,4.66,4.62,4.65
2004-05-14,4.48,4.65,4.48,4.65
2004-05-17,4.7,4.7,4.65,4.7
2004-05-18,4.47,4.76,4.47,4.69
2004-05-19,4.2,4.34,4.2,4.26
2004-05-20,4.3,4.31,4.2,4.23
2004-05-21,4.28,4.29,4.21,4.29
2004-05-24,4.29,4.3,4.27,4.27
2004-05-25,4.27,4.35,4.27,4.28
2004-05-26,4.3,4.33,4.25,4.3
2004-05-27,4.27,4.32,4.15,4.22
2004-05-28,4.24,4.3,4.23,4.28
2004-05-31,4.285,4.3,4.2675,4.2875
2004-06-01,4.3,4.3,4.28,4.29
2004-06-02,4.27,4.28,4.27,4.28
2004-06-03,4.26,4.33,4.26,4.3
2004-06-04,4.29,4.36,4.29,4.34
2004-06-07,4.24,4.37,4.24,4.3
2004-06-08,4.32,4.36,4.25,4.33
2004-06-09,4.27,4.37,4.27,4.37
2004-06-10,4.35,4.39,4.28,4.39
2004-06-11,4.305,4.35,4.2525,4.35
2004-06-14,4.17,4.23,4.17,4.23
2004-06-15,4.23,4.28,4.19,4.2
2004-06-16,4.24,4.27,4.2,4.26
2004-06-17,4.26,4.26,4.24,4.26
2004-06-18,4.25,4.33,4.25,4.3
2004-06-21,4.31,4.38,4.24,4.25
2004-06-22,4.25,4.27,4.24,4.27
2004-06-23,4.29,4.29,4.27,4.28
2004-06-24,4.28,4.28,4.25,4.27
2004-06-25,4.23,4.31,4.23,4.29
2004-06-28,4.3,4.3,4.27,4.28
2004-06-29,4.28,4.28,4.19,4.21
2004-06-30,4.2,4.2,4.16,4.18
2004-07-01,4.18,4.2,4.15,4.18
2004-07-02,4.17,4.2,4.16,4.18
2004-07-05,4.1925,4.2,4.1675,4.18
2004-07-06,4.2,4.2,4.17,4.18
2004-07-07,4.2,4.2,4.17,4.18
2004-07-08,4.2,4.2,4.16,4.16
2004-07-09,4.15,4.17,4.15,4.17
2004-07-12,4.13,4.19,4.13,4.18
2004-07-13,4.18,4.2,4.17,4.2
2004-07-14,4.19,4.23,4.16,4.23
2004-07-15,4.23,4.23,4.2,4.22
2004-07-16,4.24,4.25,4.23,4.24
2004-07-19,4.25,4.25,4.23,4.24
2004-07-20,4.24,4.24,4.22,4.22
2004-07-21,4.23,4.23,4.19,4.23
2004-07-22,4.21,4.22,4.19,4.22
2004-07-23,4.22,4.22,4.18,4.22
2004-07-26,4.19,4.21,4.19,4.21
2004-07-27,4.21,4.21,4.19,4.19
2004-07-28,4.21,4.21,4.2,4.2
2004-07-29,4.2,4.22,4.2,4.21
2004-07-30,4.22,4.22,4.2,4.21
2004-08-02,4.21,4.25,4.21,4.24
2004-08-03,4.28,4.28,4.19,4.24
2004-08-04,4.25,4.25,4.23,4.24
2004-08-05,4.24,4.27,4.24,4.25
2004-08-06,4.28,4.28,4.2,4.25
2004-08-09,4.25,4.28,4.25,4.27
2004-08-10,4.28,4.32,4.27,4.3
2004-08-11,4.29,4.3,4.28,4.29
2004-08-12,4.3,4.31,4.25,4.29
2004-08-13,4.3,4.34,4.3,4.32
2004-08-16,4.34,4.34,4.31,4.33
2004-08-17,4.34,4.44,4.33,4.41
2004-08-18,4.39,4.43,4.26,4.4
2004-08-19,4.26,4.4,4.26,4.4
2004-08-20,4.36,4.36,4.33,4.35
2004-08-23,4.35,4.4,4.34,4.4
2004-08-24,4.4,4.43,4.33,4.36
2004-08-25,4.35,4.38,4.35,4.38
2004-08-26,4.33,4.4,4.33,4.38
2004-08-27,4.38,4.4,4.38,4.39
2004-08-30,4.37,4.39,4.32,4.39
2004-08-31,4.39,4.4,4.39,4.4
2004-09-01,4.37,4.39,4.37,4.39
2004-09-02,4.4,4.41,4.39,4.41
2004-09-03,4.4,4.4,4.37,4.4
2004-09-06,4.3925,4.4,4.3475,4.4
2004-09-07,4.39,4.4,4.34,4.4
2004-09-08,4.4,4.4,4.36,4.39
2004-09-09,4.35,4.4,4.33,4.39
2004-09-10,4.35,4.41,4.34,4.35
2004-09-13,4.4,4.4,4.35,4.35
2004-09-14,4.35,4.37,4.33,4.36
2004-09-15,4.36,4.38,4.3,4.38
2004-09-16,4.38,4.41,4.38,4.38
2004-09-17,4.4,4.4,4.34,4.35
2004-09-20,4.32,4.39,4.31,4.35
2004-09-21,4.3,4.36,4.27,4.3
2004-09-22,4.35,4.36,4.29,4.35
2004-09-23,4.36,4.36,4.3,4.3
2004-09-24,4.36,4.37,4.32,4.32
2004-09-27,4.37,4.37,4.3,4.36
2004-09-28,4.3,4.37,4.3,4.35
2004-09-29,4.36,4.38,4.32,4.36
2004-09-30,4.36,4.4,4.32,4.4
2004-10-01,4.36,4.38,4.34,4.34
2004-10-04,4.34,4.36,4.3,4.35
2004-10-05,4.34,4.36,4.31,4.31
2004-10-06,4.32,4.36,4.3,4.33
2004-10-07,4.38,4.38,4.3,4.31
2004-10-08,4.31,4.33,4.3,4.31
2004-10-11,4.35,4.35,4.29,4.34
2004-10-12,4.35,4.36,4.29,4.33
2004-10-13,4.35,4.36,4.32,4.34
2004-10-14,4.33,4.37,4.29,4.35
2004-10-15,4.31,4.37,4.31,4.37
2004-10-18,4.37,4.39,4.34,4.39
2004-10-19,4.37,4.4,4.37,4.38
2004-10-20,4.4,4.42,4.38,4.41
2004-10-21,4.42,4.42,4.37,4.41
2004-10-22,4.42,4.44,4.39,4.44
2004-10-25,4.44,4.48,4.44,4.45
2004-10-26,4.46,4.46,4.4,4.43
2004-10-27,4.44,4.44,4.35,4.35
2004-10-28,4.35,4.42,4.35,4.36
2004-10-29,4.4,4.42,4.37,4.38
2004-11-01,4.43,4.43,4.32,4.39
2004-11-02,4.42,4.42,4.39,4.4
2004-11-03,4.37,4.42,4.37,4.42
2004-11-04,4.42,4.47,4.42,4.47
2004-11-05,4.49,4.5,4.36,4.42
2004-11-08,4.41,4.48,4.4,4.47
2004-11-09,4.48,4.51,4.48,4.5
2004-11-10,4.48,4.5,4.47,4.48
2004-11-11,4.6,4.6,4.55,4.56
2004-11-12,4.52,4.56,4.52,4.56
2004-11-15,4.57,4.59,4.47,4.56
2004-11-16,4.58,4.58,4.52,4.54
2004-11-17,4.54,4.55,4.53,4.55
2004-11-18,4.55,4.7,4.53,4.65
2004-11-19,4.61,4.69,4.6,4.66
2004-11-22,4.67,4.71,4.55,4.6
2004-11-23,4.56,4.62,4.56,4.61
2004-11-24,4.62,4.7,4.62,4.68
2004-11-25,4.65,4.7,4.635,4.6899999999999995
2004-11-26,4.68,4.7,4.65,4.7
2004-11-29,4.7,4.7,4.65,4.67
2004-11-30,4.61,4.7,4.6,4.6
2004-12-01,4.65,4.73,4.63,4.7
2004-12-02,4.64,4.64,4.58,4.6
2004-12-03,4.52,4.63,4.48,4.63
2004-12-06,4.88,4.89,4.6,4.75
2004-12-07,4.76,4.86,4.72,4.75
2004-12-08,4.8,4.85,4.79,4.83
2004-12-09,4.83,4.87,4.77,4.79
2004-12-10,4.75,4.93,4.72,4.88
2004-12-13,4.95,4.95,4.87,4.88
2004-12-14,4.92,4.94,4.85,4.89
2004-12-15,4.81,4.84,4.76,4.84
2004-12-16,4.85,4.88,4.77,4.8
2004-12-17,4.8,4.84,4.76,4.8
2004-12-20,4.76,4.83,4.75,4.82
2004-12-21,4.82,4.82,4.78,4.8
2004-12-22,4.8,4.83,4.75,4.76
2004-12-23,4.75,4.79,4.75,4.79
2004-12-24,4.7675,4.7975,4.75,4.7825
2004-12-27,4.82,4.82,4.75,4.76
2004-12-28,4.81,4.81,4.75,4.77
2004-12-29,4.83,4.83,4.74,4.74
2004-12-30,4.8,4.82,4.77,4.81
2004-12-31,4.83,4.83,4.79,4.82
2005-01-03,4.76,4.82,4.76,4.82
2005-01-04,4.87,4.87,4.76,4.77
2005-01-05,4.79,4.8,4.71,4.71
2005-01-06,4.79,4.8,4.74,4.74
2005-01-07,4.79,4.8,4.71,4.73
2005-01-10,4.79,4.79,4.7,4.7
2005-01-11,4.75,4.78,4.69,4.69
2005-01-12,4.68,4.72,4.68,4.68
2005-01-13,4.71,4.8,4.71,4.79
2005-01-14,4.79,4.79,4.71,4.75
2005-01-17,4.76,4.7749999999999995,4.695,4.705
2005-01-18,4.75,4.77,4.69,4.69
2005-01-19,4.66,4.77,4.65,4.77
2005-01-20,4.77,4.78,4.65,4.67
2005-01-21,4.65,4.72,4.65,4.68
2005-01-24,4.67,4.69,4.64,4.66
2005-01-25,4.68,4.74,4.65,4.71
2005-01-26,4.73,4.73,4.67,4.7
2005-01-27,4.7,4.76,4.66,4.76
2005-01-28,4.77,4.77,4.7,4.7
2005-01-31,4.71,4.75,4.66,4.72
2005-02-01,4.76,4.77,4.71,4.72
2005-02-02,4.73,4.74,4.7,4.72
2005-02-03,4.72,4.72,4.68,4.68
2005-02-04,4.72,4.72,4.65,4.67
2005-02-07,4.65,4.68,4.65,4.66
2005-02-08,4.68,4.7,4.65,4.68
2005-02-09,4.7,4.71,4.65,4.65
2005-02-10,4.68,4.7,4.65,4.7
2005-02-11,4.7,4.74,4.7,4.7
2005-02-14,4.73,4.75,4.7,4.74
2005-02-15,4.74,4.78,4.71,4.74
2005-02-16,4.79,4.8,4.74,4.79
2005-02-17,4.8,4.81,4.76,4.76
2005-02-18,4.8,4.83,4.75,4.75
2005-02-21,4.7925,4.8225,4.7425,4.7875
2005-02-22,4.79,4.82,4.74,4.8
2005-02-23,4.77,4.83,4.75,4.83
2005-02-24,4.83,4.88,4.8,4.86
2005-02-25,4.85,4.85,4.82,4.85
2005-02-28,4.87,4.88,4.73,4.88
2005-03-01,4.86,4.9,4.79,4.79
2005-03-02,4.79,4.81,4.74,4.78
2005-03-03,4.79,4.79,4.76,4.78
2005-03-04,4.75,4.78,4.73,4.75
2005-03-07,4.74,4.75,4.7,4.71
2005-03-08,4.7,4.74,4.7,4.7
2005-03-09,4.7,4.74,4.68,4.68
2005-03-10,4.68,4.73,4.68,4.71
2005-03-11,4.72,4.75,4.69,4.74
2005-03-14,4.74,4.75,4.68,4.75
2005-03-15,4.74,4.77,4.65,4.69
2005-03-16,4.73,4.76,4.61,4.61
2005-03-17,4.53,4.58,4.45,4.54
2005-03-18,4.5,4.59,4.47,4.47
2005-03-21,4.45,4.45,4.27,4.33
2005-03-22,4.33,4.52,4.3,4.41
2005-03-23,4.35,4.39,4.16,4.34
2005-03-24,4.35,4.42,4.31,4.31
2005-03-25,4.385,4.4399999999999995,4.307499999999999,4.3575
2005-03-28,4.49,4.5,4.3,4.5
2005-03-29,4.45,4.45,4.37,4.37
2005-03-30,4.4,4.4,4.25,4.35
2005-03-31,4.4,4.47,4.4,4.44
2005-04-01,4.46,4.48,4.46,4.47
2005-04-04,4.53,4.56,4.48,4.55
2005-04-05,4.52,4.55,4.45,4.45
2005-04-06,4.46,4.55,4.46,4.55
2005-04-07,4.46,4.54,4.44,4.54
2005-04-08,4.55,4.55,4.41,4.55
2005-04-11,4.45,4.55,4.45,4.45
2005-04-12,4.4,4.54,4.37,4.54
2005-04-13,4.54,4.63,4.53,4.63
2005-04-14,4.6,4.62,4.51,4.57
2005-04-15,4.48,4.65,4.46,4.48
2005-04-18,4.41,4.45,4.41,4.45
2005-04-19,4.46,4.65,4.46,4.58
2005-04-20,4.65,4.65,4.43,4.45
2005-04-21,4.43,4.49,4.36,4.4
2005-04-22,4.35,4.44,4.34,4.36
2005-04-25,4.46,4.46,4.39,4.46
2005-04-26,4.44,4.52,4.4,4.43
2005-04-27,4.4,4.53,4.4,4.53
2005-04-28,4.45,4.49,4.41,4.48
2005-04-29,4.42,4.44,4.39,4.44
2005-05-02,4.43,4.48,4.43,4.48
2005-05-03,4.43,4.49,4.41,4.46
2005-05-04,4.42,4.54,4.42,4.52
2005-05-05,4.48,4.57,4.48,4.57
2005-05-06,4.53,4.53,4.42,4.45
2005-05-09,4.4,4.46,4.4,4.41
2005-05-10,4.4,4.52,4.39,4.52
2005-05-11,4.47,4.53,4.4,4.53
2005-05-12,4.51,4.52,4.51,4.52
2005-05-13,4.52,4.55,4.47,4.47
2005-05-16,4.45,4.53,4.44,4.45
2005-05-17,4.45,4.54,4.41,4.46
2005-05-18,4.45,4.52,4.45,4.51
2005-05-19,4.39,4.46,4.39,4.44
2005-05-20,4.41,4.43,4.38,4.38
2005-05-23,4.44,4.44,4.35,4.37
2005-05-24,4.38,4.45,4.38,4.44
2005-05-25,4.53,4.53,4.44,4.5
2005-05-26,4.5,4.57,4.47,4.56
2005-05-27,4.56,4.64,4.51,4.59
2005-05-30,4.5825,4.6025,4.5024999999999995,4.5525
2005-05-31,4.59,4.59,4.5,4.54
2005-06-01,4.51,4.51,4.42,4.49
2005-06-02,4.55,4.62,4.41,4.41
2005-06-03,4.41,4.49,4.41,4.44
2005-06-06,4.47,4.48,4.42,4.42
2005-06-07,4.45,4.46,4.44,4.45
2005-06-08,4.43,4.45,4.43,4.45
2005-06-09,4.46,4.47,4.41,4.41
2005-06-10,4.45,4.46,4.45,4.45
2005-06-13,4.45,4.45,4.35,4.35
2005-06-14,4.29,4.46,4.29,4.35
2005-06-15,4.29,4.45,4.29,4.39
2005-06-16,4.38,4.46,4.37,4.4
2005-06-17,4.42,4.44,4.4,4.44
2005-06-20,4.42,4.43,4.4,4.41
2005-06-21,4.43,4.45,4.42,4.45
2005-06-22,4.41,4.44,4.41,4.44
2005-06-23,4.4,4.44,4.4,4.44
2005-06-24,4.44,4.44,4.3,4.35
2005-06-27,4.42,4.44,4.35,4.39
2005-06-28,4.34,4.39,4.32,4.39
2005-06-29,4.4,4.4,4.3,4.31
2005-06-30,4.37,4.38,4.28,4.35
2005-07-01,4.35,4.39,4.31,4.38
2005-07-04,4.319999999999999,4.3525,4.295,4.32
2005-07-05,4.31,4.34,4.29,4.3
2005-07-06,4.21,4.3,4.2,4.3
2005-07-07,4.28,4.3,4.26,4.27
2005-07-08,4.27,4.33,4.25,4.33
2005-07-11,4.32,4.32,4.25,4.26
2005-07-12,4.25,4.33,4.21,4.3
2005-07-13,4.27,4.32,4.25,4.32
2005-07-14,4.23,4.36,4.23,4.31
2005-07-15,4.36,4.36,4.32,4.36
2005-07-18,4.33,4.33,4.25,4.28
2005-07-19,4.28,4.33,4.23,4.25
2005-07-20,4.34,4.34,4.26,4.26
2005-07-21,4.33,4.33,4.26,4.26
2005-07-22,4.35,4.35,4.26,4.3
2005-07-25,4.29,4.32,4.26,4.32
2005-07-26,4.27,4.37,4.27,4.36
2005-07-27,4.36,4.36,4.35,4.35
2005-07-28,4.33,4.35,4.33,4.35
2005-07-29,4.33,4.35,4.23,4.35
2005-08-01,4.37,4.37,4.21,4.23
2005-08-02,4.23,4.34,4.23,4.34
2005-08-03,4.3,4.37,4.3,4.3
2005-08-04,4.36,4.36,4.32,4.35
2005-08-05,4.31,4.37,4.31,4.31
2005-08-08,4.31,4.37,4.31,4.37
2005-08-09,4.37,4.37,4.31,4.32
2005-08-10,4.32,4.37,4.3,4.35
2005-08-11,4.36,4.36,4.26,4.3
2005-08-12,4.3,4.34,4.25,4.31
2005-08-15,4.34,4.34,4.26,4.3
2005-08-16,4.31,4.36,4.31,4.32
2005-08-17,4.32,4.36,4.3,4.36
2005-08-18,4.31,4.36,4.31,4.35
2005-08-19,4.36,4.37,4.33,4.37
2005-08-22,4.35,4.37,4.31,4.31
2005-08-23,4.31,4.32,4.27,4.27
2005-08-24,4.22,4.38,4.22,4.37
2005-08-25,4.38,4.38,4.32,4.36
2005-08-26,4.35,4.36,4.35,4.36
2005-08-29,4.36,4.39,4.31,4.37
2005-08-30,4.33,4.4,4.33,4.34
2005-08-31,4.39,4.39,4.24,4.3
2005-09-01,4.21,4.31,4.21,4.31
2005-09-02,4.3,4.34,4.3,4.32
2005-09-05,4.315,4.385,4.315,4.38
2005-09-06,4.32,4.4,4.32,4.4
2005-09-07,4.39,4.43,4.35,4.4
2005-09-08,4.38,4.43,4.36,4.43
2005-09-09,4.35,4.43,4.35,4.38
2005-09-12,4.35,4.37,4.35,4.35
2005-09-13,4.39,4.39,4.35,4.36
2005-09-14,4.35,4.35,4.27,4.33
2005-09-15,4.33,4.33,4.3,4.3
2005-09-16,4.3,4.31,4.27,4.3
2005-09-19,4.3,4.3,4.26,4.27
2005-09-20,4.24,4.3,4.23,4.29
2005-09-21,4.25,4.29,4.24,4.28
2005-09-22,4.27,4.3,4.23,4.23
2005-09-23,4.23,4.25,4.23,4.23
2005-09-26,4.28,4.28,4.22,4.22
2005-09-27,4.22,4.26,4.2,4.21
2005-09-28,4.2,4.24,4.19,4.24
2005-09-29,4.24,4.24,4.18,4.2
2005-09-30,4.23,4.23,4.19,4.2
2005-10-03,4.24,4.24,4.17,4.24
2005-10-04,4.18,4.24,4.18,4.24
2005-10-05,4.25,4.3,4.2,4.25
2005-10-06,4.21,4.22,4.17,4.22
2005-10-07,4.21,4.21,4.17,4.17
2005-10-10,4.22,4.22,4.14,4.17
2005-10-11,4.13,4.15,4.12,4.15
2005-10-12,4.13,4.14,4.12,4.13
2005-10-13,4.13,4.15,4.13,4.13
2005-10-14,4.14,4.2,4.13,4.13
2005-10-17,4.18,4.18,4.11,4.12
2005-10-18,4.12,4.14,4.12,4.12
2005-10-19,4.15,4.17,4.14,4.16
2005-10-20,4.17,4.18,4.17,4.17
2005-10-21,4.16,4.16,4.15,4.15
2005-10-24,4.18,4.18,4.1,4.12
2005-10-25,4.13,4.13,4.12,4.12
2005-10-26,4.13,4.13,4.12,4.12
2005-10-27,4.12,4.18,4.12,4.18
2005-10-28,4.15,4.15,4.12,4.13
2005-10-31,4.12,4.14,4.12,4.12
2005-11-01,4.14,4.24,4.13,4.15
2005-11-02,4.15,4.18,4.15,4.18
2005-11-03,4.15,4.18,4.14,4.18
2005-11-04,4.18,4.2,4.16,4.16
2005-11-07,4.16,4.17,4.15,4.15
2005-11-08,4.15,4.15,4.13,4.14
2005-11-09,4.13,4.14,4.11,4.12
2005-11-10,4.12,4.13,4.12,4.12
2005-11-11,4.11,4.11,4.1,4.1
2005-11-14,4.1,4.18,4.1,4.18
2005-11-15,4.14,4.16,4.13,4.13
2005-11-16,4.12,4.12,4.11,4.11
2005-11-17,4.11,4.12,4.0,4.04
2005-11-18,4.04,4.05,4.01,4.05
2005-11-21,4.08,4.08,4.01,4.03
2005-11-22,4.03,4.15,4.02,4.14
2005-11-23,4.18,4.2,4.07,4.07
2005-11-24,4.14,4.15,4.035,4.050000000000001
2005-11-25,4.1,4.1,4.0,4.03
2005-11-28,4.04,4.08,4.0,4.06
2005-11-29,4.03,4.07,4.03,4.07
2005-11-30,4.05,4.1,4.04,4.1
2005-12-01,4.15,4.16,4.06,4.08
2005-12-02,4.06,4.09,4.06,4.08
2005-12-05,4.09,4.1,4.07,4.08
2005-12-06,4.08,4.08,4.07,4.08
2005-12-07,4.08,4.1,4.06,4.07
2005-12-08,4.07,4.07,4.06,4.07
2005-12-09,4.09,4.09,4.07,4.08
2005-12-12,4.09,4.1,4.08,4.09
2005-12-13,4.01,4.1,4.01,4.06
2005-12-14,4.09,4.1,4.05,4.08
2005-12-15,4.09,4.09,4.06,4.06
2005-12-16,4.06,4.09,4.06,4.06
2005-12-19,4.05,4.06,4.05,4.06
2005-12-20,4.05,4.08,4.05,4.06
2005-12-21,4.06,4.06,4.06,4.06
2005-12-22,4.06,4.1,3.95,4.0
2005-12-23,3.98,4.05,3.94,3.94
2005-12-26,3.95,4.0125,3.9175,3.9175
2005-12-27,3.94,4.0,3.91,3.91
2005-12-28,3.91,3.97,3.91,3.95
2005-12-29,3.97,3.98,3.91,3.98
2005-12-30,3.99,4.0,3.94,3.95
2006-01-02,3.9825,4.0,3.925,3.95
2006-01-03,3.98,4.0,3.92,3.95
2006-01-04,3.98,4.08,3.98,4.08
2006-01-05,4.07,4.07,4.05,4.06
2006-01-06,4.06,4.1,4.06,4.1
2006-01-09,4.1,4.17,4.06,4.06
2006-01-10,4.07,4.1,4.06,4.06
2006-01-11,4.11,4.11,4.05,4.05
2006-01-12,4.03,4.11,4.02,4.08
2006-01-13,4.11,4.12,4.09,4.09
2006-01-16,4.095,4.0975,4.045,4.0675
2006-01-17,4.09,4.09,4.03,4.06
2006-01-18,4.05,4.12,4.05,4.12
2006-01-19,4.08,4.11,4.08,4.08
2006-01-20,4.11,4.12,4.08,4.08
2006-01-23,4.08,4.13,4.07,4.13
2006-01-24,4.1,4.13,4.1,4.13
2006-01-25,4.1,4.12,4.08,4.09
2006-01-26,4.08,4.11,4.08,4.11
2006-01-27,4.08,4.13,4.08,4.1
2006-01-30,4.1,4.1,4.04,4.04
2006-01-31,4.04,4.11,4.04,4.08
2006-02-01,4.06,4.1,4.05,4.05
2006-02-02,4.05,4.1,4.03,4.05
2006-02-03,4.06,4.1,4.05,4.06
2006-02-06,4.12,4.13,4.06,4.13
2006-02-07,4.13,4.14,4.05,4.06
2006-02-08,4.05,4.05,4.04,4.04
2006-02-09,4.1,4.1,4.04,4.04
2006-02-10,4.06,4.09,4.03,4.07
2006-02-13,4.05,4.06,4.02,4.02
2006-02-14,4.11,4.11,4.02,4.05
2006-02-15,4.03,4.05,4.02,4.05
2006-02-16,4.02,4.03,4.02,4.03
2006-02-17,4.04,4.04,4.0,4.03
2006-02-20,4.04,4.07,4.0225,4.0600000000000005
2006-02-21,4.04,4.08,4.03,4.07
2006-02-22,4.08,4.08,4.05,4.06
2006-02-23,4.03,4.08,4.03,4.08
2006-02-24,4.08,4.08,4.03,4.07
2006-02-27,4.04,4.08,4.01,4.01
2006-02-28,4.01,4.07,4.01,4.07
2006-03-01,4.07,4.09,4.05,4.09
2006-03-02,4.09,4.09,4.05,4.08
2006-03-03,4.08,4.08,4.05,4.05
2006-03-06,4.07,4.1,4.05,4.05
2006-03-07,4.05,4.05,3.96,4.03
2006-03-08,4.03,4.03,4.01,4.03
2006-03-09,4.0,4.03,3.99,4.03
2006-03-10,4.01,4.03,4.01,4.02
2006-03-13,4.0,4.03,3.92,4.02
2006-03-14,4.0,4.02,3.94,3.97
2006-03-15,3.99,4.02,3.95,4.0
2006-03-16,3.96,4.02,3.95,4.02
2006-03-17,3.95,4.0,3.93,3.99
2006-03-20,3.99,4.02,3.99,4.02
2006-03-21,4.0,4.03,3.96,4.03
2006-03-22,3.98,4.02,3.96,3.99
2006-03-23,3.99,3.99,3.95,3.96
2006-03-24,3.96,3.99,3.94,3.96
2006-03-27,3.95,3.98,3.95,3.96
2006-03-28,3.98,3.99,3.95,3.99
2006-03-29,3.96,3.96,3.96,3.96
2006-03-30,3.98,3.98,3.95,3.95
2006-03-31,3.95,3.98,3.95,3.98
2006-04-03,3.97,3.98,3.94,3.97
2006-04-04,3.95,3.98,3.94,3.94
2006-04-05,3.95,3.95,3.93,3.95
2006-04-06,3.94,3.98,3.94,3.96
2006-04-07,3.93,3.97,3.93,3.95
2006-04-10,3.94,3.94,3.92,3.93
2006-04-11,3.94,3.94,3.91,3.94
2006-04-12,3.92,3.95,3.91,3.95
2006-04-13,3.92,3.97,3.9,3.92
2006-04-14,3.9175,3.97,3.9025,3.9175
2006-04-17,3.91,3.97,3.91,3.91
2006-04-18,3.93,3.98,3.91,3.93
2006-04-19,3.93,3.95,3.91,3.94
2006-04-20,3.93,3.95,3.92,3.93
2006-04-21,3.93,3.93,3.91,3.93
2006-04-24,3.91,3.95,3.91,3.95
2006-04-25,3.92,3.98,3.92,3.95
2006-04-26,3.85,3.92,3.85,3.92
2006-04-27,3.94,3.95,3.92,3.94
2006-04-28,3.92,3.95,3.91,3.93
2006-05-01,3.95,3.97,3.94,3.95
2006-05-02,3.94,3.97,3.92,3.96
2006-05-03,3.98,3.98,3.93,3.98
2006-05-04,3.98,3.99,3.98,3.99
2006-05-05,3.96,3.98,3.96,3.97
2006-05-08,3.98,3.99,3.94,3.99
2006-05-09,3.95,3.97,3.95,3.95
2006-05-10,3.97,3.98,3.95,3.98
2006-05-11,3.98,3.98,3.93,3.97
2006-05-12,3.97,3.97,3.93,3.97
2006-05-15,3.98,3.98,3.92,3.96
2006-05-16,3.98,3.98,3.93,3.95
2006-05-17,3.95,3.97,3.95,3.97
2006-05-18,3.98,3.98,3.95,3.97
2006-05-19,3.94,3.97,3.92,3.97
2006-05-22,3.96,3.97,3.95,3.97
2006-05-23,3.99,3.99,3.94,3.97
2006-05-24,3.97,3.97,3.95,3.97
2006-05-25,3.96,3.96,3.94,3.96
2006-05-26,3.96,3.96,3.95,3.96
2006-05-29,3.975,3.975,3.935,3.945
2006-05-30,3.98,3.98,3.93,3.94
2006-05-31,3.94,3.97,3.94,3.97
2006-06-01,3.95,4.01,3.95,4.01
2006-06-02,3.98,4.01,3.98,4.01
2006-06-05,4.04,4.05,4.04,4.05
2006-06-06,4.05,4.06,4.01,4.06
2006-06-07,4.0,4.02,3.97,3.97
2006-06-08,3.97,3.97,3.94,3.95
2006-06-09,3.95,3.97,3.9,3.95
2006-06-12,3.96,3.97,3.95,3.95
2006-06-13,3.89,3.97,3.83,3.9
2006-06-14,3.89,3.92,3.87,3.88
2006-06-15,3.86,3.91,3.86,3.91
2006-06-16,3.86,3.9,3.85,3.9
2006-06-19,3.87,3.91,3.85,3.85
2006-06-20,3.85,3.89,3.84,3.87
2006-06-21,3.85,3.89,3.84,3.85
2006-06-22,3.88,3.88,3.85,3.85
2006-06-23,3.85,3.88,3.83,3.83
2006-06-26,3.83,3.84,3.81,3.82
2006-06-27,3.85,3.89,3.79,3.88
2006-06-28,3.84,3.85,3.81,3.81
2006-06-29,3.8,3.83,3.8,3.82
2006-06-30,3.83,3.88,3.8,3.85
2006-07-03,3.87,3.88,3.86,3.88
2006-07-04,3.8850000000000002,3.9,3.855,3.895
2006-07-05,3.9,3.92,3.85,3.91
2006-07-06,3.87,3.9,3.85,3.9
2006-07-07,3.87,3.95,3.86,3.94
2006-07-10,3.9,3.92,3.87,3.92
2006-07-11,3.9,3.92,3.88,3.88
2006-07-12,3.88,3.94,3.81,3.89
2006-07-13,3.84,3.94,3.84,3.89
2006-07-14,3.9,3.9,3.85,3.9
2006-07-17,3.85,3.88,3.85,3.87
2006-07-18,3.82,3.84,3.78,3.82
2006-07-19,3.83,3.89,3.83,3.89
2006-07-20,3.9,3.9,3.88,3.88
2006-07-21,3.88,3.9,3.84,3.9
2006-07-24,3.89,3.92,3.89,3.9
2006-07-25,3.91,3.91,3.91,3.91
2006-07-26,3.9,3.92,3.86,3.92
2006-07-27,3.92,3.92,3.9,3.92
2006-07-28,3.91,3.94,3.9,3.91
2006-07-31,3.91,3.91,3.86,3.89
2006-08-01,3.9,3.91,3.88,3.91
2006-08-02,3.91,3.91,3.9,3.91
2006-08-03,3.94,3.95,3.92,3.92
2006-08-04,3.94,3.97,3.93,3.97
2006-08-07,3.98,3.98,3.95,3.95
2006-08-08,3.93,3.96,3.91,3.96
2006-08-09,3.98,4.01,3.98,4.0
2006-08-10,4.0,4.03,3.99,4.01
2006-08-11,4.0,4.01,3.93,3.93
2006-08-14,3.95,3.95,3.9,3.93
2006-08-15,3.93,3.98,3.93,3.94
2006-08-16,3.96,3.99,3.96,3.99
2006-08-17,4.0,4.0,4.0,4.0
2006-08-18,4.0,4.0,3.95,4.0
2006-08-21,3.95,3.98,3.95,3.98
2006-08-22,3.97,3.98,3.95,3.98
2006-08-23,3.95,4.01,3.95,4.01
2006-08-24,3.97,3.97,3.96,3.97
2006-08-25,3.96,3.97,3.95,3.95
2006-08-28,3.95,3.98,3.94,3.94
2006-08-29,3.95,4.0,3.95,4.0
2006-08-30,3.96,3.96,3.96,3.96
2006-08-31,3.96,3.97,3.94,3.95
2006-09-01,3.95,3.98,3.92,3.98
2006-09-04,3.95,3.9875000000000003,3.9425,3.98
2006-09-05,3.95,3.99,3.95,3.98
2006-09-06,3.97,3.98,3.96,3.97
2006-09-07,3.97,4.03,3.96,4.02
2006-09-08,4.01,4.03,3.96,3.96
2006-09-11,3.95,4.02,3.94,4.01
2006-09-12,4.01,4.01,3.97,3.97
2006-09-13,4.0,4.0,3.94,3.95
2006-09-14,3.92,3.96,3.92,3.96
2006-09-15,3.96,3.96,3.94,3.96
2006-09-18,3.96,3.96,3.94,3.96
2006-09-19,3.95,3.96,3.94,3.94
2006-09-20,3.94,3.96,3.94,3.94
2006-09-21,3.96,3.96,3.9,3.96
2006-09-22,3.91,4.02,3.91,3.97
2006-09-25,3.93,4.05,3.93,3.99
2006-09-26,4.05,4.05,3.98,3.98
2006-09-27,4.0,4.02,4.0,4.02
2006-09-28,4.01,4.01,4.0,4.0
2006-09-29,4.01,4.05,3.97,3.97
2006-10-02,4.02,4.03,3.96,3.98
2006-10-03,3.97,4.0,3.95,4.0
2006-10-04,4.0,4.04,4.0,4.0
2006-10-05,3.98,4.06,3.96,3.96
2006-10-06,3.97,4.02,3.96,4.02
2006-10-09,3.98,4.02,3.98,3.98
2006-10-10,4.0,4.0,3.96,3.96
2006-10-11,3.96,3.98,3.95,3.95
2006-10-12,3.95,3.98,3.94,3.94
2006-10-13,3.93,3.98,3.93,3.96
2006-10-16,3.96,3.97,3.94,3.95
2006-10-17,4.0,4.08,3.99,3.99
2006-10-18,4.09,4.09,3.99,4.03
2006-10-19,4.03,4.15,3.97,4.11
2006-10-20,4.1,4.2,4.05,4.2
2006-10-23,4.17,4.17,4.13,4.15
2006-10-24,4.13,4.14,4.12,4.12
2006-10-25,4.13,4.15,4.12,4.15
2006-10-26,4.15,4.15,4.12,4.15
2006-10-27,4.12,4.17,4.11,4.16
2006-10-30,4.13,4.25,4.13,4.25
2006-10-31,4.25,4.25,4.17,4.2
2006-11-01,4.13,4.24,4.13,4.14
2006-11-02,4.2,4.24,4.15,4.17
2006-11-03,4.19,4.25,4.18,4.18
2006-11-06,4.23,4.29,4.16,4.16
2006-11-07,4.17,4.25,4.15,4.15
2006-11-08,4.15,4.26,4.0,4.15
2006-11-09,4.17,4.25,4.11,4.17
2006-11-10,4.2,4.25,4.14,4.2
2006-11-13,4.23,4.25,4.15,4.16
2006-11-14,4.2,4.21,4.16,4.17
2006-11-15,4.22,4.23,4.14,4.2
2006-11-16,4.18,4.19,4.13,4.17
2006-11-17,4.14,4.14,4.1,4.1
2006-11-20,4.1,4.13,4.1,4.13
2006-11-21,4.12,4.12,4.12,4.12
2006-11-22,4.13,4.14,4.12,4.12
2006-11-23,4.135,4.145,4.13,4.135
2006-11-24,4.14,4.15,4.14,4.15
2006-11-27,4.19,4.23,4.19,4.21
2006-11-28,4.24,4.24,4.2,4.23
2006-11-29,4.2,4.23,4.2,4.23
2006-11-30,4.23,4.25,4.2,4.25
2006-12-01,4.24,4.25,4.2,4.21
2006-12-04,4.2,4.29,4.16,4.25
2006-12-05,4.25,4.27,4.18,4.27
2006-12-06,4.27,4.29,4.23,4.23
2006-12-07,4.27,4.35,4.2,4.21
2006-12-08,4.25,4.32,4.21,4.22
2006-12-11,4.25,4.28,4.17,4.28
2006-12-12,4.3,4.36,4.26,4.36
2006-12-13,4.3,4.3,4.26,4.26
2006-12-14,4.22,4.3,4.21,4.29
2006-12-15,4.25,4.25,4.25,4.25
2006-12-18,4.27,4.28,4.2,4.2
2006-12-19,4.16,4.16,4.15,4.15
2006-12-20,4.19,4.38,4.15,4.25
2006-12-21,4.23,4.27,4.21,4.27
2006-12-22,4.26,4.26,4.2,4.25
2006-12-25,4.2524999999999995,4.2524999999999995,4.2075,4.22
2006-12-26,4.25,4.25,4.21,4.21
2006-12-27,4.19,4.21,4.15,4.17
2006-12-28,4.2,4.2,4.16,4.16
2006-12-29,4.2,4.2,4.16,4.18
2007-01-01,4.176,4.188,4.154,4.168
2007-01-02,4.168,4.184,4.152,4.164
2007-01-03,4.16,4.18,4.15,4.16
2007-01-04,4.16,4.16,4.11,4.13
2007-01-05,4.11,4.18,4.11,4.17
2007-01-08,4.17,4.24,4.17,4.21
2007-01-09,4.19,4.19,4.1,4.15
2007-01-10,4.13,4.16,4.1,4.11
2007-01-11,4.13,4.18,4.11,4.17
2007-01-12,4.16,4.17,4.12,4.12
2007-01-15,4.1525,4.155,4.135,4.1425
2007-01-16,4.15,4.15,4.14,4.15
2007-01-17,4.14,4.15,4.12,4.15
2007-01-18,4.16,4.16,4.14,4.14
2007-01-19,4.17,4.17,4.13,4.13
2007-01-22,4.12,4.18,4.12,4.13
2007-01-23,4.13,4.16,4.12,4.13
2007-01-24,4.15,4.15,4.13,4.13
2007-01-25,4.16,4.18,4.13,4.16
2007-01-26,4.17,4.17,4.13,4.13
2007-01-29,4.16,4.2,4.16,4.2
2007-01-30,4.17,4.18,4.15,4.15
2007-01-31,4.14,4.14,4.12,4.12
2007-02-01,4.12,4.19,4.12,4.19
2007-02-02,4.14,4.15,4.12,4.12
2007-02-05,4.12,4.13,4.12,4.13
2007-02-06,4.12,4.2,4.12,4.18
2007-02-07,4.16,4.17,4.13,4.14
2007-02-08,4.14,4.14,4.13,4.14
2007-02-09,4.16,4.18,4.13,4.16
2007-02-12,4.16,4.17,4.06,4.12
2007-02-13,4.13,4.17,4.12,4.17
2007-02-14,4.12,4.17,4.08,4.11
2007-02-15,4.11,4.14,4.05,4.12
2007-02-16,4.1,4.15,4.1,4.15
2007-02-19,4.1,4.1275,4.1,4.1275
2007-02-20,4.1,4.12,4.1,4.12
2007-02-21,4.1,4.16,4.1,4.15
2007-02-22,4.14,4.15,4.14,4.14
2007-02-23,4.14,4.19,4.14,4.19
2007-02-26,4.2,4.2,4.16,4.17
2007-02-27,4.18,4.2,4.18,4.2
2007-02-28,4.19,4.22,4.16,4.21
2007-03-01,4.21,4.21,4.21,4.21
2007-03-02,4.18,4.21,4.16,4.16
2007-03-05,4.16,4.16,4.01,4.04
2007-03-06,4.07,4.07,4.06,4.06
2007-03-07,4.04,4.1,4.03,4.1
2007-03-08,4.05,4.11,4.02,4.09
2007-03-09,4.09,4.11,4.04,4.04
2007-03-12,4.04,4.1,4.03,4.04
2007-03-13,4.04,4.09,4.04,4.06
2007-03-14,4.06,4.09,4.04,4.04
2007-03-15,4.03,4.08,4.03,4.05
2007-03-16,4.03,4.07,4.03,4.05
2007-03-19,4.05,4.06,4.05,4.05
2007-03-20,4.08,4.08,4.0,4.0
2007-03-21,4.03,4.04,4.01,4.01
2007-03-22,4.02,4.09,4.02,4.07
2007-03-23,4.06,4.06,4.02,4.02
2007-03-26,4.02,4.09,4.01,4.03
2007-03-27,4.02,4.09,4.02,4.09
2007-03-28,4.09,4.09,4.03,4.03
2007-03-29,4.08,4.09,4.02,4.09
2007-03-30,4.07,4.07,4.02,4.05
2007-04-02,4.07,4.08,4.02,4.06
2007-04-03,4.08,4.09,4.0,4.08
2007-04-04,4.06,4.09,4.02,4.08
2007-04-05,4.08,4.09,4.03,4.03
2007-04-06,4.0675,4.09,4.0225,4.0275
2007-04-09,4.03,4.09,4.0,4.02
2007-04-10,4.02,4.05,4.02,4.05
2007-04-11,4.04,4.12,4.03,4.05
2007-04-12,4.05,4.1,4.03,4.07
2007-04-13,4.08,4.09,4.08,4.08
2007-04-16,4.03,4.1,4.03,4.1
2007-04-17,4.1,4.11,4.09,4.1
2007-04-18,4.1,4.14,4.05,4.08
2007-04-19,4.08,4.15,4.08,4.08
2007-04-20,4.08,4.08,4.05,4.05
2007-04-23,4.03,4.09,4.03,4.09
2007-04-24,4.04,4.08,4.04,4.07
2007-04-25,4.07,4.1,4.06,4.09
2007-04-26,4.09,4.09,4.05,4.05
2007-04-27,4.04,4.06,4.04,4.05
2007-04-30,4.05,4.1,4.05,4.09
2007-05-01,4.09,4.11,4.06,4.09
2007-05-02,4.08,4.1,4.07,4.07
2007-05-03,4.08,4.13,4.07,4.08
2007-05-04,4.13,4.14,4.07,4.07
2007-05-07,4.13,4.13,4.11,4.12
2007-05-08,4.09,4.1,4.09,4.1
2007-05-09,4.09,4.09,4.06,4.09
2007-05-10,4.12,4.13,4.08,4.1
2007-05-11,4.1,4.12,4.09,4.12
2007-05-14,4.12,4.15,4.12,4.14
2007-05-15,4.16,4.16,4.1,4.1
2007-05-16,4.17,4.17,4.09,4.13
2007-05-17,4.17,4.18,4.13,4.13
2007-05-18,4.13,4.17,4.09,4.09
2007-05-21,4.12,4.12,4.1,4.1
2007-05-22,4.1,4.15,4.07,4.15
2007-05-23,4.1,4.1,4.07,4.07
2007-05-24,4.08,4.08,4.07,4.08
2007-05-25,4.08,4.08,4.08,4.08
2007-05-28,4.0875,4.0875,4.0649999999999995,4.0649999999999995
2007-05-29,4.09,4.09,4.06,4.06
2007-05-30,4.06,4.09,4.03,4.06
2007-05-31,4.08,4.08,4.08,4.08
2007-06-01,4.1,4.11,4.05,4.05
2007-06-04,4.03,4.12,4.03,4.11
2007-06-05,4.13,4.13,4.12,4.12
2007-06-06,4.07,4.07,4.05,4.05
2007-06-07,4.05,4.05,4.0,4.0
2007-06-08,4.0,4.0,4.0,4.0
2007-06-11,4.03,4.05,4.0,4.0
2007-06-12,4.01,4.01,4.0,4.01
2007-06-13,4.0,4.0,3.96,3.96
2007-06-14,3.97,4.0,3.94,4.0
2007-06-15,3.98,3.98,3.98,3.98
2007-06-18,3.94,4.05,3.9,3.9
2007-06-19,3.95,4.0,3.95,4.0
2007-06-20,3.96,3.96,3.88,3.95
2007-06-21,3.98,4.0,3.86,4.0
2007-06-22,3.95,3.98,3.9,3.92
2007-06-25,3.87,3.95,3.86,3.87
2007-06-26,3.9,3.94,3.9,3.9
2007-06-27,3.9,3.93,3.87,3.93
2007-06-28,3.92,4.0,3.9,4.0
2007-06-29,4.0,4.05,3.95,4.03
2007-07-02,4.02,4.04,3.96,4.04
2007-07-03,4.0,4.06,4.0,4.05
2007-07-04,4.025,4.06,4.025,4.05
2007-07-05,4.05,4.06,4.05,4.05
2007-07-06,4.06,4.06,3.96,4.05
2007-07-09,3.97,4.03,3.97,4.03
2007-07-10,3.99,3.99,3.98,3.98
2007-07-11,3.97,4.01,3.97,4.01
2007-07-12,4.04,4.05,3.98,4.05
2007-07-13,4.03,4.06,4.03,4.06
2007-07-16,4.02,4.03,4.02,4.03
2007-07-17,4.05,4.05,3.96,4.0
2007-07-18,3.99,3.99,3.99,3.99
2007-07-19,3.99,4.03,3.97,4.0
2007-07-20,4.0,4.0,4.0,4.0
2007-07-23,4.01,4.01,4.01,4.01
2007-07-24,4.01,4.01,3.96,3.96
2007-07-25,3.97,4.02,3.95,3.95
2007-07-26,3.95,3.95,3.86,3.93
2007-07-27,3.85,3.89,3.85,3.87
2007-07-30,3.94,3.94,3.86,3.87
2007-07-31,3.92,3.92,3.87,3.87
2007-08-01,3.87,3.93,3.84,3.91
2007-08-02,3.85,3.93,3.81,3.93
2007-08-03,3.85,3.89,3.85,3.86
2007-08-06,3.85,3.91,3.7,3.79
2007-08-07,3.83,3.83,3.72,3.74
2007-08-08,3.8,3.9,3.75,3.86
2007-08-09,3.86,3.88,3.77,3.77
2007-08-10,3.85,3.88,3.72,3.83
2007-08-13,3.83,3.83,3.83,3.83
2007-08-14,3.82,3.82,3.68,3.75
2007-08-15,3.7,3.7,3.6,3.61
2007-08-16,3.56,3.6,3.5,3.51
2007-08-17,3.62,3.8,3.54,3.63
2007-08-20,3.77,3.79,3.72,3.75
2007-08-21,3.84,3.84,3.75,3.75
2007-08-22,3.84,3.88,3.84,3.88
2007-08-23,3.88,3.99,3.8,3.95
2007-08-24,3.9,3.97,3.76,3.95
2007-08-27,3.86,3.86,3.85,3.85
2007-08-28,3.8,3.8,3.8,3.8
2007-08-29,3.76,3.93,3.76,3.9
2007-08-30,3.88,3.9,3.88,3.9
2007-08-31,3.9,3.9,3.9,3.9
2007-09-03,3.9375,3.9375,3.8775,3.9
2007-09-04,3.95,3.95,3.87,3.9
2007-09-05,3.87,3.88,3.87,3.87
2007-09-06,3.89,3.91,3.88,3.9
2007-09-07,3.88,3.9,3.79,3.83
2007-09-10,3.83,3.83,3.83,3.83
2007-09-11,3.9,3.98,3.9,3.98
2007-09-12,3.98,4.02,3.9,3.91
2007-09-13,4.03,4.03,3.95,3.95
2007-09-14,3.86,3.95,3.86,3.94
2007-09-17,3.87,3.93,3.83,3.93
2007-09-18,3.87,3.95,3.85,3.95
2007-09-19,3.86,3.86,3.86,3.86
2007-09-20,3.85,3.92,3.85,3.9
2007-09-21,3.86,3.92,3.86,3.9
2007-09-24,3.92,3.94,3.92,3.94
2007-09-25,3.96,3.97,3.92,3.92
2007-09-26,3.92,3.92,3.88,3.88
2007-09-27,3.9,3.92,3.88,3.91
2007-09-28,3.98,3.98,3.91,3.98
2007-10-01,3.98,3.98,3.9,3.97
2007-10-02,3.97,4.05,3.95,4.0
2007-10-03,3.95,3.95,3.95,3.95
2007-10-04,3.95,3.96,3.94,3.95
2007-10-05,3.93,3.94,3.91,3.92
2007-10-08,3.95,4.0,3.93,3.99
2007-10-09,3.95,4.02,3.93,3.93
2007-10-10,3.95,3.95,3.95,3.95
2007-10-11,3.99,3.99,3.99,3.99
2007-10-12,3.92,3.93,3.92,3.93
2007-10-15,3.97,3.97,3.92,3.92
2007-10-16,3.95,3.96,3.92,3.96
2007-10-17,3.94,3.98,3.91,3.97
2007-10-18,3.92,3.99,3.92,3.95
2007-10-19,3.93,3.99,3.92,3.92
2007-10-22,3.91,3.94,3.91,3.94
2007-10-23,3.92,3.92,3.91,3.91
2007-10-24,3.92,3.93,3.92,3.92
2007-10-25,3.92,3.93,3.92,3.93
2007-10-26,3.92,3.97,3.92,3.97
2007-10-29,3.96,3.97,3.94,3.94
2007-10-30,3.93,3.97,3.85,3.85
2007-10-31,3.93,3.96,3.92,3.94
2007-11-01,3.96,3.98,3.96,3.97
2007-11-02,3.96,3.96,3.96,3.96
2007-11-05,3.96,3.97,3.94,3.94
2007-11-06,3.94,3.98,3.93,3.94
2007-11-07,3.94,3.99,3.92,3.93
2007-11-08,3.92,4.0,3.9,4.0
2007-11-09,3.91,4.0,3.91,3.93
2007-11-12,3.95,4.01,3.91,3.93
2007-11-13,3.93,3.93,3.91,3.91
2007-11-14,3.93,3.94,3.93,3.94
2007-11-15,3.93,3.93,3.91,3.91
2007-11-16,3.92,3.92,3.88,3.89
2007-11-19,3.89,3.98,3.88,3.9
2007-11-20,3.91,3.98,3.9,3.93
2007-11-21,3.98,3.99,3.89,3.99
2007-11-22,3.95,3.995,3.9050000000000002,3.97
2007-11-23,3.92,4.0,3.92,3.95
2007-11-26,3.93,3.99,3.88,3.94
2007-11-27,3.93,3.98,3.91,3.92
2007-11-28,3.95,3.98,3.94,3.95
2007-11-29,3.95,4.15,3.95,4.04
2007-11-30,4.0,4.15,3.98,3.98
2007-12-03,3.93,4.05,3.93,3.99
2007-12-04,3.99,4.0,3.91,3.99
2007-12-05,3.98,3.99,3.98,3.99
2007-12-06,3.98,4.03,3.95,4.02
2007-12-07,4.0,4.0,3.95,3.99
2007-12-10,3.99,4.0,3.94,4.0
2007-12-11,3.94,4.04,3.94,4.04
2007-12-12,4.02,4.02,3.96,4.0
2007-12-13,3.98,3.98,3.98,3.98
2007-12-14,4.08,4.08,3.92,4.02
2007-12-17,3.93,3.93,3.89,3.89
2007-12-18,3.92,3.92,3.85,3.89
2007-12-19,3.85,3.88,3.85,3.88
2007-12-20,3.89,3.92,3.89,3.92
2007-12-21,3.91,3.94,3.88,3.92
2007-12-24,3.83,3.97,3.77,3.94
2007-12-25,3.9000000000000004,3.975,3.85,3.955
2007-12-26,3.97,3.98,3.93,3.97
2007-12-27,3.98,3.99,3.9,3.99
2007-12-28,3.9,3.9,3.9,3.9
2007-12-31,3.95,4.0,3.9,3.9
2008-01-01,3.975,4.03,3.94,3.9749999999999996
2008-01-02,4.0,4.06,3.98,4.05
2008-01-03,3.99,3.99,3.94,3.94
2008-01-04,3.96,4.01,3.96,3.98
2008-01-07,3.98,4.01,3.98,4.01
2008-01-08,4.01,4.01,4.0,4.0
2008-01-09,4.0,4.0,3.96,3.96
2008-01-10,4.01,4.01,3.95,3.95
2008-01-11,3.97,4.06,3.97,4.05
2008-01-14,4.01,4.1,3.96,4.05
2008-01-15,3.95,4.05,3.95,4.0
2008-01-16,4.03,4.09,4.03,4.03
2008-01-17,4.09,4.09,4.03,4.03
2008-01-18,4.05,4.05,3.99,3.99
2008-01-21,3.975,4.05,3.9600000000000004,4.0200000000000005
2008-01-22,3.95,4.05,3.95,4.03
2008-01-23,3.94,4.05,3.94,4.0
2008-01-24,4.0,4.0,3.93,3.99
2008-01-25,4.0,4.07,3.98,4.03
2008-01-28,4.05,4.08,4.04,4.04
2008-01-29,4.04,4.07,4.04,4.07
2008-01-30,4.06,4.09,4.05,4.06
2008-01-31,4.08,4.09,4.01,4.01
2008-02-01,3.97,4.09,3.97,4.05
2008-02-04,4.04,4.05,4.01,4.03
2008-02-05,4.21,4.21,4.03,4.05
2008-02-06,4.07,4.09,4.05,4.09
2008-02-07,4.09,4.12,3.95,4.12
2008-02-08,4.13,4.13,4.1,4.1
2008-02-11,4.03,4.03,4.03,4.03
2008-02-12,4.05,4.14,4.03,4.03
2008-02-13,4.07,4.07,4.02,4.05
2008-02-14,4.02,4.02,4.01,4.01
2008-02-15,4.03,4.03,4.01,4.02
2008-02-18,4.045,4.1125,3.995,4.02
2008-02-19,4.05,4.14,3.99,4.02
2008-02-20,4.11,4.11,4.02,4.02
2008-02-21,4.12,4.12,4.02,4.03
2008-02-22,4.1,4.1,4.06,4.07
2008-02-25,4.05,4.12,4.05,4.1
2008-02-26,4.07,4.12,4.07,4.11
2008-02-27,4.12,4.12,4.06,4.06
2008-02-28,4.06,4.19,4.06,4.16
2008-02-29,4.12,4.2,4.08,4.08
2008-03-03,4.15,4.17,4.07,4.07
2008-03-04,4.12,4.13,4.1,4.1
2008-03-05,4.13,4.2,4.05,4.2
2008-03-06,4.18,4.19,4.12,4.13
2008-03-07,4.06,4.19,4.06,4.09
2008-03-10,4.1,4.14,4.06,4.12
2008-03-11,4.15,4.15,4.06,4.14
2008-03-12,4.07,4.16,4.06,4.09
2008-03-13,4.07,4.15,4.0,4.05
2008-03-14,4.07,4.14,4.03,4.05
2008-03-17,4.1,4.1,3.99,4.0
2008-03-18,3.98,4.03,3.85,3.88
2008-03-19,3.87,3.96,3.87,3.9
2008-03-20,3.92,3.93,3.88,3.88
2008-03-21,3.91,3.935,3.88,3.8925
2008-03-24,3.88,3.95,3.88,3.93
2008-03-25,3.95,3.95,3.89,3.9
2008-03-26,3.97,3.99,3.93,3.98
2008-03-27,3.99,4.01,3.95,4.0
2008-03-28,4.02,4.02,3.97,4.02
2008-03-31,4.04,4.04,4.01,4.04
2008-04-01,4.04,4.04,3.98,3.98
2008-04-02,4.02,4.02,3.96,4.0
2008-04-03,4.0,4.0,3.91,3.99
2008-04-04,3.95,4.0,3.88,3.93
2008-04-07,3.8,3.95,3.8,3.9
2008-04-08,3.9,3.9,3.73,3.74
2008-04-09,3.78,3.84,3.78,3.84
2008-04-10,3.83,3.85,3.77,3.85
2008-04-11,3.85,3.88,3.84,3.86
2008-04-14,3.89,3.98,3.88,3.88
2008-04-15,3.86,3.93,3.83,3.83
2008-04-16,3.84,3.93,3.84,3.85
2008-04-17,3.85,3.86,3.84,3.84
2008-04-18,3.84,3.87,3.84,3.87
2008-04-21,3.84,3.88,3.82,3.84
2008-04-22,3.84,3.85,3.81,3.85
2008-04-23,3.81,3.87,3.81,3.85
2008-04-24,3.82,3.82,3.8,3.82
2008-04-25,3.81,3.81,3.81,3.81
2008-04-28,3.82,3.87,3.82,3.85
2008-04-29,3.84,3.89,3.84,3.89
2008-04-30,3.89,3.9,3.87,3.88
2008-05-01,3.9,3.92,3.89,3.92
2008-05-02,3.92,3.92,3.88,3.89
2008-05-05,3.89,3.92,3.86,3.92
2008-05-06,3.91,3.91,3.91,3.91
2008-05-07,3.92,3.96,3.91,3.96
2008-05-08,3.92,3.94,3.92,3.92
2008-05-09,3.92,3.93,3.92,3.93
2008-05-12,3.94,3.96,3.93,3.93
2008-05-13,3.95,3.96,3.94,3.94
2008-05-14,3.95,3.97,3.94,3.97
2008-05-15,3.97,3.98,3.97,3.98
2008-05-16,3.98,4.0,3.97,3.98
2008-05-19,3.98,4.05,3.97,4.05
2008-05-20,4.0,4.05,3.97,3.97
2008-05-21,3.93,3.98,3.93,3.98
2008-05-22,3.99,4.05,3.99,4.04
2008-05-23,4.01,4.01,3.99,4.0
2008-05-26,3.995,4.0175,3.99,4.015
2008-05-27,3.99,4.02,3.99,4.02
2008-05-28,3.95,4.02,3.95,4.02
2008-05-29,4.01,4.02,4.01,4.02
2008-05-30,4.01,4.05,4.01,4.01
2008-06-02,4.0,4.01,4.0,4.01
2008-06-03,4.01,4.01,4.01,4.01
2008-06-04,4.0,4.01,4.0,4.0
2008-06-05,4.0,4.0,4.0,4.0
2008-06-06,4.05,4.05,4.05,4.05
2008-06-09,4.02,4.04,4.01,4.04
2008-06-10,4.01,4.04,4.01,4.01
2008-06-11,4.04,4.04,4.01,4.04
2008-06-12,3.95,3.96,3.93,3.96
2008-06-13,3.9,3.94,3.9,3.94
2008-06-16,3.93,3.93,3.9,3.9
2008-06-17,3.87,3.88,3.86,3.87
2008-06-18,3.87,3.88,3.87,3.87
2008-06-19,3.86,3.86,3.84,3.85
2008-06-20,3.87,3.89,3.87,3.88
2008-06-23,3.9,3.9,3.87,3.87
2008-06-24,3.87,3.91,3.87,3.88
2008-06-25,3.9,3.9,3.89,3.89
2008-06-26,3.89,3.89,3.89,3.89
2008-06-27,3.91,3.91,3.89,3.89
2008-06-30,3.91,3.91,3.89,3.89
2008-07-01,3.9,3.9,3.9,3.9
2008-07-02,3.89,3.89,3.89,3.89
2008-07-03,3.87,3.87,3.87,3.87
2008-07-04,3.87,3.8725,3.87,3.87
2008-07-07,3.87,3.88,3.87,3.87
2008-07-08,3.87,3.9,3.87,3.87
2008-07-09,3.87,3.87,3.86,3.86
2008-07-10,3.86,3.86,3.81,3.83
2008-07-11,3.83,3.84,3.79,3.8
2008-07-14,3.8,3.83,3.77,3.77
2008-07-15,3.75,3.8,3.73,3.73
2008-07-16,3.73,3.75,3.72,3.73
2008-07-17,3.73,3.77,3.73,3.75
2008-07-18,3.77,3.77,3.76,3.76
2008-07-21,3.75,3.82,3.74,3.76
2008-07-22,3.75,3.75,3.75,3.75
2008-07-23,3.79,3.79,3.79,3.79
2008-07-24,3.79,3.82,3.79,3.8
2008-07-25,3.8,3.8,3.76,3.76
2008-07-28,3.83,3.83,3.76,3.76
2008-07-29,3.76,3.76,3.73,3.74
2008-07-30,3.74,3.74,3.72,3.72
2008-07-31,3.73,3.74,3.73,3.74
2008-08-01,3.79,3.79,3.79,3.79
2008-08-04,3.75,3.75,3.75,3.75
2008-08-05,3.76,3.76,3.76,3.76
2008-08-06,3.76,3.78,3.74,3.74
2008-08-07,3.73,3.73,3.73,3.73
2008-08-08,3.74,3.74,3.72,3.74
2008-08-11,3.72,3.72,3.71,3.71
2008-08-12,3.71,3.72,3.7,3.71
2008-08-13,3.71,3.71,3.71,3.71
2008-08-14,3.71,3.74,3.7,3.7
2008-08-15,3.71,3.71,3.71,3.71
2008-08-18,3.7,3.7,3.67,3.68
2008-08-19,3.67,3.69,3.67,3.68
2008-08-20,3.67,3.68,3.67,3.68
2008-08-21,3.67,3.68,3.67,3.68
2008-08-22,3.67,3.7,3.67,3.67
2008-08-25,3.67,3.73,3.67,3.73
2008-08-26,3.69,3.73,3.68,3.68
2008-08-27,3.68,3.68,3.67,3.68
2008-08-28,3.67,3.68,3.67,3.68
2008-08-29,3.67,3.68,3.66,3.68
2008-09-01,3.6775,3.68,3.6750000000000003,3.68
2008-09-02,3.68,3.68,3.68,3.68
2008-09-03,3.66,3.66,3.66,3.66
2008-09-04,3.67,3.67,3.65,3.65
2008-09-05,3.66,3.66,3.61,3.63
2008-09-08,3.65,3.65,3.63,3.63
2008-09-09,3.69,3.69,3.62,3.62
2008-09-10,3.61,3.65,3.58,3.58
2008-09-11,3.58,3.58,3.55,3.56
2008-09-12,3.55,3.57,3.54,3.54
2008-09-15,3.54,3.59,3.54,3.59
2008-09-16,3.4,3.62,3.4,3.61
2008-09-17,3.46,3.5,3.3,3.35
2008-09-18,3.3,3.36,3.3,3.36
2008-09-19,3.3,3.34,3.25,3.28
2008-09-22,3.22,3.29,2.75,3.01
2008-09-23,3.01,3.21,2.5,3.19
2008-09-24,3.2,3.22,3.15,3.22
2008-09-25,3.23,3.25,3.15,3.25
2008-09-26,3.15,3.15,3.11,3.13
2008-09-29,3.19,3.2,2.8,2.8
2008-09-30,2.81,3.2,2.81,3.04
2008-10-01,3.05,3.15,3.05,3.12
2008-10-02,3.1,3.1,2.96,3.1
2008-10-03,3.0,3.11,3.0,3.11
2008-10-06,2.9,2.9,2.0,2.5
2008-10-07,2.5,2.79,2.5,2.57
2008-10-08,2.57,2.6,2.4,2.4
2008-10-09,2.4,2.4,2.0,2.12
2008-10-10,2.5,2.5,1.5,2.2
2008-10-13,2.15,2.42,2.15,2.42
2008-10-14,2.45,2.65,2.44,2.6
2008-10-15,2.6,2.84,2.55,2.59
2008-10-16,2.61,2.61,2.51,2.51
2008-10-17,2.51,2.55,2.46,2.54
2008-10-20,2.65,2.7,2.65,2.7
2008-10-21,2.73,2.73,2.65,2.65
2008-10-22,2.65,2.65,2.56,2.56
2008-10-23,2.51,2.56,2.45,2.5
2008-10-24,2.5,2.5,2.43,2.47
2008-10-27,2.45,2.51,2.45,2.51
2008-10-28,2.51,2.74,2.5,2.55
2008-10-29,2.6,2.6,2.6,2.6
2008-10-30,2.63,2.75,2.63,2.7
2008-10-31,2.7,2.71,2.7,2.7
2008-11-03,2.7,2.7,2.69,2.7
2008-11-04,2.7,2.75,2.65,2.75
2008-11-05,2.74,2.74,2.72,2.74
2008-11-06,2.74,2.74,2.74,2.74
2008-11-07,2.72,2.75,2.68,2.69
2008-11-10,2.75,2.75,2.69,2.69
2008-11-11,2.67,2.67,2.6,2.6
2008-11-12,2.6,2.61,2.2,2.55
2008-11-13,2.5,2.5,2.45,2.45
2008-11-14,2.48,2.48,2.48,2.48
2008-11-17,2.48,2.5,2.48,2.48
2008-11-18,2.47,2.47,2.47,2.47
2008-11-19,2.47,2.47,2.22,2.35
2008-11-20,2.2,2.25,2.2,2.25
2008-11-21,2.25,2.25,2.1,2.1
2008-11-24,2.2,2.2,2.15,2.16
2008-11-25,2.16,2.4,2.16,2.4
2008-11-26,2.26,2.4,2.17,2.36
2008-11-27,2.305,2.385,2.2600000000000002,2.355
2008-11-28,2.35,2.37,2.35,2.35
2008-12-01,2.35,2.5,2.35,2.5
2008-12-02,2.6,2.65,2.6,2.65
2008-12-03,2.5,2.5,2.35,2.4
2008-12-04,2.4,2.4,2.4,2.4
2008-12-05,2.4,2.4,2.39,2.4
2008-12-08,2.4,2.4,2.4,2.4
2008-12-09,2.42,2.55,2.32,2.32
2008-12-10,2.35,2.4,2.27,2.4
2008-12-11,2.19,2.25,2.19,2.25
2008-12-12,2.3,2.35,2.22,2.35
2008-12-15,2.4,2.4,2.4,2.4
2008-12-16,2.41,2.55,2.38,2.5
2008-12-17,2.5,2.65,2.5,2.65
2008-12-18,2.58,2.58,2.26,2.26
2008-12-19,2.58,2.59,2.45,2.5
2008-12-22,2.5,2.62,2.5,2.5
2008-12-23,2.5,2.54,2.5,2.54
2008-12-24,2.53,2.61,2.53,2.61
2008-12-25,2.615,2.8049999999999997,2.605,2.8049999999999997
2008-12-26,2.7,3.0,2.68,3.0
2008-12-29,2.95,2.95,2.63,2.63
2008-12-30,2.65,2.69,2.55,2.65
2008-12-31,2.95,2.95,2.65,2.7
2009-01-01,2.75,2.9450000000000003,2.5999999999999996,2.8000000000000003
2009-01-02,2.55,2.94,2.55,2.9
2009-01-05,2.75,2.9,2.75,2.9
2009-01-06,2.95,3.05,2.95,2.96
2009-01-07,2.98,2.99,2.9,2.95
2009-01-08,2.95,2.95,2.95,2.95
2009-01-09,2.93,2.93,2.88,2.9
2009-01-12,2.9,2.98,2.87,2.92
2009-01-13,2.91,2.91,2.91,2.91
2009-01-14,3.0,3.0,3.0,3.0
2009-01-15,2.94,2.94,2.94,2.94
2009-01-16,2.93,2.93,2.93,2.93
2009-01-19,2.93,2.93,2.915,2.915
2009-01-20,2.93,2.93,2.91,2.91
2009-01-21,2.93,2.93,2.85,2.85
2009-01-22,2.86,2.86,2.82,2.83
2009-01-23,2.82,2.82,2.82,2.82
2009-01-26,2.83,3.21,2.83,3.1
2009-01-27,3.1,3.35,3.07,3.07
2009-01-28,3.08,3.1,3.08,3.09
2009-01-29,3.08,3.08,3.08,3.08
2009-01-30,3.08,3.08,3.08,3.08
2009-02-02,3.05,3.05,2.91,2.94
2009-02-03,2.94,2.95,2.83,2.93
2009-02-04,2.93,2.93,2.91,2.91
2009-02-05,2.91,2.91,2.85,2.9
2009-02-06,2.9,2.9,2.9,2.9
2009-02-09,2.9,2.9,2.9,2.9
2009-02-10,2.9,2.9,2.9,2.9
2009-02-11,2.85,2.85,2.84,2.85
2009-02-12,2.85,2.85,2.85,2.85
2009-02-13,2.84,2.84,2.82,2.82
2009-02-16,2.8249999999999997,2.8925,2.7975,2.8049999999999997
2009-02-17,2.82,2.91,2.79,2.8
2009-02-18,2.82,2.82,2.8,2.8
2009-02-19,2.78,2.8,2.68,2.68
2009-02-20,2.68,2.68,2.67,2.67
2009-02-23,2.9,2.9,2.67,2.67
2009-02-24,2.67,2.67,2.67,2.67
2009-02-25,2.67,2.67,2.67,2.67
2009-02-26,2.67,2.74,2.25,2.65
2009-02-27,2.6,2.6,2.5,2.5
2009-03-02,2.5,2.6,2.5,2.5
2009-03-03,2.5,2.6,2.31,2.38
2009-03-04,2.38,2.38,2.38,2.38
2009-03-05,2.38,2.38,2.38,2.38
2009-03-06,2.28,2.36,2.18,2.23
2009-03-09,2.25,2.28,2.25,2.28
2009-03-10,2.27,2.27,2.27,2.27
2009-03-11,2.28,2.28,2.27,2.27
2009-03-12,2.27,2.32,2.27,2.32
2009-03-13,2.35,2.4,2.35,2.4
2009-03-16,2.4,2.41,2.4,2.4
2009-03-17,2.32,2.38,2.3,2.38
2009-03-18,2.38,2.38,2.38,2.38
2009-03-19,2.43,2.5,2.43,2.5
2009-03-20,2.5,2.5,2.5,2.5
2009-03-23,2.4,2.63,2.4,2.63
2009-03-24,2.63,2.63,2.57,2.57
2009-03-25,2.55,2.55,2.55,2.55
2009-03-26,2.6,2.6,2.55,2.6
2009-03-27,2.65,2.65,2.55,2.55
2009-03-30,2.55,2.59,2.51,2.56
2009-03-31,2.7,2.74,2.55,2.55
2009-04-01,2.55,2.61,2.55,2.55
2009-04-02,2.55,2.63,2.55,2.63
2009-04-03,2.55,2.55,2.55,2.55
2009-04-06,2.6,2.6,2.6,2.6
2009-04-07,2.6,2.6,2.6,2.6
2009-04-08,2.6,2.6,2.6,2.6
2009-04-09,2.63,2.63,2.63,2.63
2009-04-10,2.6225,2.6225,2.6225,2.6225
2009-04-13,2.6,2.6,2.6,2.6
2009-04-14,2.56,2.65,2.56,2.65
2009-04-15,2.6,2.6,2.6,2.6
2009-04-16,2.6,2.6,2.6,2.6
2009-04-17,2.7,2.8,2.7,2.8
2009-04-20,2.8,2.8,2.8,2.8
2009-04-21,2.8,2.8,2.8,2.8
2009-04-22,2.77,2.8,2.77,2.79
2009-04-23,2.6,2.6,2.6,2.6
2009-04-24,2.77,2.77,2.77,2.77
2009-04-27,2.63,2.66,2.6,2.66
2009-04-28,2.7,2.7,2.7,2.7
2009-04-29,2.7,2.7,2.6,2.6
2009-04-30,2.73,2.9,2.63,2.63
2009-05-01,2.63,2.65,2.63,2.65
2009-05-04,2.7,2.95,2.7,2.85
2009-05-05,2.9,2.9,2.9,2.9
2009-05-06,2.89,2.9,2.89,2.9
2009-05-07,2.83,2.9,2.83,2.9
2009-05-08,2.9,2.9,2.87,2.9
2009-05-11,2.9,2.9,2.88,2.88
2009-05-12,2.87,2.89,2.87,2.88
2009-05-13,2.88,2.88,2.87,2.87
2009-05-14,2.88,2.88,2.87,2.87
2009-05-15,2.87,2.87,2.87,2.87
2009-05-18,2.88,2.88,2.88,2.88
2009-05-19,2.9,2.9,2.9,2.9
2009-05-20,2.85,2.85,2.85,2.85
2009-05-21,2.84,2.84,2.72,2.72
2009-05-22,2.9,2.91,2.75,2.85
2009-05-25,2.8325,2.8725,2.795,2.85
2009-05-26,2.81,2.86,2.81,2.85
2009-05-27,2.9,2.92,2.88,2.9
2009-05-28,2.94,2.95,2.85,2.92
2009-05-29,2.93,2.98,2.9,2.96
2009-06-01,3.0,3.19,2.97,3.0
2009-06-02,3.0,3.0,3.0,3.0
2009-06-03,3.08,3.15,3.08,3.15
2009-06-04,3.15,3.18,3.1,3.15
2009-06-05,3.15,3.15,3.15,3.15
2009-06-08,3.15,3.17,2.97,2.97
2009-06-09,2.97,3.15,2.97,3.1
2009-06-10,3.15,3.25,3.1,3.1
2009-06-11,3.0,3.1,3.0,3.08
2009-06-12,3.08,3.1,2.96,2.96
2009-06-15,3.07,3.07,2.96,2.96
2009-06-16,3.0,3.1,2.96,3.1
2009-06-17,3.02,3.02,2.95,2.96
2009-06-18,2.97,3.0,2.97,3.0
2009-06-19,2.96,3.0,2.96,3.0
2009-06-22,2.97,3.0,2.96,3.0
2009-06-23,2.96,2.98,2.96,2.98
2009-06-24,2.96,2.98,2.96,2.98
2009-06-25,2.99,2.99,2.96,2.97
2009-06-26,2.97,2.99,2.97,2.99
2009-06-29,2.95,3.0,2.95,3.0
2009-06-30,3.12,3.12,3.09,3.1
2009-07-01,3.09,3.09,2.92,3.09
2009-07-02,3.0,3.12,3.0,3.05
2009-07-03,3.0,3.09,2.9875,3.025
2009-07-06,3.0,3.0,2.95,2.95
2009-07-07,2.95,2.95,2.95,2.95
2009-07-08,3.0,3.0,2.85,2.9
2009-07-09,2.93,2.93,2.93,2.93
2009-07-10,2.93,2.93,2.93,2.93
2009-07-13,2.94,2.94,2.94,2.94
2009-07-14,3.0,3.0,3.0,3.0
2009-07-15,3.0,3.0,2.97,2.97
2009-07-16,2.97,3.09,2.97,3.09
2009-07-17,2.97,2.97,2.97,2.97
2009-07-20,3.05,3.05,2.95,2.95
2009-07-21,2.97,3.05,2.97,3.05
2009-07-22,2.95,3.01,2.95,3.01
2009-07-23,3.0,3.0,2.98,3.0
2009-07-24,3.01,3.01,3.01,3.01
2009-07-27,2.97,3.09,2.97,3.09
2009-07-28,3.09,3.18,3.08,3.08
2009-07-29,3.1,3.1,3.02,3.02
2009-07-30,3.15,3.19,3.03,3.03
2009-07-31,3.03,3.03,3.03,3.03
2009-08-03,3.19,3.19,3.11,3.11
2009-08-04,3.15,3.19,3.15,3.19
2009-08-05,3.17,3.29,3.17,3.18
2009-08-06,3.17,3.2,3.17,3.17
2009-08-07,3.17,3.18,3.15,3.18
2009-08-10,3.18,3.19,3.18,3.19
2009-08-11,3.19,3.28,3.19,3.19
2009-08-12,3.2,3.29,3.2,3.2
2009-08-13,3.22,3.3,3.22,3.3
2009-08-14,3.3,3.3,3.3,3.3
2009-08-17,3.24,3.26,3.23,3.23
2009-08-18,3.3,3.3,3.3,3.3
2009-08-19,3.29,3.35,3.29,3.34
2009-08-20,3.23,3.23,3.23,3.23
2009-08-21,3.23,3.43,3.23,3.25
2009-08-24,3.25,3.25,3.23,3.23
2009-08-25,3.24,3.24,3.24,3.24
2009-08-26,3.2,3.3,3.2,3.3
2009-08-27,3.23,3.3,3.22,3.3
2009-08-28,3.3,3.4,3.3,3.3
2009-08-31,3.3,3.3,3.21,3.21
2009-09-01,3.25,3.4,3.21,3.21
2009-09-02,3.21,3.22,3.21,3.22
2009-09-03,3.21,3.22,3.21,3.22
2009-09-04,3.22,3.22,3.21,3.21
2009-09-07,3.22,3.3325,3.21,3.21
2009-09-08,3.22,3.37,3.21,3.21
2009-09-09,3.24,3.38,3.24,3.37
2009-09-10,3.37,3.38,3.37,3.38
2009-09-11,3.3,3.3,3.1,3.3
2009-09-14,3.23,3.23,3.23,3.23
2009-09-15,3.29,3.35,3.25,3.3
2009-09-16,3.32,3.39,3.32,3.39
2009-09-17,3.39,3.42,3.35,3.38
2009-09-18,3.32,3.6,3.32,3.44
2009-09-21,3.47,3.47,3.4,3.44
2009-09-22,3.44,3.47,3.4,3.47
2009-09-23,3.47,3.55,3.41,3.55
2009-09-24,3.54,3.75,3.53,3.55
2009-09-25,3.75,3.75,3.5,3.5
2009-09-28,3.5,3.62,3.45,3.62
2009-09-29,3.45,3.62,3.45,3.46
2009-09-30,3.73,3.73,3.37,3.37
2009-10-01,3.5,3.73,3.38,3.42
2009-10-02,3.38,3.43,3.38,3.38
2009-10-05,3.38,3.6,3.38,3.5
2009-10-06,3.58,3.62,3.56,3.62
2009-10-07,3.62,3.74,3.53,3.72
2009-10-08,3.71,3.74,3.64,3.65
2009-10-09,3.62,3.73,3.6,3.73
2009-10-12,3.67,3.67,3.63,3.63
2009-10-13,3.63,3.63,3.6,3.63
2009-10-14,3.63,3.63,3.6,3.61
2009-10-15,3.6,3.7,3.6,3.65
2009-10-16,3.6,3.6,3.5,3.53
2009-10-19,3.53,3.53,3.53,3.53
2009-10-20,3.6,3.64,3.6,3.6
2009-10-21,3.56,3.59,3.49,3.59
2009-10-22,3.56,3.56,3.56,3.56
2009-10-23,3.56,3.56,3.42,3.5
2009-10-26,3.5,3.5,3.5,3.5
2009-10-27,3.55,3.55,3.5,3.5
2009-10-28,3.43,3.43,3.43,3.43
2009-10-29,3.45,3.45,3.45,3.45
2009-10-30,3.49,3.49,3.37,3.49
2009-11-02,3.37,3.48,3.37,3.48
2009-11-03,3.48,3.55,3.47,3.5
2009-11-04,3.5,3.5,3.45,3.45
2009-11-05,3.37,3.5,3.37,3.5
2009-11-06,3.5,3.5,3.5,3.5
2009-11-09,3.49,3.5,3.49,3.5
2009-11-10,3.46,3.46,3.4,3.46
2009-11-11,3.43,3.46,3.43,3.46
2009-11-12,3.46,3.46,3.45,3.45
2009-11-13,3.45,3.45,3.45,3.45
2009-11-16,3.45,3.46,3.45,3.46
2009-11-17,3.51,3.59,3.51,3.55
2009-11-18,3.46,3.55,3.46,3.55
2009-11-19,3.55,3.55,3.55,3.55
2009-11-20,3.55,3.55,3.55,3.55
2009-11-23,3.48,3.55,3.48,3.55
2009-11-24,3.55,3.55,3.55,3.55
2009-11-25,3.45,3.55,3.45,3.55
2009-11-26,3.5,3.55,3.5,3.55
2009-11-27,3.55,3.55,3.55,3.55
2009-11-30,3.5,3.79,3.47,3.47
2009-12-01,3.6,3.6,3.51,3.6
2009-12-02,3.7,3.7,3.5,3.51
2009-12-03,3.6,3.6,3.6,3.6
2009-12-04,3.65,3.65,3.51,3.65
2009-12-07,3.52,3.55,3.5,3.55
2009-12-08,3.51,3.7,3.51,3.65
2009-12-09,3.65,3.65,3.52,3.52
2009-12-10,3.53,3.7,3.52,3.7
2009-12-11,3.37,3.7,3.37,3.63
2009-12-14,3.52,3.8,3.5,3.65
2009-12-15,3.52,3.6,3.35,3.35
2009-12-16,3.51,3.52,3.51,3.52
2009-12-17,3.53,3.53,3.5,3.5
2009-12-18,3.65,3.65,3.65,3.65
2009-12-21,3.51,3.55,3.35,3.51
2009-12-22,3.52,3.52,3.37,3.4
2009-12-23,3.42,3.5,3.42,3.5
2009-12-24,3.65,3.65,3.45,3.5
2009-12-25,3.64,3.675,3.49,3.56
2009-12-28,3.61,3.75,3.61,3.74
2009-12-29,3.69,3.7,3.69,3.7
2009-12-30,3.55,3.69,3.53,3.54
2009-12-31,3.59,3.66,3.59,3.65
2010-01-01,3.6075,3.66,3.6075,3.6525
2010-01-04,3.66,3.66,3.66,3.66
2010-01-05,3.65,3.68,3.55,3.66
2010-01-06,3.66,3.66,3.66,3.66
2010-01-07,3.52,3.59,3.52,3.59
2010-01-08,3.6,3.6,3.56,3.56
2010-01-11,3.65,3.65,3.65,3.65
2010-01-12,3.65,3.66,3.6,3.6
2010-01-13,3.62,3.62,3.58,3.61
2010-01-14,3.67,3.68,3.67,3.68
2010-01-15,3.65,3.65,3.65,3.65
2010-01-18,3.65,3.6725000000000003,3.65,3.665
2010-01-19,3.65,3.68,3.65,3.67
2010-01-20,3.66,3.69,3.66,3.66
2010-01-21,3.67,3.7,3.66,3.7
2010-01-22,3.7,3.7,3.66,3.7
2010-01-25,3.67,3.69,3.6,3.6
2010-01-26,3.69,3.69,3.69,3.69
2010-01-27,3.69,3.69,3.6,3.6
2010-01-28,3.6,3.6,3.6,3.6
2010-01-29,3.64,3.64,3.6,3.6
2010-02-01,3.6,3.6,3.6,3.6
2010-02-02,3.56,3.7,3.56,3.7
2010-02-03,3.58,3.58,3.57,3.57
2010-02-04,3.57,3.7,3.57,3.7
2010-02-05,3.57,3.57,3.57,3.57
2010-02-08,3.57,3.6,3.55,3.6
2010-02-09,3.56,3.56,3.56,3.56
2010-02-10,3.57,3.57,3.55,3.55
2010-02-11,3.52,3.6,3.5,3.6
2010-02-12,3.55,3.55,3.55,3.55
2010-02-15,3.55,3.5875,3.55,3.5875
2010-02-16,3.55,3.6,3.55,3.6
2010-02-17,3.55,3.6,3.5,3.52
2010-02-18,3.6,3.6,3.6,3.6
2010-02-19,3.52,3.54,3.45,3.54
2010-02-22,3.57,3.58,3.56,3.58
2010-02-23,3.5,3.63,3.5,3.59
2010-02-24,3.6,3.64,3.58,3.64
2010-02-25,3.64,3.7,3.51,3.54
2010-02-26,3.57,3.6,3.57,3.6
2010-03-01,3.68,3.69,3.47,3.68
2010-03-02,3.68,3.68,3.58,3.6
2010-03-03,3.68,3.68,3.6,3.65
2010-03-04,3.65,3.65,3.65,3.65
2010-03-05,3.68,3.7,3.68,3.7
2010-03-08,3.75,3.75,3.65,3.72
2010-03-09,3.72,3.74,3.72,3.74
2010-03-10,3.61,3.75,3.61,3.75
2010-03-11,3.6,3.75,3.6,3.75
2010-03-12,3.75,3.8,3.74,3.74
2010-03-15,3.74,3.74,3.71,3.74
2010-03-16,3.72,3.78,3.72,3.78
2010-03-17,3.75,3.75,3.66,3.7
2010-03-18,3.7,3.72,3.7,3.7
2010-03-19,3.7,3.7,3.7,3.7
2010-03-22,3.7,3.73,3.7,3.73
2010-03-23,3.66,3.75,3.66,3.75
2010-03-24,3.75,3.75,3.71,3.71
2010-03-25,3.74,3.78,3.71,3.71
2010-03-26,3.78,3.78,3.71,3.76
2010-03-29,3.77,3.77,3.77,3.77
2010-03-30,3.77,3.77,3.71,3.71
2010-03-31,3.71,3.78,3.7,3.78
2010-04-01,3.78,3.78,3.71,3.77
2010-04-02,3.7725,3.7849999999999997,3.715,3.7775
2010-04-05,3.75,3.8,3.73,3.8
2010-04-06,3.81,3.81,3.8,3.8
2010-04-07,3.8,3.84,3.73,3.83
2010-04-08,3.73,3.82,3.73,3.82
2010-04-09,3.82,3.82,3.82,3.82
2010-04-12,3.82,3.82,3.82,3.82
2010-04-13,3.75,3.75,3.75,3.75
2010-04-14,3.82,3.82,3.75,3.75
2010-04-15,3.78,3.82,3.78,3.8
2010-04-16,3.8,3.8,3.77,3.8
2010-04-19,3.76,3.8,3.76,3.76
2010-04-20,3.75,3.8,3.75,3.77
2010-04-21,3.75,3.8,3.75,3.8
2010-04-22,3.76,3.82,3.75,3.82
2010-04-23,3.79,3.79,3.75,3.78
2010-04-26,3.75,3.76,3.75,3.76
2010-04-27,3.76,3.78,3.76,3.78
2010-04-28,3.78,3.78,3.66,3.7
2010-04-29,3.72,3.77,3.72,3.77
2010-04-30,3.77,3.77,3.77,3.77
2010-05-03,3.76,3.82,3.76,3.82
2010-05-04,3.82,3.82,3.82,3.82
2010-05-05,3.84,3.85,3.77,3.8
2010-05-06,3.77,3.77,3.66,3.66
2010-05-07,3.65,3.75,3.6,3.6
2010-05-10,3.6,3.68,3.6,3.68
2010-05-11,3.66,3.68,3.6,3.68
2010-05-12,3.62,3.62,3.62,3.62
2010-05-13,3.62,3.69,3.57,3.57
2010-05-14,3.58,3.6,3.46,3.6
2010-05-17,3.6,3.6,3.6,3.6
2010-05-18,3.52,3.52,3.5,3.52
2010-05-19,3.52,3.52,3.52,3.52
2010-05-20,3.54,3.59,3.52,3.59
2010-05-21,3.59,3.59,3.25,3.45
2010-05-24,3.46,3.55,3.38,3.55
2010-05-25,3.38,3.53,3.38,3.48
2010-05-26,3.51,3.55,3.51,3.51
2010-05-27,3.51,3.51,3.5,3.5
2010-05-28,3.52,3.55,3.52,3.55
2010-05-31,3.5425,3.55,3.5425,3.55
2010-06-01,3.55,3.55,3.55,3.55
2010-06-02,3.5,3.5,3.5,3.5
2010-06-03,3.5,3.5,3.5,3.5
2010-06-04,3.52,3.54,3.42,3.54
2010-06-07,3.54,3.54,3.54,3.54
2010-06-08,3.45,3.57,3.36,3.5
2010-06-09,3.5,3.5,3.5,3.5
2010-06-10,3.43,3.43,3.43,3.43
2010-06-11,3.43,3.43,3.43,3.43
2010-06-14,3.5,3.5,3.5,3.5
2010-06-15,3.5,3.5,3.5,3.5
2010-06-16,3.38,3.6,3.38,3.6
2010-06-17,3.46,3.6,3.45,3.6
2010-06-18,3.45,3.6,3.45,3.55
2010-06-21,3.48,3.6,3.48,3.6
2010-06-22,3.52,3.59,3.52,3.52
2010-06-23,3.48,3.48,3.48,3.48
2010-06-24,3.49,3.49,3.49,3.49
2010-06-25,3.59,3.59,3.48,3.48
2010-06-28,3.48,3.48,3.48,3.48
2010-06-29,3.43,3.43,3.43,3.43
2010-06-30,3.49,3.5,3.43,3.43
2010-07-01,3.44,3.55,3.43,3.55
2010-07-02,3.51,3.51,3.51,3.51
2010-07-05,3.45,3.5399999999999996,3.45,3.48
2010-07-06,3.43,3.55,3.43,3.47
2010-07-07,3.47,3.47,3.36,3.44
2010-07-08,3.37,3.47,3.34,3.46
2010-07-09,3.46,3.46,3.38,3.44
2010-07-12,3.44,3.44,3.36,3.4
2010-07-13,3.49,3.5,3.36,3.38
2010-07-14,3.48,3.5,3.48,3.5
2010-07-15,3.4,3.5,3.4,3.41
2010-07-16,3.41,3.41,3.41,3.41
2010-07-19,3.48,3.48,3.34,3.45
2010-07-20,3.37,3.45,3.37,3.45
2010-07-21,3.4,3.45,3.4,3.45
2010-07-22,3.45,3.54,3.45,3.54
2010-07-23,3.54,3.54,3.54,3.54
2010-07-26,3.52,3.53,3.51,3.53
2010-07-27,3.56,3.59,3.53,3.59
2010-07-28,3.55,3.55,3.55,3.55
2010-07-29,3.55,3.55,3.55,3.55
2010-07-30,3.49,3.57,3.49,3.57
2010-08-02,3.5,3.65,3.5,3.65
2010-08-03,3.61,3.68,3.56,3.68
2010-08-04,3.68,3.69,3.68,3.69
2010-08-05,3.69,3.69,3.69,3.69
2010-08-06,3.68,3.7,3.68,3.7
2010-08-09,3.7,3.7,3.65,3.68
2010-08-10,3.65,3.7,3.65,3.7
2010-08-11,3.63,3.73,3.63,3.65
2010-08-12,3.64,3.64,3.64,3.64
2010-08-13,3.64,3.68,3.64,3.68
2010-08-16,3.63,3.69,3.63,3.67
2010-08-17,3.66,3.7,3.62,3.7
2010-08-18,3.7,3.72,3.67,3.67
2010-08-19,3.67,3.67,3.67,3.67
2010-08-20,3.67,3.72,3.65,3.72
2010-08-23,3.72,3.72,3.65,3.65
2010-08-24,3.65,3.65,3.65,3.65
2010-08-25,3.65,3.7,3.53,3.53
2010-08-26,3.7,3.7,3.65,3.65
2010-08-27,3.65,3.7,3.65,3.7
2010-08-30,3.7,3.7,3.59,3.69
2010-08-31,3.69,3.71,3.65,3.7
2010-09-01,3.7,3.7,3.66,3.66
2010-09-02,3.66,3.68,3.59,3.63
2010-09-03,3.68,3.72,3.68,3.72
2010-09-06,3.71,3.7425,3.7025,3.7425
2010-09-07,3.72,3.75,3.71,3.75
2010-09-08,3.75,3.75,3.69,3.69
2010-09-09,3.7,3.75,3.6,3.75
2010-09-10,3.75,3.78,3.65,3.77
2010-09-13,3.75,3.8,3.7,3.78
2010-09-14,3.78,3.79,3.75,3.76
2010-09-15,3.75,3.79,3.75,3.78
2010-09-16,3.77,3.79,3.67,3.79
2010-09-17,3.79,3.8,3.76,3.8
2010-09-20,3.79,3.8,3.79,3.8
2010-09-21,3.8,3.8,3.79,3.8
2010-09-22,3.8,3.8,3.75,3.77
2010-09-23,3.8,3.8,3.79,3.8
2010-09-24,3.8,3.8,3.78,3.78
2010-09-27,3.78,3.8,3.78,3.8
2010-09-28,3.8,3.8,3.79,3.8
2010-09-29,3.8,3.8,3.79,3.8
2010-09-30,3.8,3.85,3.8,3.83
2010-10-01,3.83,3.9,3.83,3.9
2010-10-04,3.82,3.89,3.82,3.89
2010-10-05,3.89,3.9,3.86,3.9
2010-10-06,3.87,3.89,3.87,3.88
2010-10-07,3.87,3.9,3.87,3.9
2010-10-08,3.92,3.95,3.87,3.94
2010-10-11,3.94,3.95,3.94,3.95
2010-10-12,3.92,3.95,3.92,3.93
2010-10-13,3.93,3.93,3.85,3.92
2010-10-14,3.95,3.96,3.94,3.95
2010-10-15,3.95,3.96,3.95,3.95
2010-10-18,3.96,3.98,3.95,3.98
2010-10-19,3.96,3.97,3.95,3.95
2010-10-20,3.96,4.16,3.96,4.05
2010-10-21,4.05,4.05,3.99,4.0
2010-10-22,3.96,4.0,3.95,4.0
2010-10-25,3.98,4.08,3.98,4.06
2010-10-26,3.97,3.97,3.96,3.96
2010-10-27,4.0,4.07,4.0,4.07
2010-10-28,4.07,4.07,4.02,4.02
2010-10-29,4.02,4.1,4.02,4.05
2010-11-01,4.02,4.1,4.02,4.07
2010-11-02,4.03,4.1,4.03,4.1
2010-11-03,4.1,4.1,4.03,4.03
2010-11-04,4.07,4.1,4.05,4.07
2010-11-05,4.02,4.1,4.02,4.09
2010-11-08,4.09,4.1,4.06,4.09
2010-11-09,4.09,4.12,4.02,4.02
2010-11-10,4.02,4.12,4.02,4.04
2010-11-11,4.07,4.1,4.03,4.03
2010-11-12,4.04,4.05,4.04,4.04
2010-11-15,4.03,4.03,4.02,4.02
2010-11-16,4.01,4.01,3.8,4.0
2010-11-17,3.87,4.02,3.86,4.02
2010-11-18,4.01,4.1,4.01,4.01
2010-11-19,4.01,4.01,4.0,4.0
2010-11-22,4.03,4.09,4.03,4.05
2010-11-23,4.0,4.05,3.99,4.05
2010-11-24,4.1,4.1,4.0,4.0
2010-11-25,4.05,4.05,4.0,4.0
2010-11-26,4.0,4.0,4.0,4.0
2010-11-29,4.0,4.0,4.0,4.0
2010-11-30,4.04,4.04,4.0,4.0
2010-12-01,4.02,4.04,4.02,4.04
2010-12-02,4.04,4.08,3.96,4.08
2010-12-03,4.06,4.08,4.06,4.07
2010-12-06,4.07,4.07,4.01,4.01
2010-12-07,4.01,4.07,4.01,4.01
2010-12-08,4.02,4.07,4.02,4.07
2010-12-09,4.05,4.05,4.05,4.05
2010-12-10,4.01,4.07,4.0,4.0
2010-12-13,4.0,4.26,3.93,4.0
2010-12-14,4.0,4.08,4.0,4.08
2010-12-15,4.06,4.1,4.0,4.05
2010-12-16,3.96,4.0,3.96,4.0
2010-12-17,4.1,4.2,4.05,4.08
2010-12-20,4.08,4.08,4.07,4.08
2010-12-21,4.08,4.08,4.01,4.03
2010-12-22,4.03,4.12,3.96,3.96
2010-12-23,4.05,4.11,4.05,4.08
2010-12-24,4.045,4.105,4.0375,4.0825
2010-12-27,4.03,4.09,4.0,4.09
2010-12-28,4.1,4.11,4.05,4.07
2010-12-29,4.05,4.12,4.03,4.12
2010-12-30,4.07,4.18,4.07,4.18
2010-12-31,4.04,4.26,4.04,4.17
2011-01-03,4.17,4.18,4.09,4.09
2011-01-04,4.17,4.17,4.09,4.09
2011-01-05,4.07,4.2,3.95,4.2
2011-01-06,4.07,4.17,4.07,4.08
2011-01-07,4.17,4.17,4.16,4.16
2011-01-10,4.16,4.2,4.16,4.2
2011-01-11,4.19,4.19,4.14,4.17
2011-01-12,4.18,4.2,4.17,4.2
2011-01-13,4.1,4.1,4.08,4.1
2011-01-14,4.16,4.16,4.16,4.16
2011-01-17,4.1000000000000005,4.2125,4.0925,4.0925
2011-01-18,4.08,4.23,4.07,4.07
2011-01-19,4.1,4.1,4.1,4.1
2011-01-20,4.08,4.1,4.08,4.1
2011-01-21,4.04,4.11,4.04,4.11
2011-01-24,4.14,4.22,4.12,4.12
2011-01-25,4.2,4.2,4.12,4.12
2011-01-26,4.2,4.2,4.13,4.15
2011-01-27,4.14,4.2,4.14,4.2
2011-01-28,4.2,4.2,4.2,4.2
2011-01-31,4.15,4.22,4.15,4.22
2011-02-01,4.13,4.15,4.12,4.12
2011-02-02,4.12,4.12,4.12,4.12
2011-02-03,4.12,4.12,4.12,4.12
2011-02-04,4.17,4.22,4.17,4.22
2011-02-07,4.15,4.25,4.15,4.25
2011-02-08,4.25,4.25,4.22,4.22
2011-02-09,4.23,4.24,4.23,4.23
2011-02-10,4.22,4.3,4.2,4.23
2011-02-11,4.26,4.31,4.25,4.25
2011-02-14,4.15,4.32,4.05,4.25
2011-02-15,4.25,4.3,4.24,4.24
2011-02-16,4.18,4.19,4.18,4.19
2011-02-17,4.29,4.32,4.25,4.32
2011-02-18,4.32,4.32,4.23,4.23
2011-02-21,4.23,4.260000000000001,4.170000000000001,4.170000000000001
2011-02-22,4.2,4.24,4.15,4.15
2011-02-23,4.12,4.3,4.12,4.15
2011-02-24,4.14,4.17,4.13,4.13
2011-02-25,4.17,4.25,4.17,4.23
2011-02-28,4.23,4.23,4.23,4.23
2011-03-01,4.25,4.25,4.25,4.25
2011-03-02,4.23,4.26,4.2,4.26
2011-03-03,4.25,4.31,4.23,4.31
2011-03-04,4.31,4.34,4.25,4.25
2011-03-07,4.35,4.35,4.12,4.3
2011-03-08,4.3,4.35,4.17,4.23
2011-03-09,4.23,4.31,4.23,4.24
2011-03-10,4.21,4.23,4.16,4.16
2011-03-11,4.05,4.3,4.05,4.3
2011-03-14,4.12,4.12,4.05,4.11
2011-03-15,4.07,4.17,4.02,4.17
2011-03-16,4.07,4.1,4.02,4.1
2011-03-17,4.15,4.2,4.1,4.18
2011-03-18,4.2,4.2,4.2,4.2
2011-03-21,4.2,4.2,4.2,4.2
2011-03-22,4.22,4.32,4.2,4.32
2011-03-23,4.2,4.25,4.18,4.25
2011-03-24,4.3,4.35,4.15,4.15
2011-03-25,4.16,4.3,4.16,4.18
2011-03-28,4.3,4.3,4.21,4.21
2011-03-29,4.21,4.24,4.21,4.24
2011-03-30,4.23,4.29,4.23,4.26
2011-03-31,4.29,4.32,4.29,4.32
2011-04-01,4.31,4.33,4.24,4.32
2011-04-04,4.26,4.33,4.26,4.27
2011-04-05,4.26,4.28,4.22,4.22
2011-04-06,4.26,4.34,4.16,4.32
2011-04-07,4.25,4.34,4.25,4.33
2011-04-08,4.33,4.34,4.26,4.32
2011-04-11,4.27,4.33,4.27,4.33
2011-04-12,4.3,4.33,4.28,4.33
2011-04-13,4.32,4.35,4.3,4.3
2011-04-14,4.33,4.33,4.33,4.33
2011-04-15,4.33,4.33,4.33,4.33
2011-04-18,4.31,4.31,4.28,4.28
2011-04-19,4.24,4.31,4.24,4.31
2011-04-20,4.33,4.34,4.3,4.34
2011-04-21,4.34,4.35,4.3,4.3
2011-04-22,4.342499999999999,4.35,4.3125,4.3125
2011-04-25,4.35,4.35,4.35,4.35
2011-04-26,4.35,4.38,4.17,4.38
2011-04-27,4.3,4.4,4.3,4.4
2011-04-28,4.44,4.46,4.4,4.45
2011-04-29,4.29,4.46,4.29,4.35
2011-05-02,4.36,4.44,4.36,4.44
2011-05-03,4.4,4.44,4.36,4.44
2011-05-04,4.44,4.44,4.35,4.4
2011-05-05,4.38,4.38,4.28,4.31
2011-05-06,4.48,4.48,4.4,4.46
2011-05-09,4.46,4.46,4.38,4.46
2011-05-10,4.45,4.45,4.29,4.37
2011-05-11,4.37,4.37,4.37,4.37
2011-05-12,4.35,4.4,4.35,4.4
2011-05-13,4.45,4.45,4.4,4.4
2011-05-16,4.44,4.44,4.36,4.4
2011-05-17,4.35,4.35,4.35,4.35
2011-05-18,4.35,4.35,4.35,4.35
2011-05-19,4.32,4.32,4.3,4.31
2011-05-20,4.29,4.29,4.29,4.29
2011-05-23,4.28,4.28,4.22,4.22
2011-05-24,4.22,4.27,4.22,4.27
2011-05-25,4.27,4.27,4.27,4.27
2011-05-26,4.28,4.28,4.28,4.28
2011-05-27,4.28,4.28,4.28,4.28
2011-05-30,4.295,4.295,4.295,4.295
2011-05-31,4.3,4.3,4.3,4.3
2011-06-01,4.3,4.3,4.3,4.3
2011-06-02,4.34,4.38,4.3,4.38
2011-06-03,4.31,4.38,4.31,4.34
2011-06-06,4.38,4.4,4.3,4.3
2011-06-07,4.3,4.35,4.3,4.35
2011-06-08,4.31,4.31,4.3,4.3
2011-06-09,4.35,4.36,4.35,4.35
2011-06-10,4.3,4.44,4.3,4.44
2011-06-13,4.44,4.44,4.28,4.28
2011-06-14,4.37,4.38,4.24,4.24
2011-06-15,4.39,4.39,4.23,4.23
2011-06-16,4.31,4.31,4.24,4.25
2011-06-17,4.25,4.25,4.25,4.25
2011-06-20,4.26,4.3,4.26,4.3
2011-06-21,4.3,4.3,4.27,4.28
2011-06-22,4.28,4.28,4.28,4.28
2011-06-23,4.28,4.28,4.27,4.28
2011-06-24,4.23,4.23,4.14,4.14
2011-06-27,4.29,4.29,4.29,4.29
2011-06-28,4.18,4.18,4.18,4.18
2011-06-29,4.21,4.3,4.2,4.21
2011-06-30,4.21,4.25,4.21,4.21
2011-07-01,4.26,4.34,4.26,4.32
2011-07-04,4.29,4.34,4.29,4.335
2011-07-05,4.3,4.34,4.3,4.34
2011-07-06,4.34,4.34,4.34,4.34
2011-07-07,4.35,4.37,4.35,4.37
2011-07-08,4.3,4.37,4.28,4.37
2011-07-11,4.27,4.35,4.27,4.35
2011-07-12,4.3,4.37,4.26,4.3
2011-07-13,4.3,4.3,4.25,4.3
2011-07-14,4.37,4.37,4.28,4.3
2011-07-15,4.3,4.3,4.3,4.3
2011-07-18,4.22,4.33,4.21,4.25
2011-07-19,4.3,4.37,4.07,4.26
2011-07-20,4.34,4.34,4.26,4.26
2011-07-21,4.33,4.33,4.3,4.3
2011-07-22,4.26,4.27,4.26,4.27
2011-07-25,4.26,4.36,4.24,4.24
2011-07-26,4.3,4.3,4.3,4.3
2011-07-27,4.35,4.35,4.13,4.13
2011-07-28,4.25,4.25,4.16,4.16
2011-07-29,4.16,4.3,4.16,4.3
2011-08-01,4.3,4.3,4.3,4.3
2011-08-02,4.3,4.3,4.3,4.3
2011-08-03,4.2,4.2,4.1,4.1
2011-08-04,4.14,4.27,4.05,4.2
2011-08-05,4.01,4.15,4.01,4.15
2011-08-08,4.05,4.05,3.86,3.98
2011-08-09,4.0,4.05,3.86,4.0
2011-08-10,4.0,4.0,3.91,3.91
2011-08-11,4.04,4.15,3.86,4.0
2011-08-12,4.0,4.2,3.86,4.0
2011-08-15,4.01,4.1,4.0,4.1
2011-08-16,4.05,4.05,3.9,4.0
2011-08-17,4.0,4.0,3.87,4.0
2011-08-18,3.96,3.96,3.65,3.94
2011-08-19,3.94,3.94,3.8,3.8
2011-08-22,3.8,3.95,3.8,3.95
2011-08-23,3.94,3.94,3.65,3.85
2011-08-24,3.82,3.82,3.66,3.8
2011-08-25,3.82,3.91,3.79,3.83
2011-08-26,4.0,4.05,4.0,4.03
2011-08-29,4.04,4.06,3.98,4.06
2011-08-30,3.86,4.16,3.7,4.15
2011-08-31,4.03,4.1,4.03,4.1
2011-09-01,4.1,4.13,4.06,4.13
2011-09-02,4.02,4.12,4.01,4.12
2011-09-05,3.9299999999999997,4.0075,3.9274999999999998,4.0075
2011-09-06,3.9,3.97,3.9,3.97
2011-09-07,4.0,4.12,3.95,4.07
2011-09-08,4.07,4.11,4.0,4.11
2011-09-09,4.03,4.1,4.03,4.07
2011-09-12,3.98,4.09,3.96,4.0
2011-09-13,4.0,4.0,4.0,4.0
2011-09-14,3.97,3.98,3.97,3.98
2011-09-15,3.97,4.0,3.97,4.0
2011-09-16,3.97,4.08,3.97,4.08
2011-09-19,3.99,3.99,3.91,3.94
2011-09-20,3.95,3.95,3.91,3.95
2011-09-21,3.92,3.94,3.85,3.85
2011-09-22,3.85,3.85,3.78,3.82
2011-09-23,3.78,3.91,3.7,3.7
2011-09-26,3.71,4.0,3.7,4.0
2011-09-27,4.08,4.08,3.9,3.99
2011-09-28,3.93,4.05,3.93,3.94
2011-09-29,3.93,4.04,3.93,4.0
2011-09-30,3.95,3.95,3.95,3.95
2011-10-03,4.03,4.03,3.95,4.0
2011-10-04,3.99,3.99,3.6,3.6
2011-10-05,3.8,3.85,3.7,3.7
2011-10-06,3.6,3.65,3.6,3.65
2011-10-07,3.65,3.65,3.65,3.65
2011-10-10,3.9,3.9,3.9,3.9
2011-10-11,3.71,3.76,3.65,3.76
2011-10-12,3.9,3.9,3.9,3.9
2011-10-13,3.78,3.78,3.71,3.72
2011-10-14,3.75,3.82,3.74,3.82
2011-10-17,3.84,3.85,3.76,3.82
2011-10-18,3.76,3.82,3.75,3.8
2011-10-19,3.8,3.8,3.8,3.8
2011-10-20,3.77,3.83,3.77,3.82
2011-10-21,3.85,3.9,3.8,3.9
2011-10-24,3.86,3.97,3.86,3.97
2011-10-25,3.97,3.98,3.81,3.81
2011-10-26,3.9,3.9,3.84,3.84
2011-10-27,3.95,4.0,3.9,3.9
2011-10-28,3.84,3.84,3.84,3.84
2011-10-31,4.0,4.0,3.84,3.9
2011-11-01,3.83,3.83,3.8,3.8
2011-11-02,3.8,3.94,3.8,3.85
2011-11-03,3.95,3.95,3.85,3.88
2011-11-04,3.88,3.94,3.88,3.91
2011-11-07,3.95,3.95,3.8,3.82
2011-11-08,3.82,3.83,3.82,3.83
2011-11-09,3.84,3.84,3.84,3.84
2011-11-10,3.9,3.95,3.87,3.95
2011-11-11,3.93,3.93,3.86,3.86
2011-11-14,3.85,3.85,3.83,3.83
2011-11-15,3.81,3.85,3.81,3.85
2011-11-16,3.81,3.83,3.65,3.74
2011-11-17,3.78,3.86,3.77,3.83
2011-11-18,3.86,3.92,3.78,3.85
2011-11-21,3.79,3.82,3.65,3.82
2011-11-22,3.73,3.74,3.68,3.68
2011-11-23,3.69,3.77,3.65,3.77
2011-11-24,3.685,3.725,3.65,3.71
2011-11-25,3.68,3.68,3.65,3.65
2011-11-28,3.74,3.74,3.68,3.71
2011-11-29,3.74,3.75,3.69,3.75
2011-11-30,3.75,3.78,3.74,3.78
2011-12-01,3.77,3.78,3.74,3.78
2011-12-02,3.74,3.78,3.74,3.74
2011-12-05,3.73,3.75,3.71,3.71
2011-12-06,3.71,3.78,3.69,3.69
2011-12-07,3.69,3.76,3.69,3.71
2011-12-08,3.73,3.78,3.72,3.75
2011-12-09,3.71,3.8,3.71,3.71
2011-12-12,3.72,3.81,3.7,3.75
2011-12-13,3.67,3.79,3.67,3.7
2011-12-14,3.75,3.75,3.46,3.73
2011-12-15,3.68,3.73,3.66,3.67
2011-12-16,3.67,3.74,3.58,3.58
2011-12-19,3.62,3.72,3.62,3.7
2011-12-20,3.65,3.75,3.6,3.75
2011-12-21,3.75,3.75,3.61,3.65
2011-12-22,3.65,3.65,3.65,3.65
2011-12-23,3.7,3.7,3.65,3.69
2011-12-26,3.6925,3.7150000000000003,3.62,3.66
2011-12-27,3.69,3.72,3.61,3.65
2011-12-28,3.7,3.7,3.63,3.7
2011-12-29,3.7,3.85,3.64,3.76
2011-12-30,3.76,3.79,3.68,3.78
2012-01-02,3.715,3.7824999999999998,3.6950000000000003,3.78
2012-01-03,3.7,3.78,3.7,3.78
2012-01-04,3.7,3.77,3.7,3.77
2012-01-05,3.7,3.7,3.7,3.7
2012-01-06,3.72,3.78,3.68,3.72
2012-01-09,3.73,3.75,3.72,3.75
2012-01-10,3.78,3.78,3.72,3.73
2012-01-11,3.73,3.73,3.63,3.73
2012-01-12,3.73,3.73,3.68,3.7
2012-01-13,3.72,3.75,3.68,3.74
2012-01-16,3.72,3.7725,3.71,3.77
2012-01-17,3.72,3.78,3.72,3.78
2012-01-18,3.73,3.78,3.73,3.75
2012-01-19,3.75,3.82,3.74,3.74
2012-01-20,3.75,3.85,3.75,3.83
2012-01-23,3.75,3.76,3.75,3.76
2012-01-24,3.76,3.8,3.63,3.8
2012-01-25,3.75,3.8,3.65,3.8
2012-01-26,3.78,3.83,3.78,3.81
2012-01-27,3.88,3.88,3.81,3.81
2012-01-30,3.81,3.85,3.81,3.85
2012-01-31,3.81,3.88,3.81,3.88
2012-02-01,3.83,3.87,3.82,3.87
2012-02-02,3.84,3.9,3.84,3.88
2012-02-03,3.87,3.9,3.87,3.9
2012-02-06,3.9,3.96,3.88,3.93
2012-02-07,3.9,3.92,3.85,3.85
2012-02-08,3.92,3.97,3.9,3.97
2012-02-09,3.9,3.96,3.86,3.87
2012-02-10,3.9,3.94,3.9,3.92
2012-02-13,3.87,3.97,3.87,3.97
2012-02-14,3.96,3.97,3.96,3.97
2012-02-15,3.97,4.0,3.91,3.96
2012-02-16,3.96,3.97,3.95,3.97
2012-02-17,3.97,3.99,3.96,3.96
2012-02-20,3.97,3.975,3.9675000000000002,3.9675000000000002
2012-02-21,3.97,3.97,3.97,3.97
2012-02-22,3.91,4.0,3.91,4.0
2012-02-23,4.0,4.0,3.92,3.98
2012-02-24,3.98,4.05,3.98,4.0
2012-02-27,3.91,4.07,3.91,4.07
2012-02-28,4.01,4.08,3.96,4.0
2012-02-29,3.97,4.1,3.97,4.05
2012-03-01,4.0,4.07,4.0,4.02
2012-03-02,4.06,4.06,3.97,3.98
2012-03-05,3.98,3.98,3.96,3.98
2012-03-06,3.98,4.05,3.98,4.05
2012-03-07,4.04,4.04,3.97,4.0
2012-03-08,4.0,4.0,4.0,4.0
2012-03-09,4.05,4.09,4.0,4.01
2012-03-12,4.09,4.1,4.02,4.1
2012-03-13,4.09,4.1,4.03,4.04
2012-03-14,4.08,4.1,4.05,4.06
2012-03-15,4.04,4.08,4.04,4.08
2012-03-16,4.01,4.02,3.93,4.02
2012-03-19,4.03,4.09,4.03,4.04
2012-03-20,4.1,4.1,4.1,4.1
2012-03-21,4.08,4.09,4.08,4.08
2012-03-22,4.05,4.1,4.03,4.1
2012-03-23,4.01,4.05,4.01,4.03
2012-03-26,4.04,4.08,4.04,4.07
2012-03-27,4.1,4.1,4.02,4.02
2012-03-28,4.0,4.03,3.95,4.03
2012-03-29,4.03,4.03,3.96,3.96
2012-03-30,4.02,4.05,4.01,4.05
2012-04-02,3.97,4.07,3.97,4.03
2012-04-03,4.02,4.05,3.98,4.05
2012-04-04,4.07,4.07,3.98,4.03
2012-04-05,3.99,4.03,3.99,4.03
2012-04-06,3.9875000000000003,4.0225,3.9825,4.015000000000001
2012-04-09,3.98,4.0,3.96,3.97
2012-04-10,3.99,4.0,3.96,4.0
2012-04-11,4.03,4.08,3.98,4.08
2012-04-12,4.02,4.05,4.02,4.05
2012-04-13,4.02,4.07,4.02,4.07
2012-04-16,4.01,4.03,4.01,4.03
2012-04-17,4.04,4.05,3.97,4.0
2012-04-18,3.99,4.05,3.99,4.01
2012-04-19,4.05,4.05,4.0,4.0
2012-04-20,4.05,4.07,3.98,3.98
2012-04-23,3.98,4.04,3.98,4.03
2012-04-24,4.0,4.02,3.98,3.99
2012-04-25,4.0,4.0,3.99,4.0
2012-04-26,4.07,4.07,3.98,4.0
2012-04-27,4.0,4.01,3.98,4.0
2012-04-30,4.02,4.02,4.0,4.0
2012-05-01,4.06,4.07,4.01,4.05
2012-05-02,4.07,4.07,3.98,4.0
2012-05-03,4.03,4.03,3.98,3.98
2012-05-04,3.97,3.98,3.97,3.98
2012-05-07,3.98,4.0,3.95,3.95
2012-05-08,3.94,3.94,3.94,3.94
2012-05-09,3.97,3.99,3.94,3.99
2012-05-10,3.98,3.99,3.97,3.99
2012-05-11,3.95,3.96,3.95,3.96
2012-05-14,3.99,4.0,3.95,3.95
2012-05-15,4.0,4.0,3.98,4.0
2012-05-16,4.0,4.02,4.0,4.0
2012-05-17,4.02,4.02,3.96,3.98
2012-05-18,3.99,3.99,3.98,3.98
2012-05-21,3.96,3.96,3.96,3.96
2012-05-22,4.03,4.03,3.94,3.95
2012-05-23,3.92,3.96,3.92,3.95
2012-05-24,3.9,4.03,3.9,3.97
2012-05-25,3.91,4.03,3.91,4.03
2012-05-28,3.9775,4.0225,3.9775,4.0075
2012-05-29,4.0,4.02,4.0,4.0
2012-05-30,3.99,3.99,3.98,3.98
2012-05-31,3.98,3.98,3.98,3.98
2012-06-01,3.96,3.96,3.95,3.96
2012-06-04,3.91,3.97,3.91,3.97
2012-06-05,3.91,3.92,3.9,3.91
2012-06-06,3.94,3.98,3.94,3.97
2012-06-07,3.91,3.98,3.91,3.97
2012-06-08,3.99,3.99,3.9,3.93
2012-06-11,3.95,4.01,3.95,3.95
2012-06-12,4.0,4.01,4.0,4.01
2012-06-13,3.85,4.02,3.85,3.96
2012-06-14,4.01,4.01,3.99,4.0
2012-06-15,3.96,4.02,3.96,4.02
2012-06-18,4.0,4.0,3.88,3.93
2012-06-19,3.98,3.99,3.97,3.97
2012-06-20,3.98,4.05,3.97,3.98
2012-06-21,4.0,4.05,3.93,4.0
2012-06-22,4.0,4.03,4.0,4.0
2012-06-25,3.99,4.0,3.97,4.0
2012-06-26,4.01,4.02,3.98,4.0
2012-06-27,4.01,4.03,4.0,4.0
2012-06-28,4.04,4.05,4.03,4.04
2012-06-29,4.05,4.1,4.05,4.05
2012-07-02,4.1,4.13,4.0,4.0
2012-07-03,4.0,4.05,4.0,4.05
2012-07-04,4.025,4.1,3.99,4.015
2012-07-05,4.05,4.15,3.98,3.98
2012-07-06,4.03,4.05,4.03,4.05
2012-07-09,3.92,4.06,3.92,4.06
2012-07-10,4.0,4.17,4.0,4.04
2012-07-11,4.02,4.02,4.02,4.02
2012-07-12,4.05,4.06,4.04,4.06
2012-07-13,4.06,4.06,3.96,3.96
2012-07-16,4.04,4.14,4.0,4.14
2012-07-17,4.05,4.14,4.04,4.14
2012-07-18,4.07,4.07,4.07,4.07
2012-07-19,4.13,4.14,4.13,4.13
2012-07-20,4.13,4.13,4.13,4.13
2012-07-23,4.07,4.13,4.03,4.13
2012-07-24,4.05,4.12,4.01,4.11
2012-07-25,4.13,4.13,4.03,4.11
2012-07-26,4.14,4.14,4.09,4.09
2012-07-27,4.1,4.1,4.09,4.1
2012-07-30,4.13,4.13,4.08,4.08
2012-07-31,4.13,4.13,4.1,4.1
2012-08-01,4.13,4.14,4.1,4.1
2012-08-02,4.15,4.15,4.02,4.02
2012-08-03,4.04,4.13,4.04,4.13
2012-08-06,4.06,4.06,4.03,4.03
2012-08-07,4.04,4.13,4.04,4.13
2012-08-08,4.06,4.1,4.06,4.1
2012-08-09,4.13,4.23,4.12,4.13
2012-08-10,4.12,4.17,4.08,4.1
2012-08-13,4.15,4.18,4.15,4.18
2012-08-14,4.18,4.18,4.18,4.18
2012-08-15,4.18,4.23,4.18,4.23
2012-08-16,4.2,4.2,4.1,4.1
2012-08-17,4.1,4.1,4.1,4.1
2012-08-20,4.0,4.09,3.96,4.08
2012-08-21,4.09,4.09,4.09,4.09
2012-08-22,4.19,4.19,4.09,4.09
2012-08-23,4.15,4.2,4.05,4.05
2012-08-24,4.06,4.06,4.03,4.04
2012-08-27,4.06,4.1,4.03,4.05
2012-08-28,4.05,4.05,4.05,4.05
2012-08-29,4.0,4.14,4.0,4.1
2012-08-30,4.1,4.1,4.03,4.03
2012-08-31,4.12,4.19,4.12,4.16
2012-09-03,4.1049999999999995,4.145,4.1049999999999995,4.1375
2012-09-04,4.1,4.13,4.1,4.13
2012-09-05,4.11,4.15,4.04,4.1
2012-09-06,4.1,4.14,4.08,4.13
2012-09-07,4.11,4.14,4.1,4.14
2012-09-10,4.14,4.14,4.1,4.1
2012-09-11,4.12,4.14,4.12,4.14
2012-09-12,4.14,4.15,4.13,4.14
2012-09-13,4.08,4.12,4.08,4.12
2012-09-14,4.2,4.2,4.1,4.1
2012-09-17,4.11,4.19,4.11,4.12
2012-09-18,4.14,4.14,4.1,4.1
2012-09-19,4.07,4.13,4.04,4.05
2012-09-20,4.11,4.12,4.05,4.06
2012-09-21,4.07,4.07,4.05,4.05
2012-09-24,4.04,4.06,4.01,4.02
2012-09-25,4.12,4.12,4.02,4.03
2012-09-26,4.02,4.02,3.99,4.0
2012-09-27,4.01,4.05,4.01,4.05
2012-09-28,4.07,4.12,4.07,4.11
2012-10-01,4.12,4.15,4.05,4.14
2012-10-02,4.1,4.1,4.1,4.1
2012-10-03,4.09,4.12,4.09,4.12
2012-10-04,4.12,4.12,4.12,4.12
2012-10-05,4.12,4.12,4.12,4.12
2012-10-08,4.02,4.08,4.0,4.01
2012-10-09,4.02,4.06,4.02,4.06
2012-10-10,4.05,4.09,4.05,4.09
2012-10-11,4.07,4.07,4.04,4.04
2012-10-12,4.01,4.01,4.01,4.01
2012-10-15,3.98,4.06,3.89,4.06
2012-10-16,4.02,4.08,4.01,4.08
2012-10-17,4.03,4.08,4.02,4.08
2012-10-18,4.08,4.08,4.01,4.01
2012-10-19,4.01,4.03,3.98,3.98
2012-10-22,3.97,4.11,3.97,3.98
2012-10-23,3.98,3.98,3.92,3.92
2012-10-24,3.93,4.09,3.9,3.9
2012-10-25,3.91,3.91,3.91,3.91
2012-10-26,3.91,3.91,3.91,3.91
2012-10-29,3.904,3.91,3.79,3.898
2012-10-30,3.902,3.91,3.75,3.894
2012-10-31,3.9,3.91,3.71,3.89
2012-11-01,3.89,4.0,3.89,3.95
2012-11-02,3.95,4.06,3.93,3.94
2012-11-05,4.0,4.05,3.97,3.97
2012-11-06,3.94,4.08,3.94,4.02
2012-11-07,4.0,4.0,3.96,3.96
2012-11-08,3.96,4.02,3.94,3.94
2012-11-09,4.01,4.03,3.85,3.88
2012-11-12,3.95,3.95,3.89,3.89
2012-11-13,3.94,3.94,3.86,3.9
2012-11-14,3.9,3.9,3.65,3.8
2012-11-15,3.82,3.84,3.75,3.78
2012-11-16,3.83,3.92,3.8,3.8
2012-11-19,3.8,3.81,3.8,3.81
2012-11-20,3.8,3.85,3.8,3.82
2012-11-21,3.82,3.86,3.82,3.86
2012-11-22,3.84,3.86,3.82,3.84
2012-11-23,3.86,3.86,3.82,3.82
2012-11-26,3.83,3.83,3.77,3.77
2012-11-27,3.77,3.89,3.77,3.88
2012-11-28,3.85,3.85,3.78,3.78
2012-11-29,3.85,3.85,3.82,3.82
2012-11-30,3.83,3.85,3.83,3.85
2012-12-03,3.85,3.85,3.85,3.85
2012-12-04,3.85,3.85,3.8,3.8
2012-12-05,3.78,3.85,3.78,3.85
2012-12-06,3.78,3.8,3.77,3.77
2012-12-07,3.85,3.85,3.66,3.72
2012-12-10,3.72,3.8,3.72,3.72
2012-12-11,3.75,3.77,3.75,3.77
2012-12-12,3.72,3.77,3.72,3.77
2012-12-13,3.67,3.87,3.67,3.68
2012-12-14,3.71,3.74,3.71,3.74
2012-12-17,3.8,3.82,3.75,3.75
2012-12-18,3.8,3.8,3.69,3.8
2012-12-19,3.78,3.78,3.77,3.77
2012-12-20,3.8,3.88,3.8,3.82
2012-12-21,3.81,3.86,3.8,3.84
2012-12-24,4.4,4.4,3.77,3.85
2012-12-25,4.065,4.07,3.725,3.785
2012-12-26,3.73,3.74,3.68,3.72
2012-12-27,3.72,3.73,3.67,3.67
2012-12-28,3.69,3.72,3.69,3.71
2012-12-31,3.7,3.74,3.65,3.69
2013-01-01,3.6900000000000004,3.7750000000000004,3.665,3.75
2013-01-02,3.68,3.81,3.68,3.81
2013-01-03,3.8,3.85,3.8,3.83
2013-01-04,3.77,3.87,3.77,3.87
2013-01-07,3.81,3.85,3.81,3.83
2013-01-08,3.82,3.83,3.72,3.82
2013-01-09,3.79,3.87,3.77,3.78
2013-01-10,3.83,3.85,3.73,3.85
2013-01-11,3.83,3.83,3.78,3.81
2013-01-14,3.75,3.84,3.75,3.84
2013-01-15,3.82,3.88,3.82,3.88
2013-01-16,3.85,3.9,3.85,3.9
2013-01-17,3.87,3.9,3.81,3.9
2013-01-18,3.9,3.9,3.81,3.81
2013-01-21,3.9075,3.9075,3.84,3.84
2013-01-22,3.91,3.91,3.85,3.85
2013-01-23,3.88,3.92,3.88,3.91
2013-01-24,3.92,3.92,3.88,3.88
2013-01-25,3.9,3.9,3.86,3.86
2013-01-28,3.87,3.91,3.86,3.86
2013-01-29,3.91,3.94,3.91,3.94
2013-01-30,3.94,3.99,3.94,3.95
2013-01-31,3.98,3.99,3.98,3.98
2013-02-01,3.94,3.99,3.94,3.95
2013-02-04,3.93,3.94,3.85,3.92
2013-02-05,3.92,3.94,3.87,3.94
2013-02-06,3.95,4.01,3.95,4.01
2013-02-07,4.02,4.02,4.02,4.02
2013-02-08,4.02,4.12,4.02,4.1
2013-02-11,4.1,4.1,4.1,4.1
2013-02-12,4.1,4.15,4.01,4.15
2013-02-13,4.13,4.22,4.13,4.21
2013-02-14,4.19,4.25,4.15,4.24
2013-02-15,4.18,4.18,4.0,4.13
2013-02-18,4.1875,4.239999999999999,4.1425,4.2275
2013-02-19,4.19,4.26,4.19,4.26
2013-02-20,4.25,4.27,4.25,4.25
2013-02-21,4.28,4.3,4.26,4.26
2013-02-22,4.3,4.3,4.12,4.3
2013-02-25,4.25,4.29,4.2,4.2
2013-02-26,4.2,4.3,4.11,4.11
2013-02-27,4.11,4.11,4.04,4.11
2013-02-28,4.06,4.11,4.06,4.11
2013-03-01,4.1,4.1,4.01,4.01
2013-03-04,4.06,4.08,4.02,4.08
2013-03-05,4.09,4.11,4.0,4.09
2013-03-06,4.09,4.18,4.09,4.16
2013-03-07,4.16,4.28,4.16,4.28
2013-03-08,4.23,4.28,4.23,4.28
2013-03-11,4.25,4.28,4.2,4.2
2013-03-12,4.21,4.28,4.21,4.21
2013-03-13,4.1,4.1,4.1,4.1
2013-03-14,4.12,4.12,4.11,4.11
2013-03-15,4.01,4.01,3.97,3.97
2013-03-18,4.08,4.08,3.94,4.0
2013-03-19,4.03,4.09,4.03,4.09
2013-03-20,4.08,4.08,4.07,4.07
2013-03-21,4.02,4.03,3.98,4.03
2013-03-22,4.03,4.03,4.03,4.03
2013-03-25,4.1,4.14,4.04,4.14
2013-03-26,4.15,4.28,4.1,4.2
2013-03-27,4.1,4.25,4.08,4.25
2013-03-28,4.25,4.34,4.24,4.3
2013-03-29,4.2575,4.325,4.205,4.2749999999999995
2013-04-01,4.28,4.28,4.1,4.2
2013-04-02,4.14,4.2,4.14,4.14
2013-04-03,4.14,4.2,4.09,4.2
2013-04-04,4.17,4.17,4.17,4.17
2013-04-05,4.14,4.14,4.14,4.14
2013-04-08,4.14,4.18,4.14,4.18
2013-04-09,4.15,4.15,4.15,4.15
2013-04-10,4.15,4.18,4.11,4.18
2013-04-11,4.17,4.18,4.12,4.13
2013-04-12,4.12,4.12,4.12,4.12
2013-04-15,4.11,4.11,4.11,4.11
2013-04-16,4.1,4.17,4.1,4.17
2013-04-17,4.16,4.16,4.13,4.13
2013-04-18,4.13,4.13,4.13,4.13
2013-04-19,4.17,4.18,4.14,4.14
2013-04-22,4.14,4.14,4.14,4.14
2013-04-23,4.16,4.16,4.14,4.16
2013-04-24,4.16,4.16,4.1,4.1
2013-04-25,4.18,4.2,4.15,4.18
2013-04-26,4.16,4.17,4.16,4.17
2013-04-29,4.17,4.17,4.17,4.17
2013-04-30,4.17,4.2,4.17,4.17
2013-05-01,4.16,4.18,4.16,4.18
2013-05-02,4.16,4.18,4.04,4.1
2013-05-03,4.15,4.15,4.12,4.14
2013-05-06,4.15,4.18,4.15,4.18
2013-05-07,4.17,4.17,4.14,4.15
2013-05-08,4.17,4.2,4.16,4.2
2013-05-09,4.16,4.22,4.1,4.22
2013-05-10,4.15,4.2,4.15,4.2
2013-05-13,4.16,4.2,4.16,4.2
2013-05-14,4.18,4.29,4.14,4.18
2013-05-15,4.18,4.33,4.18,4.33
2013-05-16,4.25,4.35,4.21,4.35
2013-05-17,4.34,4.35,4.29,4.29
2013-05-20,4.36,4.36,4.28,4.28
2013-05-21,4.25,4.37,4.25,4.37
2013-05-22,4.32,4.32,4.27,4.32
2013-05-23,4.26,4.26,4.22,4.22
2013-05-24,4.22,4.22,4.12,4.12
2013-05-27,4.16,4.16,4.135,4.135
2013-05-28,4.14,4.14,4.14,4.14
2013-05-29,4.13,4.13,4.04,4.09
2013-05-30,4.09,4.17,4.06,4.06
2013-05-31,4.06,4.06,4.06,4.06
2013-06-03,4.06,4.06,3.89,4.0
2013-06-04,4.0,4.01,3.99,3.99
2013-06-05,3.99,4.0,3.95,3.95
2013-06-06,3.93,3.93,3.93,3.93
2013-06-07,3.96,4.04,3.96,4.02
2013-06-10,4.0,4.03,4.0,4.03
2013-06-11,3.95,3.95,3.95,3.95
2013-06-12,3.95,3.97,3.92,3.92
2013-06-13,3.93,3.93,3.76,3.85
2013-06-14,3.78,3.9,3.78,3.9
2013-06-17,3.9,3.91,3.9,3.91
2013-06-18,3.92,3.92,3.92,3.92
2013-06-19,4.0,4.0,4.0,4.0
2013-06-20,3.93,3.93,3.78,3.86
2013-06-21,3.84,3.84,3.84,3.84
2013-06-24,3.84,3.84,3.66,3.84
2013-06-25,3.95,3.95,3.75,3.83
2013-06-26,3.87,3.87,3.87,3.87
2013-06-27,3.87,3.9,3.84,3.9
2013-06-28,3.91,3.96,3.9,3.96
2013-07-01,3.96,3.99,3.96,3.99
2013-07-02,3.99,3.99,3.99,3.99
2013-07-03,3.93,3.96,3.93,3.96
2013-07-04,3.9450000000000003,3.96,3.93,3.945
2013-07-05,3.96,3.96,3.93,3.93
2013-07-08,3.93,3.95,3.9,3.95
2013-07-09,3.99,4.0,3.99,4.0
2013-07-10,3.99,4.0,3.9,4.0
2013-07-11,4.0,4.03,4.0,4.03
2013-07-12,4.03,4.03,4.0,4.0
2013-07-15,3.97,3.97,3.97,3.97
2013-07-16,3.95,3.95,3.95,3.95
2013-07-17,3.98,4.02,3.98,4.02
2013-07-18,3.99,3.99,3.99,3.99
2013-07-19,4.01,4.02,3.98,4.02
2013-07-22,4.0,4.0,4.0,4.0
2013-07-23,3.98,3.98,3.98,3.98
2013-07-24,3.98,3.98,3.92,3.93
2013-07-25,3.93,3.98,3.93,3.98
2013-07-26,3.93,3.93,3.93,3.93
2013-07-29,3.98,4.0,3.98,4.0
2013-07-30,4.02,4.02,4.02,4.02
2013-07-31,4.0,4.0,3.94,3.94
2013-08-01,3.95,3.95,3.94,3.94
2013-08-02,3.96,3.98,3.96,3.98
2013-08-05,3.98,4.04,3.98,4.04
2013-08-06,3.94,3.96,3.94,3.95
2013-08-07,3.97,3.97,3.95,3.95
2013-08-08,3.95,3.95,3.88,3.88
2013-08-09,3.94,4.0,3.76,3.9
2013-08-12,3.82,3.82,3.77,3.81
2013-08-13,3.81,3.85,3.81,3.81
2013-08-14,3.83,3.83,3.73,3.73
2013-08-15,3.66,3.79,3.66,3.79
2013-08-16,3.83,3.83,3.68,3.73
2013-08-19,3.68,3.72,3.63,3.72
2013-08-20,3.71,3.86,3.71,3.86
2013-08-21,3.88,3.88,3.88,3.88
2013-08-22,3.84,3.9,3.84,3.9
2013-08-23,3.76,4.02,3.74,4.02
2013-08-26,3.94,3.96,3.93,3.96
2013-08-27,3.93,4.07,3.93,4.07
2013-08-28,3.79,3.85,3.7,3.7
2013-08-29,3.79,3.82,3.79,3.82
2013-08-30,3.82,3.85,3.72,3.85
2013-09-02,3.8649999999999998,3.8725,3.7425,3.775
2013-09-03,3.88,3.88,3.75,3.75
2013-09-04,3.87,3.9,3.87,3.9
2013-09-05,3.9,3.9,3.9,3.9
2013-09-06,3.84,3.87,3.84,3.87
2013-09-09,3.87,3.92,3.87,3.92
2013-09-10,3.85,3.85,3.85,3.85
2013-09-11,3.85,3.85,3.85,3.85
2013-09-12,3.92,3.92,3.92,3.92
2013-09-13,3.75,3.75,3.68,3.68
2013-09-16,3.78,3.78,3.7,3.7
2013-09-17,3.7,3.76,3.7,3.76
2013-09-18,3.71,3.75,3.68,3.75
2013-09-19,3.69,3.69,3.69,3.69
2013-09-20,3.68,3.68,3.68,3.68
2013-09-23,3.71,3.71,3.65,3.66
2013-09-24,3.67,3.67,3.64,3.64
2013-09-25,3.71,3.71,3.68,3.68
2013-09-26,3.71,3.71,3.71,3.71
2013-09-27,3.71,3.71,3.64,3.71
2013-09-30,3.73,3.75,3.69,3.69
2013-10-01,3.75,3.77,3.71,3.71
2013-10-02,3.77,3.77,3.77,3.77
2013-10-03,3.72,3.72,3.72,3.72
2013-10-04,3.72,3.72,3.65,3.65
2013-10-07,3.68,3.68,3.68,3.68
2013-10-08,3.67,3.67,3.66,3.66
2013-10-09,3.64,3.71,3.57,3.63
2013-10-10,3.66,3.66,3.58,3.65
2013-10-11,3.71,3.76,3.71,3.76
2013-10-14,3.73,3.73,3.58,3.68
2013-10-15,3.64,3.64,3.59,3.62
2013-10-16,3.61,3.69,3.61,3.65
2013-10-17,3.65,3.65,3.58,3.58
2013-10-18,3.65,3.7,3.6,3.6
2013-10-21,3.6,3.6,3.6,3.6
2013-10-22,3.61,3.66,3.61,3.63
2013-10-23,3.68,3.68,3.64,3.66
2013-10-24,3.68,3.73,3.68,3.73
2013-10-25,3.66,3.67,3.64,3.64
2013-10-28,3.65,3.76,3.64,3.64
2013-10-29,3.63,3.63,3.63,3.63
2013-10-30,3.69,3.69,3.68,3.68
2013-10-31,3.69,3.69,3.69,3.69
2013-11-01,3.69,3.69,3.69,3.69
2013-11-04,3.67,3.67,3.62,3.66
2013-11-05,3.68,3.69,3.64,3.66
2013-11-06,3.65,3.65,3.65,3.65
2013-11-07,3.66,3.71,3.65,3.71
2013-11-08,3.68,3.7,3.64,3.64
2013-11-11,3.7,3.7,3.65,3.65
2013-11-12,3.65,3.69,3.6,3.68
2013-11-13,3.68,3.68,3.68,3.68
2013-11-14,3.64,3.68,3.63,3.68
2013-11-15,3.67,3.95,3.67,3.75
2013-11-18,3.7,3.76,3.7,3.75
2013-11-19,3.75,3.75,3.73,3.73
2013-11-20,3.75,3.75,3.67,3.67
2013-11-21,3.67,3.73,3.67,3.7
2013-11-22,3.7,3.7,3.61,3.61
2013-11-25,3.7,3.7,3.65,3.69
2013-11-26,3.65,3.69,3.62,3.69
2013-11-27,3.66,3.7,3.63,3.7
2013-11-28,3.68,3.75,3.665,3.7
2013-11-29,3.7,3.8,3.7,3.7
2013-12-02,3.71,3.81,3.71,3.81
2013-12-03,3.76,3.9,3.71,3.9
2013-12-04,3.9,3.9,3.67,3.83
2013-12-05,3.73,3.9,3.72,3.9
2013-12-06,3.82,3.85,3.82,3.85
2013-12-09,3.94,3.94,3.78,3.78
2013-12-10,3.87,3.95,3.82,3.82
2013-12-11,3.83,3.89,3.72,3.85
2013-12-12,3.84,3.99,3.81,3.85
2013-12-13,3.85,3.85,3.78,3.82
2013-12-16,3.82,3.82,3.57,3.75
2013-12-17,3.64,3.7,3.6,3.6
2013-12-18,3.61,3.72,3.6,3.65
2013-12-19,3.69,3.7,3.55,3.62
2013-12-20,3.66,3.66,3.66,3.66
2013-12-23,3.67,3.68,3.67,3.68
2013-12-24,3.67,3.67,3.57,3.62
2013-12-25,3.67,3.67,3.62,3.645
2013-12-26,3.67,3.67,3.67,3.67
2013-12-27,3.73,3.73,3.67,3.69
2013-12-30,3.69,3.73,3.6,3.63
2013-12-31,3.65,3.65,3.57,3.59
2014-01-01,3.5999999999999996,3.635,3.56,3.605
2014-01-02,3.55,3.62,3.55,3.62
2014-01-03,3.64,3.73,3.58,3.6
2014-01-06,3.6,3.7,3.6,3.63
2014-01-07,3.68,3.68,3.64,3.67
2014-01-08,3.67,3.75,3.66,3.75
2014-01-09,3.72,3.9,3.56,3.85
2014-01-10,3.86,3.89,3.85,3.89
2014-01-13,3.89,4.0,3.87,4.0
2014-01-14,4.0,4.15,3.88,3.88
2014-01-15,3.88,3.91,3.88,3.9
2014-01-16,4.0,4.0,3.95,3.95
2014-01-17,3.95,3.95,3.85,3.85
2014-01-20,3.8075,3.9125,3.7824999999999998,3.8875
2014-01-21,3.76,3.9,3.76,3.9
2014-01-22,3.95,4.0,3.95,3.98
2014-01-23,3.98,4.06,3.96,3.96
2014-01-24,3.96,4.06,3.96,4.0
2014-01-27,4.0,4.0,3.84,3.84
2014-01-28,3.86,3.96,3.78,3.8
2014-01-29,3.9,3.94,3.73,3.73
2014-01-30,3.9,3.9,3.88,3.88
2014-01-31,3.88,4.01,3.83,3.83
2014-02-03,3.92,3.92,3.8,3.8
2014-02-04,3.78,3.78,3.78,3.78
2014-02-05,3.89,3.99,3.89,3.89
2014-02-06,3.9,3.9,3.9,3.9
2014-02-07,3.92,3.94,3.82,3.94
2014-02-10,3.9,3.9,3.87,3.87
2014-02-11,3.87,3.88,3.55,3.73
2014-02-12,3.75,3.76,3.75,3.76
2014-02-13,3.78,3.81,3.63,3.8
2014-02-14,3.81,3.82,3.81,3.82
2014-02-17,3.8175,3.82,3.795,3.8049999999999997
2014-02-18,3.82,3.82,3.79,3.8
2014-02-19,3.85,3.99,3.83,3.95
2014-02-20,3.9,3.96,3.85,3.85
2014-02-21,3.86,3.88,3.85,3.85
2014-02-24,3.88,3.95,3.88,3.95
2014-02-25,3.95,3.95,3.95,3.95
2014-02-26,3.97,3.97,3.96,3.96
2014-02-27,3.96,3.98,3.87,3.97
2014-02-28,3.95,3.98,3.88,3.93
2014-03-03,3.94,4.0,3.86,3.89
2014-03-04,3.9,3.91,3.9,3.91
2014-03-05,3.97,3.97,3.91,3.91
2014-03-06,3.85,4.01,3.85,3.91
2014-03-07,3.89,3.9,3.68,3.75
2014-03-10,3.65,3.82,3.65,3.82
2014-03-11,3.79,3.8,3.76,3.76
2014-03-12,3.78,3.83,3.75,3.75
2014-03-13,3.7,3.7,3.7,3.7
2014-03-14,3.78,3.8,3.71,3.73
2014-03-17,3.78,3.78,3.75,3.76
2014-03-18,3.76,3.82,3.75,3.76
2014-03-19,3.76,3.76,3.76,3.76
2014-03-20,3.75,3.76,3.75,3.76
2014-03-21,3.76,3.76,3.76,3.76
2014-03-24,3.76,3.76,3.76,3.76
2014-03-25,3.74,3.75,3.74,3.75
2014-03-26,3.78,3.88,3.75,3.8
2014-03-27,3.75,3.76,3.75,3.76
2014-03-28,3.76,3.76,3.76,3.76
2014-03-31,3.83,3.83,3.75,3.76
2014-04-01,3.79,3.84,3.79,3.8
2014-04-02,3.8,3.81,3.77,3.78
2014-04-03,3.79,3.8,3.79,3.8
2014-04-04,3.81,3.81,3.81,3.81
2014-04-07,3.79,3.79,3.61,3.71
2014-04-08,3.69,3.7,3.62,3.7
2014-04-09,3.7,3.7,3.6,3.65
2014-04-10,3.65,3.65,3.58,3.62
2014-04-11,3.62,3.62,3.55,3.57
2014-04-14,3.59,3.6,3.56,3.59
2014-04-15,3.5,3.65,3.5,3.6
2014-04-16,3.61,3.65,3.5,3.65
2014-04-17,3.6,3.65,3.54,3.65
2014-04-18,3.6125000000000003,3.65,3.54,3.6374999999999997
2014-04-21,3.65,3.65,3.54,3.6
2014-04-22,3.63,3.63,3.61,3.63
2014-04-23,3.64,3.64,3.64,3.64
2014-04-24,3.65,3.65,3.59,3.62
2014-04-25,3.62,3.62,3.56,3.56
2014-04-28,3.65,3.65,3.48,3.48
2014-04-29,3.44,3.55,3.41,3.55
2014-04-30,3.52,3.52,3.41,3.45
2014-05-01,3.42,3.45,3.42,3.44
2014-05-02,3.43,3.5,3.41,3.41
2014-05-05,3.4,3.43,3.4,3.43
2014-05-06,3.43,3.47,3.43,3.43
2014-05-07,3.42,3.42,3.3,3.32
2014-05-08,3.35,3.35,3.22,3.26
2014-05-09,3.25,3.3,3.25,3.3
2014-05-12,3.3,3.35,3.22,3.25
2014-05-13,3.26,3.26,3.22,3.22
2014-05-14,3.18,3.29,3.18,3.24
2014-05-15,3.25,3.25,3.21,3.23
2014-05-16,3.25,3.25,3.23,3.23
2014-05-19,3.25,3.27,3.21,3.27
2014-05-20,3.27,3.3,3.27,3.3
2014-05-21,3.38,3.38,3.38,3.38
2014-05-22,3.35,3.37,3.35,3.37
2014-05-23,3.32,3.38,3.22,3.22
2014-05-26,3.245,3.32,3.205,3.28
2014-05-27,3.22,3.3,3.2,3.3
2014-05-28,3.24,3.24,3.23,3.23
2014-05-29,3.27,3.6,3.27,3.6
2014-05-30,3.28,3.38,3.23,3.37
2014-06-02,3.38,3.45,3.38,3.45
2014-06-03,3.45,3.45,3.25,3.25
2014-06-04,3.37,3.37,3.25,3.33
2014-06-05,3.3,3.38,3.3,3.38
2014-06-06,3.38,3.38,3.38,3.38
2014-06-09,3.38,3.38,3.38,3.38
2014-06-10,3.41,3.41,3.28,3.37
2014-06-11,3.38,3.41,3.3,3.3
2014-06-12,3.4,3.4,3.4,3.4
2014-06-13,3.4,3.4,3.31,3.39
2014-06-16,3.35,3.4,3.25,3.31
2014-06-17,3.32,3.34,3.32,3.34
2014-06-18,3.34,3.35,3.31,3.35
2014-06-19,3.31,3.31,3.19,3.27
2014-06-20,3.25,3.27,3.2,3.2
2014-06-23,3.23,3.23,3.15,3.2
2014-06-24,3.19,3.2,3.17,3.17
2014-06-25,3.25,3.25,3.18,3.25
2014-06-26,3.21,3.21,3.18,3.18
2014-06-27,3.24,3.28,3.24,3.28
2014-06-30,3.28,3.35,3.19,3.19
2014-07-01,3.3,3.34,3.2,3.23
2014-07-02,3.33,3.34,3.18,3.2
2014-07-03,3.22,3.31,3.22,3.25
2014-07-04,3.2275,3.3075,3.2275,3.2625
2014-07-07,3.25,3.3,3.25,3.3
2014-07-08,3.26,3.69,3.26,3.35
2014-07-09,3.4,3.4,3.35,3.35
2014-07-10,3.31,3.35,3.31,3.35
2014-07-11,3.35,3.35,3.26,3.35
2014-07-14,3.35,3.43,3.35,3.43
2014-07-15,3.42,3.42,3.41,3.41
2014-07-16,3.41,3.41,3.41,3.41
2014-07-17,3.41,3.41,3.41,3.41
2014-07-18,3.33,3.33,3.3,3.3
2014-07-21,3.31,3.35,3.28,3.28
2014-07-22,3.28,3.28,3.25,3.25
2014-07-23,3.26,3.29,3.26,3.29
2014-07-24,3.3,3.3,3.23,3.23
2014-07-25,3.23,3.24,3.23,3.24
2014-07-28,3.24,3.28,3.2,3.25
2014-07-29,3.25,3.25,3.2,3.25
2014-07-30,3.23,3.23,3.2,3.2
2014-07-31,3.21,3.22,3.2,3.2
2014-08-01,3.22,3.28,3.22,3.28
2014-08-04,3.29,3.29,3.18,3.2
2014-08-05,3.21,3.24,3.21,3.24
2014-08-06,3.24,3.25,3.23,3.25
2014-08-07,3.21,3.23,3.18,3.18
2014-08-08,3.18,3.28,3.16,3.28
2014-08-11,3.24,3.27,3.24,3.26
2014-08-12,3.28,3.3,3.26,3.26
2014-08-13,3.26,3.27,3.25,3.27
2014-08-14,3.27,3.27,3.27,3.27
2014-08-15,3.28,3.3,3.28,3.3
2014-08-18,3.25,3.25,3.21,3.21
2014-08-19,3.1,3.23,3.1,3.23
2014-08-20,3.23,3.23,3.2,3.2
2014-08-21,3.21,3.25,3.2,3.25
2014-08-22,3.23,3.23,3.23,3.23
2014-08-25,3.26,3.26,3.22,3.22
2014-08-26,3.26,3.28,3.17,3.2
2014-08-27,3.22,3.22,3.18,3.18
2014-08-28,3.2,3.3,3.2,3.3
2014-08-29,3.33,3.33,3.3,3.3
2014-09-01,3.285,3.2925,3.2775,3.2775
2014-09-02,3.27,3.28,3.27,3.27
2014-09-03,3.28,3.3,3.21,3.29
2014-09-04,3.3,3.3,3.21,3.3
2014-09-05,3.3,3.31,3.25,3.31
2014-09-08,3.31,3.31,3.31,3.31
2014-09-09,3.3,3.32,3.27,3.32
2014-09-10,3.32,3.37,3.3,3.37
2014-09-11,3.33,3.39,3.33,3.39
2014-09-12,3.35,3.39,3.33,3.33
2014-09-15,3.33,3.34,3.33,3.34
2014-09-16,3.38,3.38,3.27,3.3
2014-09-17,3.3,3.41,3.3,3.4
2014-09-18,3.4,3.45,3.4,3.44
2014-09-19,3.4,3.41,3.4,3.4
2014-09-22,3.41,3.41,3.41,3.41
2014-09-23,3.41,3.48,3.41,3.48
2014-09-24,3.48,3.48,3.45,3.45
2014-09-25,3.49,3.53,3.49,3.5
2014-09-26,3.5,3.55,3.5,3.55
2014-09-29,3.55,3.55,3.55,3.55
2014-09-30,3.59,3.72,3.59,3.68
2014-10-01,3.7,3.78,3.67,3.75
2014-10-02,3.7,3.8,3.7,3.77
2014-10-03,3.73,3.73,3.73,3.73
2014-10-06,3.78,3.8,3.75,3.79
2014-10-07,3.8,3.84,3.79,3.84
2014-10-08,3.84,3.84,3.75,3.8
2014-10-09,3.8,3.83,3.8,3.8
2014-10-10,3.8,3.83,3.8,3.8
2014-10-13,3.8,4.55,3.8,4.0
2014-10-14,3.85,3.9,3.85,3.9
2014-10-15,3.86,3.86,3.82,3.82
2014-10-16,3.57,3.74,3.4,3.5
2014-10-17,3.6,3.6,3.59,3.59
2014-10-20,3.56,3.9,3.56,3.85
2014-10-21,3.8,3.85,3.77,3.85
2014-10-22,3.81,3.81,3.8,3.8
2014-10-23,3.78,3.78,3.78,3.78
2014-10-24,3.78,3.78,3.78,3.78
2014-10-27,3.8,3.8,3.8,3.8
2014-10-28,3.8,3.85,3.8,3.85
2014-10-29,3.85,3.85,3.62,3.75
2014-10-30,3.8,3.81,3.78,3.78
2014-10-31,3.89,4.1,3.78,3.79
2014-11-03,3.79,3.79,3.79,3.79
2014-11-04,3.79,3.79,3.78,3.78
2014-11-05,3.86,3.95,3.86,3.95
2014-11-06,4.08,4.1,3.93,4.0
2014-11-07,4.0,4.0,3.82,3.85
2014-11-10,3.85,3.9,3.85,3.9
2014-11-11,3.9,3.9,3.7,3.85
2014-11-12,3.8,3.8,3.71,3.71
2014-11-13,3.75,3.8,3.7,3.8
2014-11-14,3.8,3.84,3.8,3.84
2014-11-17,3.75,3.75,3.75,3.75
2014-11-18,3.76,3.79,3.76,3.79
2014-11-19,3.76,3.79,3.7,3.7
2014-11-20,3.77,3.78,3.62,3.66
2014-11-21,3.73,3.73,3.68,3.68
2014-11-24,3.75,3.82,3.64,3.64
2014-11-25,3.75,3.77,3.73,3.73
2014-11-26,3.73,3.73,3.73,3.73
2014-11-27,3.7649999999999997,3.835,3.7649999999999997,3.83
2014-11-28,3.8,3.94,3.8,3.93
2014-12-01,3.85,3.9,3.77,3.77
2014-12-02,3.82,3.82,3.78,3.78
2014-12-03,3.8,3.8,3.76,3.78
2014-12-04,3.82,3.82,3.76,3.76
2014-12-05,3.76,3.76,3.73,3.73
2014-12-08,3.75,3.79,3.73,3.73
2014-12-09,3.73,3.73,3.73,3.73
2014-12-10,3.75,3.75,3.65,3.65
2014-12-11,3.66,3.71,3.58,3.67
2014-12-12,3.67,3.67,3.67,3.67
2014-12-15,3.73,3.78,3.63,3.64
2014-12-16,3.67,3.67,3.67,3.67
2014-12-17,3.69,3.69,3.68,3.68
2014-12-18,3.68,3.68,3.68,3.68
2014-12-19,3.73,3.78,3.61,3.61
2014-12-22,3.65,3.68,3.46,3.54
2014-12-23,3.48,3.65,3.48,3.65
2014-12-24,3.65,3.65,3.65,3.65
2014-12-25,3.64,3.64,3.64,3.64
2014-12-26,3.63,3.63,3.63,3.63
2014-12-29,3.7,3.7,3.63,3.63
2014-12-30,3.62,3.64,3.62,3.63
2014-12-31,3.65,3.66,3.52,3.63
2015-01-01,3.65,3.66,3.585,3.645
2015-01-02,3.65,3.66,3.65,3.66
2015-01-05,3.63,3.63,3.63,3.63
2015-01-06,3.68,3.8,3.67,3.77
2015-01-07,3.68,3.75,3.66,3.7
2015-01-08,3.68,3.68,3.65,3.67
2015-01-09,3.66,3.66,3.61,3.62
2015-01-12,3.62,3.72,3.53,3.69
2015-01-13,3.68,3.68,3.6,3.6
2015-01-14,3.63,3.67,3.6,3.6
2015-01-15,3.65,3.65,3.45,3.6
2015-01-16,3.55,3.6,3.5,3.5
2015-01-19,3.55,3.6,3.5,3.5
2015-01-20,3.55,3.6,3.5,3.5
2015-01-21,3.51,3.51,3.51,3.51
2015-01-22,3.6,3.6,3.52,3.52
2015-01-23,3.52,3.57,3.52,3.52
2015-01-26,3.52,3.53,3.47,3.5
2015-01-27,3.5,3.53,3.5,3.53
2015-01-28,3.53,3.53,3.45,3.48
2015-01-29,3.48,3.52,3.48,3.48
2015-01-30,3.54,3.58,3.54,3.57
2015-02-02,3.53,3.55,3.49,3.49
2015-02-03,3.5,3.52,3.45,3.46
2015-02-04,3.35,3.49,3.35,3.49
2015-02-05,3.5,3.55,3.48,3.48
2015-02-06,3.49,3.54,3.49,3.53
2015-02-09,3.55,3.6,3.53,3.6
2015-02-10,3.52,3.6,3.47,3.5
2015-02-11,3.4,3.53,3.39,3.48
2015-02-12,3.5,3.52,3.5,3.5
2015-02-13,3.55,3.56,3.53,3.55
2015-02-16,3.5575,3.59,3.545,3.5875
2015-02-17,3.56,3.6,3.55,3.6
2015-02-18,3.6,3.65,3.6,3.65
2015-02-19,3.6,3.6,3.6,3.6
2015-02-20,3.6,3.63,3.56,3.63
2015-02-23,3.61,3.66,3.6,3.66
2015-02-24,3.69,3.7,3.69,3.7
2015-02-25,3.65,3.65,3.65,3.65
2015-02-26,3.66,3.66,3.66,3.66
2015-02-27,3.66,3.68,3.65,3.65
2015-03-02,3.65,3.67,3.62,3.62
2015-03-03,3.65,3.68,3.64,3.64
2015-03-04,3.67,3.67,3.63,3.65
2015-03-05,3.65,3.65,3.63,3.64
2015-03-06,3.65,3.65,3.62,3.62
2015-03-09,3.56,3.56,3.55,3.55
2015-03-10,3.55,3.55,3.55,3.55
2015-03-11,3.53,3.54,3.53,3.53
2015-03-12,3.4,3.5,3.4,3.5
2015-03-13,3.52,3.54,3.5,3.5
2015-03-16,3.5,3.5,3.45,3.45
2015-03-17,3.47,3.55,3.47,3.55
2015-03-18,3.59,3.6,3.55,3.6
2015-03-19,3.64,3.64,3.55,3.55
2015-03-20,3.55,3.55,3.55,3.55
2015-03-23,3.56,3.56,3.56,3.56
2015-03-24,3.55,3.6,3.55,3.55
2015-03-25,3.55,3.55,3.55,3.55
2015-03-26,3.58,3.63,3.45,3.45
2015-03-27,3.48,3.55,3.45,3.46
2015-03-30,3.49,3.5,3.49,3.5
2015-03-31,3.5,3.62,3.48,3.48
2015-04-01,3.61,3.62,3.61,3.62
2015-04-02,3.61,3.64,3.61,3.64
2015-04-03,3.6275,3.65,3.59,3.64
2015-04-06,3.68,3.68,3.53,3.64
2015-04-07,3.68,3.68,3.55,3.56
2015-04-08,3.66,3.66,3.66,3.66
2015-04-09,3.64,3.64,3.6,3.64
2015-04-10,3.64,3.64,3.64,3.64
2015-04-13,3.64,3.64,3.59,3.59
2015-04-14,3.64,3.64,3.58,3.62
2015-04-15,3.65,3.65,3.62,3.62
2015-04-16,3.62,3.62,3.62,3.62
2015-04-17,3.58,3.62,3.57,3.57
2015-04-20,3.57,3.59,3.57,3.57
2015-04-21,3.57,3.62,3.56,3.62
2015-04-22,3.62,3.62,3.5,3.5
2015-04-23,3.5,3.54,3.5,3.5
2015-04-24,3.54,3.56,3.52,3.55
2015-04-27,3.5,3.53,3.5,3.5
2015-04-28,3.55,3.55,3.51,3.52
2015-04-29,3.58,3.58,3.52,3.55
2015-04-30,3.53,3.58,3.53,3.58
2015-05-01,3.58,3.59,3.55,3.59
2015-05-04,3.59,3.59,3.56,3.59
2015-05-05,3.55,3.55,3.51,3.55
2015-05-06,3.55,3.55,3.55,3.55
2015-05-07,3.55,3.58,3.55,3.58
2015-05-08,3.58,3.6,3.58,3.6
2015-05-11,3.61,3.62,3.6,3.6
2015-05-12,3.59,3.59,3.52,3.55
2015-05-13,3.54,3.54,3.43,3.49
2015-05-14,3.55,3.58,3.46,3.57
2015-05-15,3.6,3.6,3.6,3.6
2015-05-18,3.63,3.63,3.63,3.63
2015-05-19,3.56,3.56,3.55,3.55
2015-05-20,3.56,3.56,3.48,3.5
2015-05-21,3.51,3.51,3.49,3.49
2015-05-22,3.5,3.5,3.46,3.5
2015-05-25,3.47,3.5,3.46,3.5
2015-05-26,3.46,3.5,3.46,3.5
2015-05-27,3.52,3.54,3.5,3.54
2015-05-28,3.54,3.54,3.54,3.54
2015-05-29,3.54,3.54,3.54,3.54
2015-06-01,3.54,3.55,3.51,3.52
2015-06-02,3.51,3.52,3.48,3.48
2015-06-03,3.51,3.51,3.45,3.46
2015-06-04,3.48,3.52,3.48,3.52
2015-06-05,3.52,3.52,3.43,3.45
2015-06-08,3.44,3.45,3.44,3.44
2015-06-09,3.39,3.5,3.36,3.5
2015-06-10,3.46,3.46,3.46,3.46
2015-06-11,3.46,3.46,3.46,3.46
2015-06-12,3.45,3.45,3.43,3.43
2015-06-15,3.45,3.45,3.45,3.45
2015-06-16,3.44,3.51,3.4,3.49
2015-06-17,3.49,3.51,3.45,3.45
2015-06-18,3.44,3.48,3.44,3.47
2015-06-19,3.5,3.54,3.49,3.49
2015-06-22,3.47,3.47,3.45,3.46
2015-06-23,3.43,3.51,3.43,3.5
2015-06-24,3.49,3.49,3.47,3.49
2015-06-25,3.52,3.52,3.47,3.47
2015-06-26,3.49,3.49,3.48,3.48
2015-06-29,3.48,3.49,3.48,3.49
2015-06-30,3.52,3.54,3.52,3.54
2015-07-01,3.53,3.76,3.53,3.76
2015-07-02,3.74,3.74,3.61,3.67
2015-07-03,3.72,3.7425,3.6225,3.675
2015-07-06,3.66,3.75,3.66,3.69
2015-07-07,3.66,3.75,3.66,3.71
2015-07-08,3.71,3.71,3.6,3.65
2015-07-09,3.67,3.67,3.59,3.65
2015-07-10,3.64,3.65,3.58,3.65
2015-07-13,3.65,3.65,3.65,3.65
2015-07-14,3.62,3.64,3.42,3.48
2015-07-15,3.55,3.6,3.43,3.6
2015-07-16,3.5,3.51,3.5,3.51
2015-07-17,3.58,3.6,3.56,3.59
2015-07-20,3.53,3.63,3.53,3.59
2015-07-21,3.59,3.62,3.59,3.59
2015-07-22,3.62,3.62,3.62,3.62
2015-07-23,3.63,3.64,3.63,3.64
2015-07-24,3.62,3.63,3.62,3.62
2015-07-27,3.6,3.68,3.6,3.68
2015-07-28,3.68,3.68,3.63,3.63
2015-07-29,3.7,3.7,3.63,3.7
2015-07-30,3.69,3.76,3.58,3.7
2015-07-31,3.74,3.88,3.74,3.8
2015-08-03,3.8,3.8,3.75,3.8
2015-08-04,3.78,3.8,3.78,3.8
2015-08-05,3.79,3.79,3.79,3.79
2015-08-06,3.85,3.85,3.75,3.75
2015-08-07,3.75,3.75,3.75,3.75
2015-08-10,3.8,3.85,3.61,3.71
2015-08-11,3.7,3.7,3.66,3.69
2015-08-12,3.69,3.76,3.65,3.76
2015-08-13,3.75,3.88,3.75,3.87
2015-08-14,3.86,3.89,3.81,3.81
2015-08-17,3.81,3.84,3.75,3.84
2015-08-18,3.84,3.87,3.83,3.86
2015-08-19,3.88,3.93,3.84,3.84
2015-08-20,3.86,3.86,3.6,3.75
2015-08-21,3.75,3.8,3.7,3.8
2015-08-24,3.67,3.74,3.65,3.65
2015-08-25,3.65,3.65,3.62,3.63
2015-08-26,3.66,3.7,3.61,3.69
2015-08-27,3.62,3.62,3.6,3.61
2015-08-28,3.64,3.64,3.6,3.64
2015-08-31,3.77,3.78,3.59,3.59
2015-09-01,3.62,3.63,3.57,3.59
2015-09-02,3.66,3.67,3.48,3.55
2015-09-03,3.53,3.61,3.46,3.52
2015-09-04,3.53,3.58,3.28,3.5
2015-09-07,3.545,3.595,3.475,3.575
2015-09-08,3.55,3.6,3.54,3.6
2015-09-09,3.61,3.61,3.54,3.61
2015-09-10,3.56,3.67,3.52,3.65
2015-09-11,3.65,3.69,3.65,3.69
2015-09-14,3.66,3.74,3.66,3.74
2015-09-15,3.75,3.78,3.64,3.78
2015-09-16,3.74,3.74,3.74,3.74
2015-09-17,3.77,3.81,3.77,3.81
2015-09-18,3.8,3.8,3.53,3.75
2015-09-21,3.78,3.78,3.67,3.7
2015-09-22,3.7,3.7,3.67,3.67
2015-09-23,3.71,3.78,3.71,3.77
2015-09-24,3.76,3.77,3.7,3.7
2015-09-25,3.8,3.8,3.68,3.77
2015-09-28,3.77,3.79,3.71,3.78
2015-09-29,3.8,3.82,3.8,3.82
2015-09-30,3.82,3.93,3.8,3.92
2015-10-01,3.94,3.96,3.75,3.75
2015-10-02,3.75,3.75,3.75,3.75
2015-10-05,3.8,3.9,3.75,3.89
2015-10-06,3.89,3.89,3.89,3.89
2015-10-07,3.92,3.94,3.9,3.92
2015-10-08,3.92,3.95,3.92,3.92
2015-10-09,3.95,3.95,3.92,3.92
2015-10-12,3.92,3.96,3.92,3.96
2015-10-13,3.93,3.93,3.93,3.93
2015-10-14,3.93,3.93,3.93,3.93
2015-10-15,3.93,3.95,3.93,3.95
2015-10-16,3.96,3.96,3.85,3.96
2015-10-19,3.96,3.98,3.95,3.98
2015-10-20,3.97,3.97,3.87,3.91
2015-10-21,3.91,3.91,3.91,3.91
2015-10-22,3.87,3.91,3.85,3.91
2015-10-23,3.86,3.92,3.86,3.92
2015-10-26,3.92,3.94,3.9,3.94
2015-10-27,3.94,3.94,3.91,3.91
2015-10-28,3.93,3.94,3.93,3.93
2015-10-29,3.93,3.93,3.91,3.93
2015-10-30,3.91,3.98,3.91,3.98
2015-11-02,3.98,3.98,3.85,3.86
2015-11-03,3.88,3.89,3.86,3.86
2015-11-04,3.87,3.87,3.86,3.86
2015-11-05,3.86,3.86,3.86,3.86
2015-11-06,3.86,3.88,3.86,3.86
2015-11-09,3.86,3.86,3.86,3.86
2015-11-10,3.85,3.85,3.83,3.83
2015-11-11,3.84,3.84,3.84,3.84
2015-11-12,3.84,3.84,3.84,3.84
2015-11-13,3.84,3.84,3.84,3.84
2015-11-16,3.82,3.82,3.82,3.82
2015-11-17,3.8,3.81,3.8,3.8
2015-11-18,3.8,3.8,3.75,3.75
2015-11-19,3.79,3.79,3.79,3.79
2015-11-20,3.8,3.8,3.75,3.75
2015-11-23,3.76,3.8,3.75,3.8
2015-11-24,3.8,3.8,3.8,3.8
2015-11-25,3.8,3.8,3.76,3.76
2015-11-26,3.79,3.8,3.7699999999999996,3.78
2015-11-27,3.78,3.8,3.78,3.8
2015-11-30,3.86,3.86,3.71,3.79
2015-12-01,3.81,3.9,3.79,3.86
2015-12-02,3.86,3.91,3.83,3.83
2015-12-03,3.86,3.94,3.8,3.8
2015-12-04,3.84,3.85,3.81,3.85
2015-12-07,3.85,3.85,3.83,3.83
2015-12-08,3.85,3.85,3.75,3.76
2015-12-09,3.78,3.8,3.71,3.75
2015-12-10,3.74,3.74,3.71,3.71
2015-12-11,3.64,3.72,3.64,3.65
2015-12-14,3.65,3.67,3.65,3.65
2015-12-15,3.64,3.64,3.56,3.56
2015-12-16,3.57,3.57,3.57,3.57
2015-12-17,3.7,3.8,3.7,3.77
2015-12-18,3.74,3.75,3.7,3.75
2015-12-21,3.73,3.77,3.73,3.76
2015-12-22,3.78,3.8,3.76,3.8
2015-12-23,3.8,3.8,3.76,3.8
2015-12-24,3.8,3.8,3.8,3.8
2015-12-25,3.8225,3.8225,3.8,3.8
2015-12-28,3.89,3.89,3.8,3.8
2015-12-29,3.75,3.75,3.7,3.75
2015-12-30,3.77,3.77,3.7,3.7
2015-12-31,3.71,3.75,3.7,3.75
2016-01-01,3.715,3.745,3.7075,3.745
2016-01-04,3.73,3.73,3.73,3.73
2016-01-05,3.73,4.0,3.73,3.8
2016-01-06,3.77,3.81,3.75,3.75
2016-01-07,3.75,3.92,3.75,3.9
2016-01-08,3.91,4.0,3.9,3.9
2016-01-11,3.98,3.98,3.87,3.87
2016-01-12,3.85,3.96,3.85,3.87
2016-01-13,3.88,3.88,3.8,3.85
2016-01-14,3.85,3.88,3.78,3.82
2016-01-15,3.82,3.85,3.75,3.85
2016-01-18,3.8575,4.705,3.66,3.865
2016-01-19,3.87,4.99,3.63,3.87
2016-01-20,3.88,3.88,3.61,3.79
2016-01-21,3.8,3.9,3.8,3.8
2016-01-22,3.9,3.9,3.62,3.87
2016-01-25,3.87,3.87,3.82,3.84
2016-01-26,3.8,3.85,3.72,3.85
2016-01-27,3.82,3.85,3.72,3.85
2016-01-28,3.85,3.87,3.75,3.87
2016-01-29,3.9,3.96,3.79,3.96
2016-02-01,3.95,3.95,3.94,3.94
2016-02-02,3.89,3.91,3.86,3.86
2016-02-03,3.89,3.93,3.89,3.93
2016-02-04,3.83,3.93,3.83,3.83
2016-02-05,3.82,3.93,3.82,3.89
2016-02-08,3.89,3.91,3.75,3.89
2016-02-09,3.91,3.93,3.86,3.9
2016-02-10,3.91,3.93,3.76,3.92
2016-02-11,3.83,3.91,3.81,3.91
2016-02-12,3.84,3.84,3.79,3.84
2016-02-15,3.7725,3.8175,3.7525000000000004,3.8175
2016-02-16,3.75,3.81,3.74,3.81
2016-02-17,3.81,3.9,3.81,3.89
2016-02-18,3.9,4.09,3.82,4.09
2016-02-19,4.09,4.09,3.96,4.07
2016-02-22,3.96,4.09,3.9,4.09
2016-02-23,3.97,3.97,3.87,3.89
2016-02-24,3.85,3.95,3.84,3.95
2016-02-25,3.92,3.93,3.92,3.93
2016-02-26,3.9,3.9,3.86,3.9
2016-02-29,3.87,3.89,3.86,3.89
2016-03-01,3.87,3.98,3.87,3.95
2016-03-02,3.89,4.03,3.85,4.0
2016-03-03,4.02,4.1,4.0,4.09
2016-03-04,4.1,4.1,3.95,4.08
2016-03-07,4.1,4.49,4.05,4.45
2016-03-08,4.5,4.87,4.4,4.58
2016-03-09,4.68,4.68,4.44,4.59
2016-03-10,4.5,4.6,4.43,4.58
2016-03-11,4.58,4.58,4.35,4.5
2016-03-14,4.41,4.57,4.27,4.56
2016-03-15,4.44,4.69,4.44,4.61
2016-03-16,4.67,4.69,4.52,4.52
2016-03-17,4.66,4.66,4.52,4.65
2016-03-18,4.68,4.85,4.6,4.85
2016-03-21,4.8,4.95,4.75,4.93
2016-03-22,4.9,4.93,4.51,4.9
2016-03-23,4.68,4.86,4.55,4.85
2016-03-24,4.75,4.85,4.75,4.84
2016-03-25,4.7875,4.8625,4.7725,4.842499999999999
2016-03-28,4.9,4.9,4.84,4.85
2016-03-29,4.85,4.9,4.78,4.86
2016-03-30,4.89,4.94,4.79,4.84
2016-03-31,4.91,4.99,4.6,4.87
2016-04-01,4.85,5.15,4.81,4.81
2016-04-04,4.97,4.97,4.79,4.84
2016-04-05,4.73,5.0,4.73,4.92
2016-04-06,4.85,5.0,4.85,4.86
2016-04-07,4.91,4.99,4.83,4.86
2016-04-08,4.9,4.9,4.7,4.82
2016-04-11,4.89,4.99,4.8,4.85
2016-04-12,4.87,5.0,4.84,4.85
2016-04-13,4.93,4.93,4.9,4.9
2016-04-14,4.9,4.9,4.8,4.81
2016-04-15,4.86,4.92,4.8,4.83
2016-04-18,4.87,4.96,4.7,4.75
2016-04-19,4.71,4.81,4.71,4.77
2016-04-20,4.77,4.85,4.77,4.85
2016-04-21,4.82,4.9,4.72,4.88
2016-04-22,4.89,4.89,4.7,4.7
2016-04-25,4.8,4.85,4.77,4.82
2016-04-26,4.83,4.88,4.79,4.88
2016-04-27,4.82,4.82,4.7,4.75
2016-04-28,4.68,4.84,4.68,4.83
2016-04-29,4.79,4.82,4.74,4.82
2016-05-02,4.8,4.89,4.65,4.75
2016-05-03,4.72,4.85,4.72,4.83
2016-05-04,4.79,4.89,4.79,4.89
2016-05-05,4.84,4.84,4.8,4.8
2016-05-06,4.8,4.83,4.77,4.83
2016-05-09,4.8,4.8,4.71,4.78
2016-05-10,4.81,4.81,4.72,4.8
2016-05-11,4.76,4.79,4.72,4.73
2016-05-12,4.75,4.8,4.73,4.74
2016-05-13,4.74,4.77,4.6,4.66
2016-05-16,4.7,4.83,4.6,4.72
2016-05-17,4.65,4.79,4.59,4.59
2016-05-18,4.74,4.74,4.58,4.63
2016-05-19,4.65,4.67,4.6,4.67
2016-05-20,4.7,4.74,4.6,4.65
2016-05-23,4.65,4.74,4.65,4.65
2016-05-24,4.7,4.78,4.7,4.73
2016-05-25,4.78,4.96,4.77,4.81
2016-05-26,4.81,5.0,4.81,5.0
2016-05-27,4.86,5.08,4.86,4.97
2016-05-30,4.965,5.0649999999999995,4.8975,5.0375
2016-05-31,5.0,5.06,4.91,5.06
2016-06-01,5.0,5.06,4.95,5.02
2016-06-02,5.05,5.05,5.01,5.01
2016-06-03,4.93,5.05,4.93,5.05
2016-06-06,5.06,5.06,4.9,5.0
2016-06-07,4.95,5.06,4.95,4.95
2016-06-08,5.06,5.06,4.96,5.04
2016-06-09,5.14,5.14,5.0,5.05
2016-06-10,4.99,5.13,4.97,5.13
2016-06-13,5.09,5.14,5.03,5.1
2016-06-14,5.14,5.14,5.07,5.09
2016-06-15,5.08,5.2,5.0,5.15
2016-06-16,5.13,5.25,5.09,5.19
2016-06-17,5.25,5.37,5.13,5.13
2016-06-20,5.2,5.39,5.05,5.2
2016-06-21,5.32,5.5,5.27,5.31
2016-06-22,5.46,5.48,5.36,5.41
2016-06-23,5.41,5.75,5.41,5.64
2016-06-24,5.76,5.8,5.44,5.5
2016-06-27,5.49,5.5,5.25,5.45
2016-06-28,5.49,5.5,5.42,5.44
2016-06-29,5.41,5.42,5.05,5.33
2016-06-30,5.41,5.5,5.39,5.39
2016-07-01,5.4,5.46,5.4,5.45
2016-07-04,5.4375,5.4825,5.415,5.45
2016-07-05,5.45,5.49,5.42,5.45
2016-07-06,5.42,5.48,5.41,5.45
2016-07-07,5.41,5.46,5.37,5.45
2016-07-08,5.44,5.65,5.41,5.64
2016-07-11,5.69,5.85,5.6,5.84
2016-07-12,5.86,5.89,5.72,5.8
2016-07-13,5.73,5.85,5.72,5.76
2016-07-14,5.78,5.87,5.61,5.74
2016-07-15,5.85,5.89,5.71,5.73
2016-07-18,5.6,5.87,5.6,5.76
2016-07-19,5.69,5.87,5.62,5.78
2016-07-20,5.89,5.89,5.75,5.84
2016-07-21,5.84,5.96,5.84,5.85
2016-07-22,5.87,5.94,5.76,5.85
2016-07-25,5.58,5.85,5.58,5.63
2016-07-26,5.64,5.8,5.6,5.72
2016-07-27,5.75,5.81,5.67,5.81
2016-07-28,5.4,5.81,5.4,5.6
2016-07-29,5.67,5.79,5.66,5.66
2016-08-01,5.67,5.69,5.5,5.55
2016-08-02,5.6,5.69,5.56,5.56
2016-08-03,5.6,5.69,5.58,5.58
2016-08-04,5.73,5.8,5.58,5.79
2016-08-05,5.84,5.84,5.61,5.61
2016-08-08,5.67,5.75,5.67,5.69
2016-08-09,5.7,5.7,5.68,5.69
2016-08-10,5.67,5.73,5.67,5.7
2016-08-11,5.61,5.69,5.61,5.69
2016-08-12,5.68,5.68,5.62,5.64
2016-08-15,5.65,5.65,5.43,5.5
2016-08-16,5.59,5.7,5.5,5.53
2016-08-17,5.5,5.59,5.5,5.51
2016-08-18,5.5,5.56,5.5,5.5
2016-08-19,5.5,5.54,5.5,5.52
2016-08-22,5.55,5.59,5.52,5.52
2016-08-23,5.54,5.67,5.41,5.41
2016-08-24,5.48,5.59,5.48,5.49
2016-08-25,5.53,5.55,5.45,5.48
2016-08-26,5.58,5.6,5.5,5.5
2016-08-29,5.5,5.6,5.5,5.5
2016-08-30,5.55,5.58,5.47,5.47
2016-08-31,5.49,5.49,5.31,5.41
2016-09-01,5.45,5.54,5.25,5.35
2016-09-02,5.33,5.86,5.33,5.56
2016-09-05,5.555,5.695,5.5024999999999995,5.6125
2016-09-06,5.63,5.64,5.56,5.63
2016-09-07,5.6,5.7,5.6,5.62
2016-09-08,5.65,5.68,5.51,5.64
2016-09-09,5.64,5.69,5.25,5.51
2016-09-12,5.44,5.6,5.42,5.6
2016-09-13,5.53,5.62,5.52,5.52
2016-09-14,5.51,5.55,5.33,5.55
2016-09-15,5.55,5.58,5.4,5.47
2016-09-16,5.44,5.58,5.44,5.58
2016-09-19,5.6,5.6,5.45,5.49
2016-09-20,5.44,5.48,5.42,5.45
2016-09-21,5.42,5.42,5.26,5.28
2016-09-22,5.49,5.49,5.33,5.36
2016-09-23,5.31,5.42,5.31,5.36
2016-09-26,5.4,5.4,5.35,5.37
2016-09-27,5.39,5.49,5.38,5.46
2016-09-28,5.43,5.47,5.38,5.39
2016-09-29,5.43,5.43,5.26,5.3
2016-09-30,5.34,5.34,5.25,5.26
2016-10-03,5.29,5.32,5.25,5.26
2016-10-04,5.25,5.33,5.25,5.26
2016-10-05,5.32,5.34,5.19,5.19
2016-10-06,5.22,5.22,5.17,5.17
2016-10-07,5.18,5.18,5.15,5.16
2016-10-10,5.15,5.26,5.15,5.21
2016-10-11,5.15,5.17,5.1,5.1
2016-10-12,5.3,5.3,5.13,5.23
2016-10-13,5.34,5.34,5.11,5.23
2016-10-14,5.23,5.26,5.1,5.11
2016-10-17,5.12,5.12,5.02,5.09
2016-10-18,5.15,5.31,5.0,5.11
2016-10-19,5.05,5.13,5.0,5.03
2016-10-20,5.05,5.05,5.02,5.04
2016-10-21,5.11,5.33,5.1,5.16
2016-10-24,5.09,5.2,5.09,5.17
2016-10-25,5.33,5.33,5.18,5.18
2016-10-26,5.19,5.19,5.17,5.18
2016-10-27,5.17,5.18,5.17,5.17
2016-10-28,5.17,5.23,5.0,5.07
2016-10-31,5.15,5.15,5.09,5.13
2016-11-01,5.02,5.15,5.02,5.06
2016-11-02,5.06,5.09,5.05,5.07
2016-11-03,5.03,5.08,5.0,5.01
2016-11-04,5.05,5.1,5.05,5.06
2016-11-07,5.05,5.12,5.01,5.01
2016-11-08,5.01,5.07,5.01,5.02
2016-11-09,4.94,5.09,4.93,4.96
2016-11-10,5.02,5.02,4.88,5.0
2016-11-11,4.99,5.0,4.97,4.97
2016-11-14,5.04,5.11,4.98,5.08
2016-11-15,5.0,5.05,4.78,4.78
2016-11-16,4.84,4.89,4.81,4.87
2016-11-17,4.95,4.95,4.85,4.85
2016-11-18,4.89,5.0,4.8,4.82
2016-11-21,4.85,4.9,4.75,4.85
2016-11-22,4.81,4.9,4.81,4.86
2016-11-23,4.97,4.97,4.87,4.89
2016-11-24,4.96,5.055,4.91,4.994999999999999
2016-11-25,4.95,5.14,4.95,5.1
2016-11-28,5.02,5.24,5.02,5.14
2016-11-29,5.15,5.15,5.0,5.01
2016-11-30,5.0,5.11,4.99,4.99
2016-12-01,5.0,5.0,4.77,4.89
2016-12-02,4.89,4.94,4.84,4.86
2016-12-05,4.86,4.9,4.84,4.85
2016-12-06,4.8,4.84,4.78,4.79
2016-12-07,4.77,4.93,4.77,4.83
2016-12-08,4.77,5.03,4.77,4.8
2016-12-09,4.85,4.97,4.65,4.69
2016-12-12,4.74,4.8,4.66,4.71
2016-12-13,4.69,4.88,4.68,4.68
2016-12-14,4.71,4.93,4.71,4.81
2016-12-15,4.78,4.83,4.78,4.8
2016-12-16,4.74,4.8,4.72,4.72
2016-12-19,4.7,4.78,4.7,4.76
2016-12-20,4.78,4.78,4.75,4.76
2016-12-21,4.73,4.76,4.26,4.54
2016-12-22,4.6,4.6,4.55,4.58
2016-12-23,4.6,4.6,4.54,4.57
2016-12-26,4.555,4.6,4.532500000000001,4.585
2016-12-27,4.54,4.6,4.53,4.59
2016-12-28,4.58,4.58,4.55,4.55
2016-12-29,4.59,4.67,4.56,4.56
2016-12-30,4.75,4.77,4.56,4.77
2017-01-02,4.735,4.74,4.56,4.65
2017-01-03,4.73,4.73,4.56,4.61
2017-01-04,4.66,4.69,4.5,4.52
2017-01-05,4.55,4.61,4.47,4.49
2017-01-06,4.56,4.56,4.4,4.4
2017-01-09,4.35,4.53,4.35,4.48
2017-01-10,4.51,4.51,4.5,4.5
2017-01-11,4.5,4.53,4.5,4.52
2017-01-12,4.48,4.62,4.48,4.62
2017-01-13,4.51,4.69,4.51,4.69
2017-01-16,4.6075,4.6525,4.525,4.6000000000000005
2017-01-17,4.64,4.64,4.53,4.57
2017-01-18,4.59,4.6,4.54,4.56
2017-01-19,4.52,4.54,4.51,4.53
2017-01-20,4.56,4.56,4.48,4.5
2017-01-23,4.55,4.55,4.48,4.51
2017-01-24,4.5,4.57,4.46,4.56
2017-01-25,4.61,4.62,4.61,4.61
2017-01-26,4.51,4.57,4.51,4.57
2017-01-27,4.52,4.61,4.48,4.53
2017-01-30,4.51,4.51,4.45,4.46
2017-01-31,4.46,4.63,4.41,4.61
2017-02-01,4.52,4.59,4.52,4.56
2017-02-02,4.5,4.58,4.46,4.54
2017-02-03,4.65,4.69,4.53,4.69
2017-02-06,4.6,4.6,4.49,4.54
2017-02-07,4.51,4.56,4.51,4.56
2017-02-08,4.63,4.63,4.48,4.56
2017-02-09,4.53,4.57,4.53,4.54
2017-02-10,4.55,4.6,4.51,4.6
2017-02-13,4.57,4.59,4.55,4.55
2017-02-14,4.56,4.6,4.56,4.56
2017-02-15,4.55,4.57,4.51,4.57
2017-02-16,4.55,4.58,4.53,4.54
2017-02-17,4.51,4.6,4.51,4.59
2017-02-20,4.547499999999999,4.615,4.51,4.53
2017-02-21,4.56,4.62,4.51,4.51
2017-02-22,4.68,4.68,4.57,4.67
2017-02-23,4.67,4.67,4.66,4.67
2017-02-24,4.67,4.75,4.65,4.69
2017-02-27,4.76,4.87,4.7,4.81
2017-02-28,4.82,4.88,4.78,4.83
2017-03-01,4.87,4.88,4.8,4.81
2017-03-02,4.78,4.81,4.76,4.81
2017-03-03,4.8,4.8,4.8,4.8
2017-03-06,4.78,4.8,4.7,4.7
2017-03-07,4.7,4.75,4.68,4.69
2017-03-08,4.72,4.74,4.65,4.67
2017-03-09,4.67,4.67,4.65,4.66
2017-03-10,4.67,4.7,4.67,4.68
2017-03-13,4.68,4.77,4.43,4.43
2017-03-14,4.63,4.63,4.45,4.49
2017-03-15,4.54,4.62,4.38,4.5
2017-03-16,4.5,4.59,4.47,4.48
2017-03-17,4.5,5.19,4.37,5.19
2017-03-20,4.9,4.94,4.77,4.81
2017-03-21,4.81,4.81,4.59,4.74
2017-03-22,4.74,4.76,4.65,4.67
2017-03-23,4.7,4.75,4.66,4.7
2017-03-24,4.71,4.75,4.65,4.69
2017-03-27,4.7,4.7,4.64,4.67
2017-03-28,4.88,4.88,4.61,4.69
2017-03-29,4.71,4.74,4.61,4.63
2017-03-30,4.64,4.8,4.64,4.75
2017-03-31,4.78,4.78,4.72,4.77
2017-04-03,4.81,4.81,4.64,4.74
2017-04-04,4.69,4.81,4.69,4.73
2017-04-05,4.79,4.82,4.74,4.77
2017-04-06,4.79,4.88,4.75,4.81
2017-04-07,4.85,4.85,4.76,4.8
2017-04-10,4.83,4.85,4.76,4.8
2017-04-11,4.83,5.0,4.81,4.91
2017-04-12,4.93,4.95,4.82,4.93
2017-04-13,4.95,4.98,4.89,4.91
2017-04-14,4.9475,4.970000000000001,4.87,4.9025
2017-04-17,4.94,4.94,4.81,4.88
2017-04-18,4.92,4.93,4.84,4.85
2017-04-19,4.88,4.93,4.88,4.89
2017-04-20,4.87,4.93,4.87,4.93
2017-04-21,4.89,4.94,4.89,4.94
2017-04-24,4.89,4.93,4.89,4.9
2017-04-25,4.89,4.93,4.85,4.89
2017-04-26,4.89,4.93,4.89,4.91
2017-04-27,4.94,4.98,4.93,4.96
2017-04-28,4.96,4.97,4.89,4.95
2017-05-01,4.95,4.96,4.93,4.94
2017-05-02,4.9,5.1,4.9,5.03
2017-05-03,4.98,4.99,4.92,4.95
2017-05-04,4.96,4.98,4.89,4.94
2017-05-05,4.98,5.03,4.96,4.98
2017-05-08,4.92,4.99,4.85,4.92
2017-05-09,4.9,5.05,4.9,5.04
2017-05-10,4.98,5.15,4.92,4.97
2017-05-11,5.05,5.11,5.05,5.07
2017-05-12,5.1,5.1,5.0,5.0
2017-05-15,5.02,5.09,4.98,4.99
2017-05-16,4.9,4.95,4.9,4.94
2017-05-17,4.92,4.95,4.9,4.94
2017-05-18,4.9,4.96,4.9,4.92
2017-05-19,4.99,4.99,4.9,4.94
2017-05-22,4.99,4.99,4.91,4.95
2017-05-23,4.96,5.0,4.94,4.96
2017-05-24,4.97,5.04,4.97,5.04
2017-05-25,5.02,5.07,4.95,4.95
2017-05-26,5.0,5.04,5.0,5.04
2017-05-29,5.0375,5.085,5.03,5.0775
2017-05-30,5.05,5.1,5.04,5.09
2017-05-31,5.12,5.15,5.09,5.09
2017-06-01,5.09,5.11,5.06,5.07
2017-06-02,5.11,5.18,5.11,5.18
2017-06-05,5.15,5.17,5.1,5.16
2017-06-06,5.11,5.19,5.08,5.08
2017-06-07,5.14,5.14,5.08,5.1
2017-06-08,5.12,5.14,5.05,5.05
2017-06-09,5.05,5.15,5.02,5.14
2017-06-12,5.09,5.1,4.95,4.97
2017-06-13,4.88,4.99,4.88,4.9
2017-06-14,4.94,4.94,4.91,4.91
2017-06-15,4.95,5.05,4.94,5.05
2017-06-16,4.98,5.02,4.93,5.02
2017-06-19,4.98,5.01,4.95,4.97
2017-06-20,4.95,4.99,4.95,4.99
2017-06-21,5.0,5.03,4.95,4.95
2017-06-22,4.96,4.96,4.92,4.92
2017-06-23,4.99,4.99,4.94,4.94
2017-06-26,4.9,5.01,4.9,4.93
2017-06-27,4.93,5.04,4.87,4.91
2017-06-28,4.91,4.99,4.91,4.97
2017-06-29,4.9,5.0,4.89,4.92
2017-06-30,4.96,4.99,4.9,4.9
2017-07-03,4.93,4.99,4.87,4.97
2017-07-04,4.965,4.995,4.8950000000000005,4.955
2017-07-05,5.0,5.0,4.92,4.94
2017-07-06,4.94,4.98,4.9,4.9
2017-07-07,4.94,4.94,4.86,4.87
2017-07-10,4.8,4.82,4.63,4.75
2017-07-11,4.73,4.83,4.73,4.83
2017-07-12,4.72,4.82,4.72,4.76
2017-07-13,4.8,4.8,4.75,4.77
2017-07-14,4.78,4.8,4.77,4.77
2017-07-17,4.75,4.85,4.75,4.85
2017-07-18,4.85,4.85,4.77,4.8
2017-07-19,4.81,4.85,4.78,4.78
2017-07-20,4.83,4.83,4.75,4.77
2017-07-21,4.75,4.75,4.75,4.75
2017-07-24,4.73,4.77,4.71,4.77
2017-07-25,4.75,4.79,4.7,4.78
2017-07-26,4.79,4.83,4.78,4.83
2017-07-27,4.79,4.87,4.79,4.85
2017-07-28,4.8,4.9,4.79,4.9
2017-07-31,4.85,4.92,4.83,4.91
2017-08-01,4.95,4.98,4.78,4.95
2017-08-02,4.92,4.96,4.92,4.93
2017-08-03,4.97,4.97,4.91,4.93
2017-08-04,4.94,4.98,4.93,4.98
2017-08-07,4.97,4.97,4.93,4.95
2017-08-08,4.95,5.0,4.94,5.0
2017-08-09,5.0,5.01,4.97,5.01
2017-08-10,4.97,5.0,4.89,4.95
2017-08-11,4.95,5.0,4.92,5.0
2017-08-14,5.03,5.03,4.77,5.01
2017-08-15,5.0,5.0,4.87,4.88
2017-08-16,4.91,4.99,4.91,4.93
2017-08-17,4.94,4.99,4.8,4.81
2017-08-18,4.8,4.83,4.7,4.72
2017-08-21,4.76,4.9,4.76,4.86
2017-08-22,4.89,4.89,4.79,4.79
2017-08-23,4.87,4.89,4.78,4.78
2017-08-24,4.87,5.01,4.84,4.95
2017-08-25,4.91,4.99,4.85,4.85
2017-08-28,4.83,4.9,4.83,4.83
2017-08-29,4.83,4.86,4.8,4.82
2017-08-30,4.84,4.93,4.83,4.84
2017-08-31,4.81,4.89,4.8,4.82
2017-09-01,4.8,4.84,4.77,4.82
2017-09-04,4.8525,4.885,4.829999999999999,4.8725
2017-09-05,4.87,4.9,4.85,4.89
2017-09-06,4.89,4.94,4.78,4.81
2017-09-07,4.86,4.86,4.84,4.84
2017-09-08,4.85,4.89,4.8,4.8
2017-09-11,4.82,4.98,4.71,4.9
2017-09-12,4.91,4.91,4.81,4.87
2017-09-13,4.87,4.89,4.77,4.87
2017-09-14,4.81,4.89,4.81,4.89
2017-09-15,4.82,4.87,4.82,4.87
2017-09-18,4.84,5.02,4.84,4.98
2017-09-19,5.02,5.06,4.95,5.03
2017-09-20,5.0,5.09,5.0,5.08
2017-09-21,5.07,5.15,5.05,5.12
2017-09-22,5.15,5.15,4.81,4.81
2017-09-25,4.81,4.89,4.78,4.83
2017-09-26,4.84,4.84,4.8,4.81
2017-09-27,4.8,4.91,4.8,4.83
2017-09-28,4.8,4.83,4.71,4.83
2017-09-29,4.84,4.84,4.74,4.83
2017-10-02,4.79,4.84,4.75,4.84
2017-10-03,4.79,4.8,4.78,4.8
2017-10-04,4.8,4.85,4.79,4.83
2017-10-05,4.8,4.82,4.8,4.8
2017-10-06,4.8,4.84,4.8,4.82
2017-10-09,4.81,4.82,4.73,4.75
2017-10-10,4.75,4.76,4.69,4.72
2017-10-11,4.76,4.76,4.69,4.73
2017-10-12,4.67,4.76,4.67,4.74
2017-10-13,4.7,4.76,4.69,4.69
2017-10-16,4.7,4.73,4.59,4.73
2017-10-17,4.74,4.85,4.73,4.84
2017-10-18,4.83,4.85,4.78,4.81
2017-10-19,4.83,4.89,4.79,4.89
2017-10-20,4.9,4.92,4.73,4.9
2017-10-23,4.92,4.92,4.73,4.8
2017-10-24,4.81,4.81,4.71,4.73
2017-10-25,4.7,4.76,4.66,4.73
2017-10-26,4.76,4.76,4.65,4.65
2017-10-27,4.69,4.74,4.67,4.72
2017-10-30,4.7,4.72,4.68,4.69
2017-10-31,4.67,4.7,4.67,4.69
2017-11-01,4.71,4.71,4.66,4.71
2017-11-02,4.71,4.71,4.7,4.7
2017-11-03,4.71,4.71,4.62,4.62
2017-11-06,4.67,4.76,4.65,4.7
2017-11-07,4.74,4.78,4.65,4.7
2017-11-08,4.68,4.73,4.68,4.69
2017-11-09,4.72,4.72,4.7,4.72
2017-11-10,4.69,4.77,4.69,4.7
2017-11-13,4.7,4.79,4.7,4.79
2017-11-14,4.79,4.85,4.7,4.76
2017-11-15,4.7,4.78,4.7,4.77
2017-11-16,4.75,4.77,4.73,4.74
2017-11-17,4.75,4.76,4.73,4.76
2017-11-20,4.82,4.83,4.77,4.8
2017-11-21,4.75,4.85,4.75,4.85
2017-11-22,4.88,4.91,4.85,4.91
2017-11-23,4.87,4.890000000000001,4.819999999999999,4.890000000000001
2017-11-24,4.86,4.87,4.79,4.87
2017-11-27,4.94,4.94,4.87,4.92
2017-11-28,4.81,4.87,4.75,4.78
2017-11-29,4.8,4.89,4.75,4.81
2017-11-30,4.82,4.83,4.77,4.83
2017-12-01,4.82,4.83,4.77,4.83
2017-12-04,4.8,4.8,4.75,4.77
2017-12-05,4.78,4.8,4.76,4.79
2017-12-06,4.74,4.85,4.7,4.74
2017-12-07,4.75,4.76,4.75,4.75
2017-12-08,4.83,4.83,4.7,4.81
2017-12-11,4.73,4.75,4.7,4.71
2017-12-12,4.7,4.77,4.7,4.71
2017-12-13,4.75,4.76,4.73,4.73
2017-12-14,4.7,4.71,4.67,4.67
2017-12-15,4.71,4.75,4.71,4.75
2017-12-18,4.72,4.73,4.65,4.67
2017-12-19,4.66,4.72,4.66,4.66
2017-12-20,4.66,4.67,4.65,4.65
2017-12-21,4.69,4.69,4.57,4.57
2017-12-22,4.55,4.63,4.51,4.6
2017-12-25,4.6025,4.66,4.5925,4.615
2017-12-26,4.62,4.67,4.62,4.62
2017-12-27,4.65,4.7,4.53,4.56
2017-12-28,4.62,4.63,4.56,4.63
2017-12-29,4.57,4.62,4.56,4.61
2018-01-01,4.615,4.6274999999999995,4.5975,4.6175
2018-01-02,4.63,4.63,4.61,4.62
2018-01-03,4.65,4.65,4.65,4.65
2018-01-04,4.64,4.65,4.58,4.6
2018-01-05,4.58,4.58,4.51,4.54
2018-01-08,4.5,4.59,4.42,4.56
2018-01-09,4.6,4.6,4.42,4.54
2018-01-10,4.49,4.62,4.4,4.6
2018-01-11,4.59,4.6,4.56,4.59
2018-01-12,4.52,4.6,4.52,4.57
2018-01-15,4.5725,4.63,4.52,4.6225
2018-01-16,4.59,4.64,4.52,4.64
2018-01-17,4.63,4.63,4.53,4.58
2018-01-18,4.61,4.61,4.55,4.56
2018-01-19,4.55,4.59,4.54,4.54
2018-01-22,4.6,4.62,4.56,4.6
2018-01-23,4.62,4.62,4.59,4.6
2018-01-24,4.64,4.64,4.58,4.58
2018-01-25,4.58,4.59,4.58,4.58
2018-01-26,4.56,4.57,4.55,4.57
2018-01-29,4.56,4.57,4.56,4.56
2018-01-30,4.57,4.58,4.56,4.56
2018-01-31,4.56,4.58,4.56,4.57
2018-02-01,4.58,4.58,4.57,4.58
2018-02-02,4.58,4.58,4.52,4.52
2018-02-05,4.55,4.55,4.46,4.46
2018-02-06,4.41,4.51,4.41,4.43
2018-02-07,4.46,4.5,4.45,4.47
2018-02-08,4.5,4.51,4.45,4.45
2018-02-09,4.45,4.45,4.36,4.4
2018-02-12,4.42,4.46,4.36,4.46
2018-02-13,4.49,4.6,4.45,4.6
2018-02-14,4.51,4.51,4.42,4.42
2018-02-15,4.41,4.41,4.41,4.41
2018-02-16,4.43,4.43,4.36,4.36
2018-02-19,4.385,4.407500000000001,4.3675,4.3825
2018-02-20,4.37,4.4,4.37,4.39
2018-02-21,4.4,4.4,4.4,4.4
2018-02-22,4.45,4.47,4.41,4.44
2018-02-23,4.42,4.48,4.42,4.43
2018-02-26,4.41,4.44,4.41,4.42
2018-02-27,4.47,4.47,4.35,4.35
2018-02-28,4.37,4.37,4.25,4.31
2018-03-01,4.35,4.35,4.3,4.3
2018-03-02,4.34,4.35,4.34,4.35
2018-03-05,4.35,4.35,4.33,4.34
2018-03-06,4.35,4.39,4.34,4.36
2018-03-07,4.36,4.43,4.36,4.39
2018-03-08,4.39,4.39,4.32,4.32
2018-03-09,4.38,4.41,4.26,4.3
2018-03-12,4.35,4.36,4.3,4.36
2018-03-13,4.35,4.35,4.35,4.35
2018-03-14,4.25,4.37,4.25,4.37
2018-03-15,4.26,4.35,4.14,4.18
2018-03-16,4.24,4.39,4.24,4.39
2018-03-19,4.39,4.39,4.25,4.35
2018-03-20,4.34,4.34,4.28,4.28
2018-03-21,4.28,4.29,4.25,4.27
2018-03-22,4.29,4.31,4.15,4.31
2018-03-23,4.25,4.32,4.24,4.32
2018-03-26,4.32,4.32,4.21,4.24
2018-03-27,4.3,4.44,4.26,4.44
2018-03-28,4.27,4.44,4.21,4.32
2018-03-29,4.37,4.42,4.25,4.42
2018-03-30,4.3625,4.425,4.2725,4.41
2018-04-02,4.34,4.44,4.34,4.38
2018-04-03,4.37,4.38,4.19,4.19
2018-04-04,4.21,4.26,4.21,4.23
2018-04-05,4.25,4.25,4.18,4.2
2018-04-06,4.22,4.22,4.2,4.22
2018-04-09,4.27,4.27,4.19,4.2
2018-04-10,4.25,4.25,4.19,4.22
2018-04-11,4.24,4.25,4.2,4.21
2018-04-12,4.19,4.46,4.18,4.21
2018-04-13,4.23,4.23,4.23,4.23
2018-04-16,4.24,4.3,4.21,4.21
2018-04-17,4.19,4.23,4.19,4.23
2018-04-18,4.2,4.24,4.2,4.21
2018-04-19,4.19,4.23,4.19,4.22
2018-04-20,4.18,4.24,4.18,4.18
2018-04-23,4.24,4.24,4.18,4.2
2018-04-24,4.17,4.22,4.17,4.18
2018-04-25,4.17,4.2,4.17,4.18
2018-04-26,4.17,4.17,4.15,4.16
2018-04-27,4.15,4.18,4.15,4.18
2018-04-30,4.16,4.17,4.16,4.16
2018-05-01,4.18,4.18,4.14,4.18
2018-05-02,4.22,4.22,4.13,4.18
2018-05-03,4.2,4.21,4.17,4.17
2018-05-04,4.2,4.2,4.18,4.18
2018-05-07,4.24,4.24,4.17,4.17
2018-05-08,4.17,4.17,4.17,4.17
2018-05-09,4.16,4.17,4.11,4.17
2018-05-10,4.11,4.13,3.94,4.12
2018-05-11,4.1,4.16,4.1,4.12
2018-05-14,4.1,4.11,3.99,4.05
2018-05-15,4.01,4.05,3.99,3.99
2018-05-16,3.97,3.98,3.92,3.95
2018-05-17,3.95,3.97,3.95,3.96
2018-05-18,3.98,4.23,3.98,4.16
2018-05-21,4.2,4.2,4.14,4.19
2018-05-22,4.2,4.26,4.2,4.2
2018-05-23,4.18,4.22,4.17,4.22
2018-05-24,4.2,4.2,4.17,4.17
2018-05-25,4.18,4.18,4.13,4.14
2018-05-28,4.1499999999999995,4.1875,4.13,4.17
2018-05-29,4.14,4.19,4.13,4.18
2018-05-30,4.18,4.22,4.15,4.16
2018-05-31,4.19,4.23,4.18,4.21
2018-06-01,4.25,4.25,4.19,4.21
2018-06-04,4.21,4.27,4.0,4.15
2018-06-05,4.12,4.21,4.12,4.16
2018-06-06,4.22,4.22,4.1,4.1
2018-06-07,4.13,4.29,4.0,4.16
2018-06-08,4.15,4.25,4.15,4.19
2018-06-11,4.22,4.27,4.11,4.21
2018-06-12,4.23,4.27,4.18,4.18
2018-06-13,4.18,4.24,4.06,4.14
2018-06-14,4.06,4.13,4.06,4.13
2018-06-15,4.06,4.11,4.06,4.1
2018-06-18,4.14,4.14,4.06,4.07
2018-06-19,3.99,4.11,3.99,4.09
2018-06-20,4.09,4.1,4.08,4.1
2018-06-21,4.08,4.1,4.08,4.08
2018-06-22,4.07,4.1,4.06,4.1
2018-06-25,4.09,4.09,4.07,4.07
2018-06-26,4.08,4.09,4.07,4.08
2018-06-27,4.15,4.16,4.08,4.16
2018-06-28,4.13,4.15,4.1,4.1
2018-06-29,4.15,4.15,4.1,4.15
2018-07-02,4.14,4.45,4.14,4.45
2018-07-03,4.38,4.38,4.21,4.3
2018-07-04,4.324999999999999,4.324999999999999,4.24,4.285
2018-07-05,4.27,4.27,4.27,4.27
2018-07-06,4.23,4.23,4.07,4.16
2018-07-09,4.14,4.16,4.06,4.11
2018-07-10,4.07,4.2,4.07,4.14
2018-07-11,4.11,4.23,4.05,4.17
2018-07-12,4.14,4.14,4.11,4.13
2018-07-13,4.11,4.14,4.0,4.1
2018-07-16,4.1,4.12,4.1,4.1
2018-07-17,4.1,4.14,4.06,4.1
2018-07-18,4.09,4.14,4.09,4.14
2018-07-19,4.14,4.15,4.11,4.11
2018-07-20,4.13,4.14,4.13,4.14
2018-07-23,4.15,4.15,4.12,4.14
2018-07-24,4.14,4.14,4.0,4.05
2018-07-25,4.1,4.1,4.09,4.09
2018-07-26,4.06,4.06,4.02,4.05
2018-07-27,4.06,4.15,4.06,4.14
2018-07-30,4.14,4.15,4.1,4.13
2018-07-31,4.1,4.15,4.1,4.13
2018-08-01,4.13,4.14,4.09,4.13
2018-08-02,4.13,4.13,4.1,4.11
2018-08-03,4.1,4.12,4.1,4.1
2018-08-06,4.09,4.1,4.09,4.1
2018-08-07,4.15,4.15,4.0,4.04
2018-08-08,4.0,4.07,4.0,4.04
2018-08-09,4.05,4.1,4.05,4.08
2018-08-10,4.08,4.09,4.05,4.09
2018-08-13,4.01,4.07,4.01,4.01
2018-08-14,4.06,4.07,4.05,4.07
2018-08-15,4.15,4.15,4.1,4.12
2018-08-16,4.09,4.12,4.04,4.09
2018-08-17,4.12,4.12,4.04,4.04
2018-08-20,4.05,4.09,4.05,4.09
2018-08-21,4.12,4.15,4.11,4.13
2018-08-22,4.15,4.17,4.15,4.16
2018-08-23,4.16,4.16,4.15,4.16
2018-08-24,4.16,4.25,4.16,4.21
2018-08-27,4.25,4.27,4.23,4.24
2018-08-28,4.15,4.24,4.15,4.2
2018-08-29,4.24,4.24,4.24,4.24
2018-08-30,4.27,4.27,4.22,4.25
2018-08-31,4.15,4.26,4.15,4.25
2018-09-03,4.1875,4.2524999999999995,4.1875,4.235
2018-09-04,4.2,4.25,4.2,4.23
2018-09-05,4.19,4.2,4.18,4.2
2018-09-06,4.21,4.24,4.21,4.22
2018-09-07,4.24,4.24,4.22,4.23
2018-09-10,4.24,4.25,4.19,4.19
2018-09-11,4.22,4.22,4.2,4.2
2018-09-12,4.27,4.29,4.19,4.2
2018-09-13,4.29,4.29,4.18,4.19
2018-09-14,4.19,4.3,4.17,4.17
2018-09-17,4.15,4.16,4.1,4.1
2018-09-18,4.24,4.24,4.1,4.12
2018-09-19,4.1,4.2,4.1,4.1
2018-09-20,4.18,4.3,4.1,4.15
2018-09-21,4.2,4.27,4.2,4.22
2018-09-24,4.25,4.25,4.18,4.2
2018-09-25,4.18,4.2,4.18,4.18
2018-09-26,4.21,4.21,4.19,4.21
2018-09-27,4.16,4.24,4.16,4.18
2018-09-28,4.23,4.23,4.19,4.19
2018-10-01,4.22,4.29,4.2,4.21
2018-10-02,4.25,4.25,4.19,4.22
2018-10-03,4.24,4.24,4.18,4.22
2018-10-04,4.22,4.23,4.21,4.21
2018-10-05,4.21,4.21,4.1,4.16
2018-10-08,4.16,4.2,4.16,4.2
2018-10-09,4.21,4.21,4.03,4.17
2018-10-10,4.19,4.21,4.19,4.2
2018-10-11,4.16,4.17,4.03,4.04
2018-10-12,4.07,4.13,4.02,4.02
2018-10-15,4.02,4.08,4.02,4.05
2018-10-16,4.2,4.2,3.99,4.06
2018-10-17,4.03,4.03,4.02,4.02
2018-10-18,3.99,4.02,3.96,3.98
2018-10-19,4.04,4.06,4.04,4.06
2018-10-22,4.0,4.23,4.0,4.0
2018-10-23,4.02,4.04,4.02,4.02
2018-10-24,4.07,4.16,3.98,4.0
2018-10-25,4.1,4.19,3.96,4.15
2018-10-26,4.01,4.1,3.97,4.1
2018-10-29,4.1,4.11,3.99,4.02
2018-10-30,4.04,4.1,3.83,4.0
2018-10-31,3.99,4.07,3.97,3.98
2018-11-01,4.03,4.06,3.98,4.03
2018-11-02,3.96,4.04,3.88,3.9
2018-11-05,3.98,4.04,3.9,4.02
2018-11-06,4.01,4.04,4.01,4.03
2018-11-07,4.08,4.08,4.0,4.01
2018-11-08,3.97,4.07,3.97,4.05
2018-11-09,4.01,4.09,4.01,4.09
2018-11-12,4.02,4.03,4.02,4.03
2018-11-13,4.02,4.06,4.01,4.02
2018-11-14,4.0,4.02,3.98,3.99
2018-11-15,4.06,4.07,3.99,4.05
2018-11-16,4.07,4.07,3.99,4.05
2018-11-19,4.06,4.09,4.01,4.01
2018-11-20,4.01,4.03,3.98,4.01
2018-11-21,4.06,4.06,3.77,3.95
2018-11-22,4.0,4.005,3.84,3.9400000000000004
2018-11-23,3.94,3.95,3.91,3.93
2018-11-26,3.91,3.94,3.9,3.94
2018-11-27,3.94,3.94,3.9,3.94
2018-11-28,3.94,3.96,3.93,3.96
2018-11-29,3.96,3.97,3.92,3.97
2018-11-30,3.98,4.0,3.97,3.97
2018-12-03,4.0,4.0,3.91,3.95
2018-12-04,3.94,3.96,3.93,3.94
2018-12-05,3.94,3.955,3.865,3.92
2018-12-06,3.94,3.95,3.8,3.9
2018-12-07,3.87,4.04,3.87,3.89
2018-12-10,3.89,4.0,3.88,3.95
2018-12-11,4.0,4.0,3.91,3.94
2018-12-12,3.98,4.02,3.98,4.01
2018-12-13,4.0,4.04,4.0,4.03
2018-12-14,3.85,4.05,3.85,3.99
2018-12-17,4.01,4.01,3.93,3.93
2018-12-18,3.99,4.04,3.94,3.97
2018-12-19,4.01,4.02,3.96,3.96
2018-12-20,3.93,3.97,3.9,3.91
2018-12-21,3.94,3.94,3.9,3.9
2018-12-24,3.92,3.96,3.87,3.9
2018-12-25,3.905,3.945,3.85,3.885
2018-12-26,3.89,3.93,3.83,3.87
2018-12-27,3.86,3.88,3.85,3.86
2018-12-28,3.87,3.92,3.85,3.89
2018-12-31,3.96,3.96,3.89,3.92
2019-01-01,3.915,3.915,3.875,3.895
2019-01-02,3.87,3.87,3.86,3.87
2019-01-03,3.86,4.01,3.86,3.93
2019-01-04,3.98,3.98,3.89,3.93
2019-01-07,3.95,3.97,3.95,3.95
2019-01-08,3.99,3.99,3.95,3.97
2019-01-09,3.98,3.98,3.97,3.97
2019-01-10,3.9,4.05,3.9,4.0
2019-01-11,3.9,4.0,3.89,3.97
2019-01-14,3.99,4.02,3.93,3.93
2019-01-15,3.92,3.97,3.92,3.95
2019-01-16,3.93,4.02,3.92,3.95
2019-01-17,3.98,3.98,3.92,3.92
2019-01-18,4.02,4.02,3.94,3.96
2019-01-21,4.005,4.005,3.9475000000000002,3.9525
2019-01-22,4.0,4.0,3.95,3.95
2019-01-23,3.95,3.95,3.93,3.93
2019-01-24,3.89,3.93,3.88,3.92
2019-01-25,3.92,3.93,3.88,3.93
2019-01-28,3.93,3.99,3.93,3.97
2019-01-29,3.91,4.0,3.91,4.0
2019-01-30,4.03,4.03,3.97,3.97
2019-01-31,4.05,4.05,4.0,4.0
2019-02-01,3.95,4.0,3.95,3.98
2019-02-04,3.93,3.99,3.88,3.98
2019-02-05,3.95,3.95,3.93,3.93
2019-02-06,3.97,4.02,3.97,3.97
2019-02-07,3.98,4.01,3.97,4.0
2019-02-08,3.98,3.99,3.97,3.97
2019-02-11,4.0,4.0,3.92,3.95
2019-02-12,4.0,4.0,3.95,3.95
2019-02-13,3.99,3.99,3.95,3.95
2019-02-14,3.95,3.97,3.94,3.94
2019-02-15,3.98,3.98,3.95,3.95
2019-02-18,3.9575,3.98,3.95,3.9725
2019-02-19,3.95,3.98,3.95,3.98
2019-02-20,3.95,4.0,3.95,3.97
2019-02-21,3.95,3.97,3.95,3.97
2019-02-22,3.95,4.0,3.88,3.9
2019-02-25,3.95,3.95,3.92,3.95
2019-02-26,3.97,3.97,3.93,3.93
2019-02-27,3.86,3.94,3.86,3.92
2019-02-28,3.94,3.95,3.92,3.95
2019-03-01,3.95,3.97,3.91,3.96
2019-03-04,3.96,3.99,3.95,3.99
2019-03-05,4.0,4.0,3.96,3.99
2019-03-06,3.97,3.97,3.92,3.93
2019-03-07,3.92,3.92,3.92,3.92
2019-03-08,3.94,3.96,3.92,3.92
2019-03-11,3.94,3.94,3.9,3.9
2019-03-12,3.94,3.95,3.86,3.88
2019-03-13,3.9,3.93,3.87,3.9
2019-03-14,3.87,3.87,3.86,3.87
2019-03-15,3.85,3.89,3.85,3.85
2019-03-18,3.85,3.87,3.8,3.85
2019-03-19,3.84,3.87,3.8,3.81
2019-03-20,3.8,3.83,3.77,3.77
2019-03-21,3.8,3.81,3.78,3.78
2019-03-22,3.8,4.02,3.77,3.91
2019-03-25,3.94,3.95,3.79,3.8
2019-03-26,3.81,3.84,3.79,3.8
2019-03-27,3.84,3.96,3.74,3.94
2019-03-28,3.81,3.94,3.81,3.92
2019-03-29,3.95,3.95,3.86,3.86
2019-04-01,3.8,3.88,3.77,3.79
2019-04-02,3.81,3.93,3.78,3.93
2019-04-03,3.88,3.88,3.81,3.81
2019-04-04,3.88,3.93,3.83,3.85
2019-04-05,3.89,3.89,3.87,3.89
2019-04-08,3.85,3.85,3.75,3.84
2019-04-09,3.8,3.82,3.77,3.81
2019-04-10,3.82,3.84,3.81,3.82
2019-04-11,3.83,3.87,3.83,3.85
2019-04-12,3.92,3.99,3.86,3.99
2019-04-15,3.97,3.97,3.89,3.93
2019-04-16,3.95,3.95,3.9,3.91
2019-04-17,3.97,3.97,3.81,3.83
2019-04-18,3.86,3.87,3.84,3.84
2019-04-19,3.8575,3.875,3.8425,3.8449999999999998
2019-04-22,3.85,3.89,3.85,3.86
2019-04-23,3.84,3.95,3.84,3.93
2019-04-24,3.88,3.9,3.8,3.85
2019-04-25,3.88,3.89,3.86,3.88
2019-04-26,3.87,3.89,3.83,3.83
2019-04-29,3.84,3.86,3.83,3.83
2019-04-30,3.84,3.84,3.83,3.84
2019-05-01,3.84,3.85,3.81,3.81
2019-05-02,3.86,3.86,3.8,3.8
2019-05-03,3.87,3.87,3.76,3.84
2019-05-06,3.82,3.83,3.74,3.74
2019-05-07,3.75,3.77,3.66,3.69
2019-05-08,3.71,3.71,3.65,3.67
2019-05-09,3.68,3.75,3.67,3.69
2019-05-10,3.72,3.72,3.68,3.68
2019-05-13,3.75,3.75,3.75,3.75
2019-05-14,3.76,3.78,3.75,3.76
2019-05-15,3.78,3.8,3.71,3.76
2019-05-16,3.78,3.79,3.69,3.7
2019-05-17,3.66,3.7,3.66,3.69
2019-05-20,3.7,3.72,3.69,3.69
2019-05-21,3.71,3.74,3.68,3.72
2019-05-22,3.73,3.73,3.7,3.72
2019-05-23,3.71,3.71,3.66,3.69
2019-05-24,3.7,3.7,3.65,3.65
2019-05-27,3.685,3.76,3.65,3.6799999999999997
2019-05-28,3.68,3.78,3.65,3.69
2019-05-29,3.7,3.7,3.66,3.66
2019-05-30,3.69,3.72,3.68,3.7
2019-05-31,3.68,3.7,3.67,3.67
2019-06-03,3.65,3.8,3.65,3.8
2019-06-04,3.8,3.8,3.69,3.7
2019-06-05,3.73,3.75,3.73,3.73
2019-06-06,3.73,3.73,3.7,3.72
2019-06-07,3.78,4.0,3.75,3.97
2019-06-10,4.05,4.05,3.9,3.99
2019-06-11,4.04,4.07,3.94,3.96
2019-06-12,4.0,4.05,3.95,4.0
2019-06-13,4.01,4.04,3.97,4.04
2019-06-14,4.04,4.04,3.98,4.03
2019-06-17,4.0,4.03,3.99,3.99
2019-06-18,4.0,4.0,3.93,4.0
2019-06-19,3.94,4.0,3.94,3.99
2019-06-20,4.0,4.0,3.98,3.99
2019-06-21,3.98,3.98,3.8,3.8
2019-06-24,3.83,3.91,3.82,3.91
2019-06-25,3.92,3.92,3.77,3.78
2019-06-26,3.81,3.91,3.8,3.85
2019-06-27,3.86,3.92,3.83,3.83
2019-06-28,3.85,3.9,3.76,3.76
2019-07-01,3.81,3.87,3.81,3.81
2019-07-02,3.82,3.89,3.82,3.85
2019-07-03,3.8,3.85,3.79,3.79
2019-07-04,3.815,3.865,3.81,3.83
2019-07-05,3.83,3.88,3.83,3.87
2019-07-08,3.89,3.89,3.86,3.88
2019-07-09,3.87,3.87,3.82,3.83
2019-07-10,3.81,3.87,3.81,3.85
2019-07-11,3.82,3.88,3.8,3.8
2019-07-12,3.79,3.84,3.75,3.8
2019-07-15,3.91,3.92,3.85,3.92
2019-07-16,3.93,4.1,3.93,4.09
2019-07-17,4.1,4.3,4.08,4.18
2019-07-18,4.19,4.25,4.18,4.19
2019-07-19,4.25,4.25,4.16,4.18
2019-07-22,4.19,4.25,4.15,4.17
2019-07-23,4.19,4.19,4.11,4.13
2019-07-24,4.11,4.25,4.1,4.21
2019-07-25,4.19,4.21,4.16,4.18
2019-07-26,4.18,4.2,4.17,4.18
2019-07-29,4.16,4.2,4.13,4.13
2019-07-30,4.16,4.2,4.13,4.19
2019-07-31,4.19,4.2,4.16,4.16
2019-08-01,4.13,4.13,4.09,4.09
2019-08-02,4.08,4.1,4.07,4.1
2019-08-05,4.07,4.1,4.0,4.02
2019-08-06,4.06,4.08,4.0,4.05
2019-08-07,4.0,4.1,4.0,4.05
2019-08-08,4.1,4.1,4.04,4.07
2019-08-09,4.03,4.08,4.02,4.03
2019-08-12,4.06,4.15,4.04,4.13
2019-08-13,4.15,4.18,4.11,4.15
2019-08-14,4.18,4.18,4.14,4.16
2019-08-15,4.15,4.25,4.11,4.24
2019-08-16,4.25,4.47,4.25,4.41
2019-08-19,4.5,4.91,4.5,4.7
2019-08-20,4.66,4.94,4.57,4.71
2019-08-21,4.75,4.75,4.6,4.73
2019-08-22,4.67,4.7,4.6,4.63
2019-08-23,4.56,4.57,4.5,4.51
2019-08-26,4.51,4.7,4.51,4.58
2019-08-27,4.6,4.6,4.52,4.54
2019-08-28,4.53,4.53,4.44,4.49
2019-08-29,4.5,4.52,4.42,4.48
2019-08-30,4.45,4.47,4.35,4.39
2019-09-02,4.4125000000000005,4.4325,4.3575,4.405
2019-09-03,4.4,4.42,4.36,4.41
2019-09-04,4.46,4.57,4.41,4.47
2019-09-05,4.51,4.59,4.44,4.5
2019-09-06,4.48,4.73,4.48,4.68
2019-09-09,4.73,4.85,4.68,4.84
2019-09-10,4.83,4.95,4.69,4.88
2019-09-11,4.93,4.95,4.85,4.86
2019-09-12,4.9,4.9,4.68,4.8
2019-09-13,4.92,4.92,4.71,4.83
2019-09-16,4.73,4.83,4.62,4.72
2019-09-17,4.72,4.8,4.52,4.66
2019-09-18,4.66,4.76,4.61,4.65
2019-09-19,4.65,4.79,4.59,4.59
2019-09-20,4.59,4.69,4.47,4.63
2019-09-23,4.7,4.7,4.5,4.53
2019-09-24,4.6,4.67,4.52,4.61
2019-09-25,4.65,4.7,4.62,4.69
2019-09-26,4.72,4.8,4.67,4.72
2019-09-27,4.73,4.76,4.68,4.68
2019-09-30,4.72,4.76,4.68,4.76
2019-10-01,4.72,4.72,4.65,4.69
2019-10-02,4.69,4.69,4.56,4.58
2019-10-03,4.6,4.65,4.53,4.57
2019-10-04,4.62,4.75,4.58,4.65
2019-10-07,4.62,4.76,4.57,4.72
2019-10-08,4.65,4.67,4.54,4.59
2019-10-09,4.56,4.57,4.5,4.53
2019-10-10,4.66,4.72,4.66,4.69
2019-10-11,4.66,4.73,4.65,4.66
2019-10-14,4.67,4.69,4.64,4.64
2019-10-15,4.7,4.7,4.62,4.62
2019-10-16,4.65,4.65,4.58,4.61
2019-10-17,4.63,4.63,4.59,4.59
2019-10-18,4.58,4.59,4.58,4.59
2019-10-21,4.62,4.62,4.59,4.6
2019-10-22,4.64,4.64,4.6,4.63
2019-10-23,4.64,4.73,4.63,4.64
2019-10-24,4.66,4.7,4.64,4.67
2019-10-25,4.63,4.68,4.6,4.6
2019-10-28,4.61,4.67,4.6,4.61
2019-10-29,4.57,4.61,4.5,4.5
2019-10-30,4.52,4.52,4.11,4.25
2019-10-31,4.25,4.25,4.14,4.18
2019-11-01,4.2,4.49,4.19,4.2
2019-11-04,4.29,4.4,4.22,4.22
2019-11-05,4.13,4.32,4.13,4.22
2019-11-06,4.25,4.25,4.21,4.22
2019-11-07,4.26,4.26,4.15,4.17
2019-11-08,4.15,4.28,4.15,4.28
2019-11-11,4.29,4.43,4.27,4.39
2019-11-12,4.42,4.42,4.31,4.35
2019-11-13,4.31,4.37,4.25,4.36
2019-11-14,4.31,4.45,4.31,4.45
2019-11-15,4.39,4.47,4.37,4.4
2019-11-18,4.37,4.37,4.17,4.18
2019-11-19,4.24,4.24,4.19,4.2
2019-11-20,4.19,4.36,4.15,4.24
2019-11-21,4.34,4.34,4.2,4.2
2019-11-22,4.25,4.25,4.19,4.22
2019-11-25,4.15,4.25,4.15,4.21
2019-11-26,4.18,4.35,4.17,4.26
2019-11-27,4.29,4.43,4.26,4.3
2019-11-28,4.25,4.355,4.234999999999999,4.28
2019-11-29,4.21,4.28,4.21,4.26
2019-12-02,4.25,4.32,4.2,4.2
2019-12-03,4.24,4.33,4.16,4.19
2019-12-04,4.18,4.26,4.17,4.17
2019-12-05,4.2,4.23,4.17,4.2
2019-12-06,4.21,4.21,4.18,4.18
2019-12-09,4.21,4.21,4.18,4.21
2019-12-10,4.24,4.24,4.18,4.22
2019-12-11,4.33,4.33,4.22,4.25
2019-12-12,4.25,4.32,4.2,4.23
2019-12-13,4.26,4.27,4.24,4.25
2019-12-16,4.25,4.27,4.24,4.27
2019-12-17,4.3,4.39,4.3,4.39
2019-12-18,4.37,4.38,4.26,4.29
2019-12-19,4.28,4.29,4.23,4.27
2019-12-20,4.27,4.27,4.2,4.23
2019-12-23,4.27,4.33,4.24,4.32
2019-12-24,4.31,4.32,4.31,4.32
2019-12-25,4.3149999999999995,4.32,4.265,4.305
2019-12-26,4.32,4.32,4.22,4.29
2019-12-27,4.28,4.32,4.26,4.26
2019-12-30,4.3,4.3,4.27,4.27
2019-12-31,4.31,4.32,4.29,4.3
2020-01-01,4.3149999999999995,4.36,4.29,4.35
2020-01-02,4.32,4.4,4.29,4.4
2020-01-03,4.28,4.39,4.28,4.34
2020-01-06,4.31,4.34,4.28,4.31
2020-01-07,4.3,4.34,4.26,4.32
2020-01-08,4.32,4.4,4.3,4.3
2020-01-09,4.32,4.33,4.3,4.3
2020-01-10,4.3,4.44,4.3,4.42
2020-01-13,4.42,4.43,4.38,4.4
2020-01-14,4.43,4.45,4.33,4.33
2020-01-15,4.35,4.44,4.33,4.33
2020-01-16,4.45,4.45,4.33,4.45
2020-01-17,4.39,4.44,4.32,4.41
2020-01-20,4.39,4.4325,4.3725,4.425
2020-01-21,4.39,4.43,4.39,4.43
2020-01-22,4.39,4.43,4.36,4.4
2020-01-23,4.42,4.42,4.33,4.38
2020-01-24,4.38,4.38,4.35,4.35
2020-01-27,4.3,4.37,4.25,4.25
2020-01-28,4.26,4.31,4.21,4.23
2020-01-29,4.22,4.27,4.15,4.23
2020-01-30,4.27,4.27,4.23,4.25
2020-01-31,4.27,4.27,4.18,4.19
2020-02-03,4.22,4.43,4.2,4.21
2020-02-04,4.2,4.3,4.2,4.22
2020-02-05,4.21,4.36,4.21,4.3
2020-02-06,4.3,4.3,4.29,4.29
2020-02-07,4.27,4.3,4.27,4.29
2020-02-10,4.25,4.28,4.23,4.26
2020-02-11,4.29,4.29,4.25,4.25
2020-02-12,4.29,4.29,4.22,4.23
2020-02-13,4.26,4.27,4.23,4.26
2020-02-14,4.26,4.3,4.26,4.28
2020-02-17,4.29,4.3225,4.2524999999999995,4.3175
2020-02-18,4.3,4.33,4.25,4.33
2020-02-19,4.31,4.34,4.26,4.32
2020-02-20,4.29,4.32,4.27,4.3
2020-02-21,4.3,4.31,4.25,4.3
2020-02-24,4.3,4.3,4.21,4.28
2020-02-25,4.26,4.26,4.15,4.15
2020-02-26,4.11,4.26,4.1,4.23
2020-02-27,4.13,4.3,4.12,4.13
2020-02-28,4.11,4.31,4.09,4.31
2020-03-02,4.31,4.31,3.93,4.18
2020-03-03,4.25,4.27,4.1,4.27
2020-03-04,4.3,4.3,4.22,4.27
2020-03-05,4.31,4.31,4.17,4.2
2020-03-06,4.12,4.23,4.11,4.17
2020-03-09,4.11,4.22,4.06,4.22
2020-03-10,4.21,4.21,4.1,4.12
2020-03-11,4.11,4.11,4.06,4.07
2020-03-12,4.0,4.0,3.43,3.93
2020-03-13,4.07,4.12,3.55,3.86
2020-03-16,3.6,4.0,3.39,3.8
2020-03-17,3.99,3.99,3.51,3.51
2020-03-18,3.5,3.5,3.01,3.22
2020-03-19,3.11,3.41,3.11,3.41
2020-03-20,3.4,3.92,3.21,3.24
2020-03-23,3.23,3.75,2.65,3.21
2020-03-24,3.46,3.6,3.18,3.29
2020-03-25,3.33,3.46,3.25,3.38
2020-03-26,3.57,3.65,3.53,3.58
2020-03-27,3.58,3.65,3.29,3.64
2020-03-30,3.55,3.55,3.32,3.45
2020-03-31,3.43,3.65,3.34,3.51
2020-04-01,3.54,3.65,3.41,3.41
2020-04-02,3.58,3.58,3.39,3.39
2020-04-03,3.39,3.45,3.35,3.45
2020-04-06,3.54,3.65,3.48,3.53
2020-04-07,3.61,3.79,3.61,3.7
2020-04-08,3.68,3.94,3.66,3.78
2020-04-09,3.79,3.88,3.65,3.7
2020-04-10,3.7824999999999998,3.875,3.6625,3.705
2020-04-13,3.76,3.86,3.7,3.72
2020-04-14,3.87,3.87,3.8,3.81
2020-04-15,3.8,3.86,3.57,3.82
2020-04-16,3.83,3.83,3.7,3.7
2020-04-17,3.67,3.79,3.63,3.71
2020-04-20,3.64,3.75,3.6,3.61
2020-04-21,3.56,3.69,3.51,3.51
2020-04-22,3.52,3.97,3.52,3.73
2020-04-23,3.66,3.93,3.64,3.64
2020-04-24,3.6,3.84,3.6,3.72
2020-04-27,3.7,3.79,3.61,3.74
2020-04-28,3.71,3.8,3.71,3.8
2020-04-29,3.97,4.05,3.77,3.8
2020-04-30,3.7,4.05,3.7,3.97
2020-05-01,3.85,3.87,3.75,3.75
2020-05-04,3.73,3.86,3.7,3.83
2020-05-05,3.83,3.9,3.78,3.83
2020-05-06,3.82,3.84,3.7,3.7
2020-05-07,3.77,3.82,3.71,3.73
2020-05-08,3.77,3.8,3.7,3.7
2020-05-11,3.82,3.84,3.75,3.75
2020-05-12,3.72,3.72,3.65,3.65
2020-05-13,3.69,3.7,3.55,3.55
2020-05-14,3.65,3.76,3.5,3.76
2020-05-15,3.67,3.76,3.61,3.71
2020-05-18,3.71,3.8,3.69,3.71
2020-05-19,3.73,3.76,3.6,3.6
2020-05-20,3.73,3.74,3.66,3.74
2020-05-21,3.73,3.74,3.65,3.67
2020-05-22,3.71,4.3,3.7,4.0
2020-05-25,4.0475,4.195,3.9325,4.0075
2020-05-26,4.16,4.16,4.01,4.01
2020-05-27,4.02,4.14,4.02,4.09
2020-05-28,4.12,4.16,4.1,4.1
2020-05-29,4.14,4.16,4.14,4.16
2020-06-01,4.15,4.16,4.08,4.15
2020-06-02,4.08,4.15,4.0,4.1
2020-06-03,4.11,4.11,4.0,4.0
2020-06-04,4.05,4.05,3.99,4.0
2020-06-05,4.0,4.0,3.96,3.99
2020-06-08,4.04,4.04,3.95,3.99
2020-06-09,4.0,4.0,3.96,3.96
2020-06-10,3.99,4.0,3.95,3.95
2020-06-11,3.91,3.99,3.85,3.88
2020-06-12,3.98,3.98,3.8,3.8
2020-06-15,3.73,3.93,3.73,3.83
2020-06-16,3.89,4.0,3.89,4.0
2020-06-17,3.91,4.05,3.84,3.84
2020-06-18,3.93,3.99,3.87,3.9
2020-06-19,3.93,4.0,3.91,4.0
2020-06-22,4.0,4.0,3.9,3.93
2020-06-23,3.91,3.98,3.91,3.95
2020-06-24,3.91,3.96,3.87,3.87
2020-06-25,3.88,3.96,3.79,3.88
2020-06-26,3.9,3.93,3.77,3.93
2020-06-29,3.94,3.94,3.89,3.93
2020-06-30,3.93,3.93,3.82,3.85
2020-07-01,3.84,3.93,3.84,3.93
2020-07-02,3.91,3.91,3.88,3.89
2020-07-03,3.8975,3.9075,3.875,3.8875
2020-07-06,3.86,3.9,3.86,3.88
2020-07-07,3.9,3.93,3.88,3.88
2020-07-08,3.89,3.9,3.81,3.83
2020-07-09,3.82,3.87,3.8,3.8
2020-07-10,3.85,3.89,3.82,3.83
2020-07-13,3.83,3.83,3.77,3.8
2020-07-14,3.82,3.82,3.75,3.76
2020-07-15,3.82,3.82,3.75,3.79
2020-07-16,3.8,3.81,3.7,3.78
2020-07-17,3.78,3.78,3.7,3.71
2020-07-20,3.74,3.75,3.7,3.72
2020-07-21,3.77,3.77,3.67,3.73
2020-07-22,3.75,3.78,3.69,3.7
2020-07-23,3.67,3.79,3.67,3.78
2020-07-24,3.8,3.8,3.75,3.76
2020-07-27,3.73,3.75,3.69,3.7
2020-07-28,3.7,3.77,3.68,3.76
2020-07-29,3.78,3.78,3.76,3.76
2020-07-30,3.67,3.76,3.67,3.75
2020-07-31,3.77,3.78,3.68,3.74
2020-08-03,3.74,3.83,3.72,3.83
2020-08-04,3.79,3.83,3.76,3.81
2020-08-05,3.81,3.86,3.8,3.82
2020-08-06,3.8,3.92,3.8,3.84
2020-08-07,3.85,3.87,3.85,3.85
2020-08-10,3.84,3.98,3.84,3.93
2020-08-11,3.93,3.98,3.84,3.86
2020-08-12,3.87,3.87,3.5,3.73
2020-08-13,3.73,3.79,3.51,3.76
2020-08-14,3.8,3.89,3.67,3.67
2020-08-17,3.84,3.84,3.7,3.83
2020-08-18,3.83,3.87,3.76,3.85
2020-08-19,3.86,3.94,3.83,3.92
2020-08-20,3.93,3.93,3.84,3.9
2020-08-21,3.92,3.93,3.9,3.92
2020-08-24,3.93,3.94,3.9,3.94
2020-08-25,3.94,3.95,3.9,3.91
2020-08-26,3.9,3.98,3.9,3.95
2020-08-27,3.97,3.97,3.93,3.95
2020-08-28,3.96,3.98,3.94,3.97
2020-08-31,3.98,4.0,3.98,3.98
2020-09-01,3.98,4.03,3.98,4.02
2020-09-02,4.02,4.04,4.01,4.01
2020-09-03,4.03,4.04,4.0,4.04
2020-09-04,4.03,4.04,4.01,4.01
2020-09-07,4.0075,4.04,4.0024999999999995,4.025
2020-09-08,4.0,4.04,4.0,4.03
2020-09-09,4.04,4.04,4.02,4.03
2020-09-10,4.04,4.04,4.03,4.03
2020-09-11,4.03,4.05,4.03,4.03
2020-09-14,4.03,4.05,4.02,4.05
2020-09-15,4.04,4.06,4.03,4.06
2020-09-16,4.04,4.13,4.04,4.06
2020-09-17,4.1,4.16,4.06,4.15
2020-09-18,4.15,4.15,4.05,4.05
2020-09-21,4.05,4.09,4.02,4.04
2020-09-22,4.06,4.08,4.05,4.08
2020-09-23,4.09,4.1,4.06,4.07
2020-09-24,4.06,4.09,4.06,4.08
2020-09-25,4.1,4.11,4.03,4.07
2020-09-28,4.1,4.13,4.08,4.08
2020-09-29,4.08,4.1,4.03,4.06
2020-09-30,4.06,4.09,4.01,4.01
2020-10-01,4.06,4.1,4.05,4.09
2020-10-02,4.08,4.09,4.06,4.08
2020-10-05,4.08,4.12,4.08,4.08
2020-10-06,4.08,4.1,4.03,4.03
2020-10-07,4.09,4.09,4.05,4.06
2020-10-08,4.03,4.1,4.01,4.06
2020-10-09,3.94,4.08,3.94,4.0
2020-10-12,3.98,4.06,3.98,4.0
2020-10-13,4.0,4.0,3.95,3.98
2020-10-14,4.0,4.07,4.0,4.05
2020-10-15,4.06,4.06,3.92,3.97
2020-10-16,4.02,4.07,3.95,3.96
2020-10-19,4.0,4.0,3.94,3.97
2020-10-20,4.0,4.04,4.0,4.01
2020-10-21,4.05,4.05,3.98,3.98
2020-10-22,4.0,4.0,3.92,3.92
2020-10-23,4.01,4.01,3.93,3.93
2020-10-26,3.93,3.98,3.92,3.98
2020-10-27,3.98,3.98,3.92,3.95
2020-10-28,3.93,4.01,3.93,3.97
2020-10-29,3.99,4.0,3.99,4.0
2020-10-30,4.0,4.0,3.95,3.95
2020-11-02,3.96,4.0,3.94,4.0
2020-11-03,4.06,4.06,3.97,3.97
2020-11-04,4.01,4.01,3.97,3.97
2020-11-05,3.98,3.98,3.97,3.97
2020-11-06,4.0,4.0,3.95,3.99
2020-11-09,4.0,4.09,3.97,4.0
2020-11-10,4.01,4.01,3.94,3.96
2020-11-11,3.96,4.0,3.96,3.98
2020-11-12,4.0,4.0,3.93,3.94
2020-11-13,4.0,4.0,3.92,3.97
2020-11-16,4.0,4.0,3.97,3.98
2020-11-17,4.0,4.02,3.99,3.99
2020-11-18,3.99,4.0,3.92,4.0
2020-11-19,3.99,4.03,3.99,3.99
2020-11-20,4.0,4.0,3.97,4.0
2020-11-23,4.0,4.01,3.99,3.99
2020-11-24,4.0,4.05,3.98,4.0
2020-11-25,3.99,4.0,3.98,4.0
2020-11-26,3.995,4.0,3.98,3.995
2020-11-27,4.0,4.0,3.98,3.99
2020-11-30,4.0,4.0,3.95,3.98
2020-12-01,3.99,3.99,3.95,3.98
2020-12-02,3.95,4.05,3.95,4.05
2020-12-03,4.04,4.08,3.98,4.05
2020-12-04,4.07,4.07,4.04,4.07
2020-12-07,4.07,4.09,4.06,4.09
2020-12-08,4.09,4.09,4.08,4.09
2020-12-09,4.07,4.13,4.06,4.12
2020-12-10,4.09,4.15,4.07,4.07
2020-12-11,4.11,4.12,4.06,4.12
2020-12-14,4.13,4.13,4.06,4.13
2020-12-15,4.1,4.1,4.05,4.09
2020-12-16,4.09,4.11,4.03,4.08
2020-12-17,4.13,4.13,4.08,4.12
2020-12-18,4.12,4.16,4.0,4.0
2020-12-21,3.95,4.05,3.95,4.05
2020-12-22,4.01,4.1,4.0,4.05
2020-12-23,4.03,4.15,4.0,4.05
2020-12-24,4.01,4.07,4.0,4.06
2020-12-25,4.025,4.09,4.0024999999999995,4.055
2020-12-28,4.07,4.15,4.01,4.04
2020-12-29,4.1,4.1,3.99,4.0
2020-12-30,4.02,4.03,4.0,4.03
2020-12-31,4.0,4.15,4.0,4.01
2021-01-01,4.0175,4.1325,4.0,4.01
2021-01-04,4.07,4.08,4.0,4.01
2021-01-05,4.01,4.06,4.0,4.04
2021-01-06,4.01,4.12,4.01,4.05
2021-01-07,4.1,4.1,4.07,4.09
2021-01-08,4.1,4.13,4.0,4.09
2021-01-11,4.05,4.11,4.0,4.05
2021-01-12,4.1,4.11,4.0,4.1
2021-01-13,4.12,4.12,3.96,3.98
2021-01-14,4.04,4.09,4.03,4.03
2021-01-15,4.03,4.04,4.01,4.04
2021-01-18,4.015,4.047499999999999,3.995,4.01
2021-01-19,4.01,4.05,3.99,4.0
2021-01-20,3.98,4.03,3.95,3.96
2021-01-21,4.02,4.02,3.96,3.96
2021-01-22,3.98,3.98,3.95,3.98
2021-01-25,4.0,4.05,3.96,4.05
2021-01-26,4.04,4.09,4.01,4.08
2021-01-27,4.05,4.08,4.05,4.08
2021-01-28,4.08,4.08,4.05,4.08
2021-01-29,4.06,4.09,4.05,4.06
2021-02-01,4.05,4.08,4.0,4.04
2021-02-02,4.03,4.12,4.03,4.08
2021-02-03,4.08,4.11,4.07,4.11
2021-02-04,4.1,4.11,4.09,4.11
2021-02-05,4.11,4.12,4.1,4.1
2021-02-08,4.12,4.12,4.1,4.11
2021-02-09,4.08,4.12,4.08,4.11
2021-02-10,4.12,4.12,4.1,4.12
2021-02-11,4.12,4.13,4.11,4.12
2021-02-12,4.13,4.2,4.12,4.18
2021-02-15,4.1975,4.425,4.195,4.39
2021-02-16,4.22,4.5,4.22,4.46
2021-02-17,4.47,4.67,4.47,4.63
2021-02-18,4.61,4.64,4.33,4.52
2021-02-19,4.5,4.63,4.39,4.47
2021-02-22,4.44,4.44,4.37,4.43
2021-02-23,4.42,4.43,4.35,4.43
2021-02-24,4.4,4.52,4.38,4.48
2021-02-25,4.47,4.52,4.43,4.48
2021-02-26,4.33,4.5,4.29,4.41
2021-03-01,4.45,4.51,4.37,4.48
2021-03-02,4.5,4.5,4.43,4.5
2021-03-03,4.44,4.51,4.43,4.51
2021-03-04,4.53,5.09,4.41,4.61
2021-03-05,4.6,4.68,4.32,4.53
2021-03-08,4.55,4.67,4.54,4.6
2021-03-09,4.7,4.92,4.66,4.92
2021-03-10,4.92,4.92,4.81,4.87
2021-03-11,4.89,5.08,4.67,4.8
2021-03-12,4.95,4.95,4.8,4.84
2021-03-15,4.85,4.89,4.81,4.84
2021-03-16,4.88,4.88,4.61,4.66
2021-03-17,4.71,4.88,4.64,4.74
2021-03-18,4.77,4.77,4.5,4.62
2021-03-19,4.65,4.76,4.56,4.7
2021-03-22,4.74,4.74,4.66,4.66
2021-03-23,4.69,4.69,4.6,4.62
2021-03-24,4.69,4.69,4.53,4.53
2021-03-25,4.55,4.61,4.5,4.51
2021-03-26,4.55,4.72,4.51,4.72
2021-03-29,4.68,4.87,4.61,4.7
2021-03-30,4.75,4.76,4.67,4.76
2021-03-31,4.73,4.86,4.62,4.76
2021-04-01,4.8,4.83,4.65,4.72
2021-04-02,4.79,4.865,4.6775,4.7825
2021-04-05,4.76,4.97,4.76,4.97
2021-04-06,5.0,5.15,4.9,5.05
2021-04-07,5.06,5.12,4.76,4.9
2021-04-08,4.94,5.02,4.85,4.98
2021-04-09,4.84,4.97,4.84,4.89
2021-04-12,5.01,5.01,4.81,4.85
2021-04-13,4.81,4.97,4.81,4.96
2021-04-14,4.99,5.05,4.87,4.96
2021-04-15,4.88,4.97,4.8,4.85
2021-04-16,4.82,4.85,4.8,4.8
2021-04-19,4.94,4.97,4.82,4.84
2021-04-20,4.83,4.9,4.81,4.81
2021-04-21,4.83,4.89,4.82,4.83
2021-04-22,4.81,4.89,4.81,4.84
2021-04-23,4.83,4.91,4.8,4.84
2021-04-26,4.88,4.92,4.8,4.85
2021-04-27,4.8,4.88,4.8,4.85
2021-04-28,4.92,4.93,4.91,4.91
2021-04-29,4.9,4.97,4.85,4.97
2021-04-30,4.97,5.0,4.96,4.97
2021-05-03,5.0,5.0,4.9,4.98
2021-05-04,4.98,5.0,4.9,4.99
2021-05-05,5.0,5.0,4.95,4.99
2021-05-06,4.96,4.97,4.91,4.96
2021-05-07,4.99,4.99,4.92,4.96
2021-05-10,4.95,5.0,4.9,4.95
2021-05-11,4.96,4.96,4.92,4.95
2021-05-12,4.89,5.07,4.89,5.04
2021-05-13,5.0,5.06,4.92,5.02
2021-05-14,5.1,5.55,5.08,5.35
2021-05-17,5.34,5.47,5.31,5.45
2021-05-18,5.5,5.5,5.42,5.42
2021-05-19,5.46,5.46,5.4,5.41
2021-05-20,5.45,5.47,5.41,5.47
2021-05-21,5.54,5.55,5.38,5.38
2021-05-24,5.47,5.49,5.39,5.49
2021-05-25,5.54,5.55,5.22,5.22
2021-05-26,5.26,5.34,5.15,5.21
2021-05-27,5.27,5.35,5.23,5.35
2021-05-28,5.37,5.5,5.35,5.49
2021-05-31,5.505,5.574999999999999,5.38,5.415
2021-06-01,5.55,5.6,5.39,5.39
2021-06-02,5.5,5.55,5.43,5.48
2021-06-03,5.51,6.17,5.39,5.9
2021-06-04,5.95,6.3,5.95,6.11
2021-06-07,6.2,6.42,6.07,6.4
2021-06-08,6.42,6.65,6.31,6.53
2021-06-09,6.61,6.66,6.4,6.49
2021-06-10,6.51,6.59,6.37,6.52
2021-06-11,6.52,6.77,6.47,6.69
2021-06-14,6.64,6.64,6.31,6.41
2021-06-15,6.4,6.54,6.35,6.36
2021-06-16,6.36,6.36,6.17,6.22
2021-06-17,6.25,6.25,5.98,6.0
2021-06-18,6.01,6.04,5.93,5.96
2021-06-21,6.0,6.29,5.94,6.24
2021-06-22,6.28,6.28,5.97,5.97
2021-06-23,5.14,5.47,5.1,5.23
2021-06-24,5.3,5.35,5.26,5.34
2021-06-25,5.33,5.35,5.15,5.15
2021-06-28,5.15,5.2,5.08,5.14
2021-06-29,5.19,5.29,5.12,5.27
2021-06-30,5.23,5.27,5.1,5.21
2021-07-01,5.19,5.22,5.14,5.15
2021-07-02,5.19,5.19,5.14,5.16
2021-07-05,5.16,5.16,4.9825,5.115
2021-07-06,5.15,5.15,4.93,5.1
2021-07-07,5.01,5.2,5.01,5.13
2021-07-08,5.06,5.29,5.0,5.2
2021-07-09,5.17,5.33,5.14,5.31
2021-07-12,5.31,5.35,5.2,5.35
2021-07-13,5.27,5.34,5.24,5.3
2021-07-14,5.26,5.3,5.21,5.23
2021-07-15,5.21,5.27,5.13,5.25
2021-07-16,5.26,5.28,5.18,5.24
2021-07-19,5.19,5.32,5.08,5.08
2021-07-20,5.16,5.3,5.16,5.2
2021-07-21,5.2,5.3,5.2,5.2
2021-07-22,5.22,5.27,5.22,5.24
2021-07-23,5.23,5.34,5.2,5.25
2021-07-26,5.25,5.35,5.25,5.3
2021-07-27,5.3,5.3,5.1,5.16
2021-07-28,5.14,5.24,5.03,5.1
2021-07-29,5.1,5.19,5.1,5.14
2021-07-30,5.15,5.16,5.06,5.14
2021-08-02,5.13,5.24,5.11,5.12
2021-08-03,5.15,5.21,5.11,5.2
2021-08-04,5.2,5.22,5.09,5.12
2021-08-05,5.11,5.18,5.11,5.18
2021-08-06,5.19,5.21,5.05,5.11
2021-08-09,5.15,5.24,5.11,5.19
2021-08-10,5.18,5.21,5.1,5.14
2021-08-11,5.18,5.19,5.02,5.05
2021-08-12,5.02,5.18,5.02,5.16
2021-08-13,5.12,5.19,5.05,5.05
2021-08-16,5.16,5.29,5.06,5.29
2021-08-17,5.23,5.25,5.11,5.25
2021-08-18,5.22,5.25,5.13,5.23
2021-08-19,5.16,5.2,4.97,4.97
2021-08-20,4.99,5.1,4.99,5.09
2021-08-23,5.04,5.17,5.04,5.11
2021-08-24,5.14,5.18,5.05,5.05
2021-08-25,5.13,5.25,5.13,5.18
2021-08-26,5.22,5.23,5.18,5.22
2021-08-27,5.25,5.3,5.25,5.29
2021-08-30,5.3,5.45,5.3,5.41
2021-08-31,5.4,5.48,5.4,5.43
2021-09-01,5.43,5.45,5.32,5.4
2021-09-02,5.4,5.46,5.31,5.44
2021-09-03,5.45,5.48,5.4,5.44
2021-09-06,5.4575,5.487500000000001,5.3925,5.4025
2021-09-07,5.46,5.49,5.39,5.39
2021-09-08,5.41,5.41,5.33,5.33
2021-09-09,5.25,5.4,5.25,5.31
2021-09-10,5.36,5.42,5.24,5.25
2021-09-13,5.25,5.25,5.2,5.25
2021-09-14,5.17,5.23,5.17,5.23
2021-09-15,5.23,5.24,5.06,5.24
2021-09-16,5.23,5.24,5.2,5.24
2021-09-17,5.24,5.27,5.22,5.27
2021-09-20,5.2,5.27,5.2,5.27
2021-09-21,5.27,5.31,5.03,5.03
2021-09-22,5.17,5.24,5.14,5.23
2021-09-23,5.28,5.29,5.0,5.11
2021-09-24,5.09,5.21,5.09,5.18
2021-09-27,5.14,5.21,5.07,5.1
2021-09-28,5.06,5.17,5.05,5.05
2021-09-29,5.07,5.08,4.98,4.99
2021-09-30,5.01,5.17,5.01,5.15
2021-10-01,5.22,5.22,5.04,5.07
2021-10-04,5.12,5.16,5.05,5.12
2021-10-05,5.14,5.29,5.11,5.24
2021-10-06,5.26,5.29,5.17,5.28
2021-10-07,5.32,5.38,5.27,5.33
2021-10-08,5.31,5.4,5.3,5.32
2021-10-11,5.34,5.35,5.26,5.29
2021-10-12,5.32,5.36,5.3,5.34
2021-10-13,5.35,5.36,5.21,5.36
2021-10-14,5.35,5.35,5.2,5.34
2021-10-15,5.35,5.36,5.23,5.25
2021-10-18,5.22,5.38,5.21,5.24
2021-10-19,5.26,5.38,5.2,5.34
2021-10-20,5.34,5.35,5.21,5.29
2021-10-21,5.26,5.34,5.1,5.13
2021-10-22,5.28,5.38,5.13,5.37
2021-10-25,5.36,5.36,5.03,5.12
2021-10-26,5.2,5.2,5.12,5.15
2021-10-27,5.16,5.17,5.15,5.15
2021-10-28,5.17,5.19,5.13,5.17
2021-10-29,5.13,5.18,5.07,5.09
2021-11-01,5.1,5.17,5.08,5.09
2021-11-02,5.14,5.16,5.06,5.14
2021-11-03,5.1,5.14,5.08,5.14
2021-11-04,5.19,5.19,5.06,5.1
2021-11-05,5.11,5.12,5.07,5.1
2021-11-08,5.08,5.18,5.05,5.08
2021-11-09,5.05,5.12,5.05,5.06
2021-11-10,5.03,5.14,5.03,5.09
2021-11-11,5.07,5.14,5.07,5.14
2021-11-12,5.18,5.35,5.12,5.35
2021-11-15,5.39,5.42,5.27,5.31
2021-11-16,5.37,5.45,5.36,5.36
2021-11-17,5.38,5.5,5.36,5.5
2021-11-18,5.5,5.5,5.37,5.5
2021-11-19,5.49,5.5,5.33,5.35
2021-11-22,5.34,5.39,5.33,5.39
2021-11-23,5.38,5.39,5.31,5.32
2021-11-24,5.32,5.32,5.26,5.29
2021-11-25,5.335,5.36,5.234999999999999,5.255
2021-11-26,5.35,5.4,5.21,5.22
2021-11-29,5.36,5.36,5.26,5.3
2021-11-30,5.35,5.36,5.29,5.36
2021-12-01,5.36,5.43,5.22,5.22
2021-12-02,5.2,5.38,5.2,5.3
2021-12-03,5.3,5.4,5.3,5.36
2021-12-06,5.25,5.39,5.25,5.36
2021-12-07,5.36,5.44,5.33,5.44
2021-12-08,5.4,5.48,5.37,5.43
2021-12-09,5.43,5.5,5.37,5.39
2021-12-10,5.39,5.5,5.38,5.5
2021-12-13,5.5,5.5,5.4,5.44
2021-12-14,5.4,5.42,5.3,5.3
2021-12-15,5.38,5.38,5.14,5.14
2021-12-16,5.15,5.38,5.15,5.38
2021-12-17,5.38,5.38,5.26,5.33
2021-12-20,5.33,5.34,5.25,5.28
2021-12-21,5.38,5.45,5.35,5.44
2021-12-22,5.39,5.45,5.37,5.37
2021-12-23,5.44,5.44,5.36,5.4
2021-12-24,5.442500000000001,5.505000000000001,5.3825,5.4750000000000005
2021-12-27,5.45,5.7,5.45,5.7
2021-12-28,5.7,5.7,5.58,5.7
2021-12-29,5.7,5.7,5.66,5.69
2021-12-30,5.7,5.7,5.67,5.67
2021-12-31,5.75,5.75,5.67,5.7
2022-01-03,5.7,5.7,5.57,5.63
2022-01-04,5.66,5.7,5.6,5.69
2022-01-05,5.7,5.7,5.67,5.67
2022-01-06,5.7,5.7,5.63,5.7
2022-01-07,5.67,5.93,5.67,5.75
2022-01-10,5.8,5.9,5.71,5.75
2022-01-11,5.77,6.23,5.76,6.13
2022-01-12,6.15,6.3,5.97,6.16
2022-01-13,6.18,6.64,6.16,6.3
2022-01-14,6.33,6.35,6.0,6.14
2022-01-17,6.09,6.185,5.94,5.99
2022-01-18,6.01,6.13,5.92,5.94
2022-01-19,6.0,6.11,5.85,5.93
2022-01-20,5.91,6.03,5.75,5.78
2022-01-21,5.78,5.8,5.5,5.53
2022-01-24,5.5,5.53,5.15,5.46
2022-01-25,5.4,5.72,5.35,5.59
2022-01-26,5.61,5.99,5.61,5.76
2022-01-27,5.83,5.97,5.82,5.93
2022-01-28,5.93,5.98,5.78,5.95
2022-01-31,5.98,6.15,5.91,6.15
2022-02-01,6.15,6.35,6.01,6.19
2022-02-02,6.24,6.35,6.15,6.33
2022-02-03,6.35,6.35,6.25,6.27
2022-02-04,6.31,6.31,6.05,6.19
2022-02-07,6.2,6.3,5.99,6.2
2022-02-08,6.2,6.26,6.03,6.09
2022-02-09,6.16,6.34,6.1,6.2
2022-02-10,6.15,6.15,6.08,6.14
2022-02-11,6.15,6.15,5.99,6.01
2022-02-14,6.05,6.07,5.95,6.01
2022-02-15,6.05,6.1,6.03,6.03
2022-02-16,6.04,6.06,6.03,6.05
2022-02-17,6.05,6.06,6.0,6.04
2022-02-18,6.04,6.04,5.96,5.99
2022-02-21,5.95,5.995,5.7425,5.765000000000001
2022-02-22,5.92,5.98,5.67,5.69
2022-02-23,5.7,5.88,5.61,5.87
2022-02-24,5.67,5.85,5.62,5.72
2022-02-25,5.87,5.87,5.63,5.75
2022-02-28,5.6,5.85,5.6,5.7
2022-03-01,5.73,5.82,5.63,5.65
2022-03-02,5.75,5.91,5.68,5.89
2022-03-03,5.84,5.99,5.72,5.88
2022-03-04,5.88,5.98,5.78,5.9
2022-03-07,5.83,5.89,5.77,5.8
2022-03-08,5.8,5.83,5.69,5.75
2022-03-09,5.84,5.95,5.75,5.77
2022-03-10,5.69,5.9,5.23,5.4
2022-03-11,5.46,5.65,5.41,5.53
2022-03-14,5.55,5.6,5.32,5.32
2022-03-15,5.31,5.39,5.29,5.33
2022-03-16,5.33,5.7,5.33,5.34
2022-03-17,5.42,5.42,5.35,5.36
2022-03-18,5.37,5.41,5.29,5.35
2022-03-21,5.3,5.39,5.3,5.38
2022-03-22,5.4,5.5,5.38,5.49
2022-03-23,5.4,5.55,5.4,5.47
2022-03-24,5.52,5.56,5.49,5.53
2022-03-25,5.57,5.57,5.49,5.52
2022-03-28,5.55,5.58,5.47,5.52
2022-03-29,5.5,5.68,5.5,5.67
2022-03-30,5.63,5.66,5.51,5.51
2022-03-31,5.56,5.64,5.56,5.6
2022-04-01,5.6,5.73,5.6,5.66
2022-04-04,5.59,5.79,5.55,5.59
2022-04-05,5.52,5.67,5.5,5.67
2022-04-06,5.65,5.65,5.51,5.52
2022-04-07,5.52,5.8,5.52,5.71
2022-04-08,5.78,6.04,5.72,6.04
2022-04-11,6.08,6.08,5.8,6.03
2022-04-12,6.05,6.05,5.83,5.9
2022-04-13,5.91,5.95,5.75,5.79
2022-04-14,5.74,5.9,5.72,5.8
2022-04-15,5.775,5.8975,5.7225,5.7875
2022-04-18,5.88,5.89,5.73,5.75
2022-04-19,5.74,5.91,5.74,5.91
2022-04-20,5.99,6.07,5.91,5.99
2022-04-21,6.02,6.14,5.99,5.99
2022-04-22,6.0,6.08,5.82,5.85
2022-04-25,5.83,6.04,5.64,5.94
2022-04-26,6.12,6.12,5.96,6.02
2022-04-27,6.0,6.03,5.9,5.95
2022-04-28,6.03,6.15,5.96,6.14
2022-04-29,6.11,6.23,5.98,6.08
2022-05-02,6.25,6.25,5.95,6.06
2022-05-03,6.11,6.13,5.96,6.1
2022-05-04,6.1,6.17,6.01,6.05
2022-05-05,6.09,6.09,5.72,5.92
2022-05-06,5.83,5.92,5.75,5.81
2022-05-09,5.75,5.79,5.6,5.62
2022-05-10,5.5,5.73,5.5,5.68
2022-05-11,5.61,5.68,5.46,5.5
2022-05-12,5.3,5.65,5.3,5.61
2022-05-13,5.57,5.65,5.57,5.58
2022-05-16,5.31,5.7,5.31,5.63
2022-05-17,5.68,5.84,5.61,5.77
2022-05-18,5.79,5.87,5.74,5.75
2022-05-19,5.78,5.96,5.75,5.86
2022-05-20,5.75,5.94,5.71,5.74
2022-05-23,5.61,5.74,5.61,5.64
2022-05-24,5.63,5.74,5.56,5.69
2022-05-25,5.72,6.04,5.66,5.99
2022-05-26,6.0,6.0,5.81,5.81
2022-05-27,5.85,6.08,5.85,5.99
2022-05-30,5.9625,6.0575,5.85,5.915
2022-05-31,6.0,6.05,5.85,5.89
2022-06-01,5.97,5.98,5.87,5.89
2022-06-02,5.99,6.05,5.88,6.0
2022-06-03,6.0,6.5,5.94,6.17
2022-06-06,6.49,6.49,6.25,6.39
2022-06-07,6.38,6.65,6.37,6.54
2022-06-08,6.5,6.55,5.75,6.0
2022-06-09,6.02,6.25,5.91,6.25
2022-06-10,6.22,6.37,6.02,6.21
2022-06-13,6.39,6.4,5.75,6.01
2022-06-14,6.0,6.0,5.75,5.9
2022-06-15,5.9,6.3,5.86,6.2
2022-06-16,6.25,6.5,6.0,6.2
2022-06-17,6.24,6.5,6.04,6.25
2022-06-20,6.165,6.5,6.0625,6.324999999999999
2022-06-21,6.14,6.5,6.07,6.35
2022-06-22,6.35,6.55,6.17,6.53
2022-06-23,6.44,6.72,6.41,6.52
2022-06-24,7.05,7.36,6.38,6.48
2022-06-27,6.06,6.38,5.85,5.85
2022-06-28,5.97,6.03,5.75,5.84
2022-06-29,5.53,5.83,5.5,5.69
2022-06-30,5.69,5.78,5.48,5.63
2022-07-01,5.46,5.84,5.46,5.7
2022-07-04,5.6925,5.9225,5.67,5.842499999999999
2022-07-05,5.77,5.95,5.74,5.89
2022-07-06,5.77,5.92,5.7,5.83
2022-07-07,5.85,5.87,5.45,5.65
2022-07-08,5.62,5.76,5.62,5.71
2022-07-11,5.56,5.69,5.55,5.55
2022-07-12,5.47,5.62,5.35,5.49
2022-07-13,5.45,5.57,5.45,5.52
2022-07-14,5.45,5.58,5.44,5.49
2022-07-15,5.5,5.8,5.5,5.76
2022-07-18,5.77,5.84,5.5,5.53
2022-07-19,5.61,5.79,5.54,5.72
2022-07-20,5.78,5.8,5.6,5.6
2022-07-21,5.54,5.75,5.54,5.66
2022-07-22,5.76,5.84,5.59,5.66
2022-07-25,5.73,5.8,5.6,5.69
2022-07-26,5.67,5.78,5.63,5.63
2022-07-27,5.76,5.76,5.69,5.71
2022-07-28,5.7,5.71,5.54,5.54
2022-07-29,5.5,5.63,5.5,5.53
2022-08-01,5.6,5.6,5.49,5.54
2022-08-02,5.61,5.61,5.52,5.52
2022-08-03,5.6,5.66,5.26,5.55
2022-08-04,5.56,5.6,5.51,5.6
2022-08-05,5.6,5.6,5.28,5.6
2022-08-08,5.6,5.64,5.53,5.57
2022-08-09,5.63,5.65,5.57,5.57
2022-08-10,5.5,5.62,5.5,5.62
2022-08-11,5.62,5.78,5.57,5.73
2022-08-12,5.75,5.84,5.64,5.78
2022-08-15,5.82,6.06,5.79,6.06
2022-08-16,6.09,6.17,6.04,6.1
2022-08-17,6.02,6.15,6.01,6.05
2022-08-18,6.11,6.2,5.96,6.2
2022-08-19,6.2,6.25,6.07,6.23
2022-08-22,6.39,6.39,6.0,6.09
2022-08-23,6.05,6.14,6.04,6.08
2022-08-24,6.1,6.16,6.04,6.16
2022-08-25,6.14,6.28,6.05,6.12
2022-08-26,6.1,6.22,6.01,6.06
2022-08-29,6.0,6.1,5.89,5.95
2022-08-30,5.92,5.94,5.8,5.85
2022-08-31,5.85,5.97,5.77,5.8
2022-09-01,5.8,5.8,5.72,5.72
2022-09-02,5.8,5.9,5.7,5.87
2022-09-05,5.89,5.915,5.7375,5.78
2022-09-06,5.92,5.92,5.75,5.75
2022-09-07,5.79,5.86,5.72,5.75
2022-09-08,5.71,5.84,5.7,5.8
2022-09-09,5.8,5.92,5.74,5.79
2022-09-12,5.8,5.97,5.76,5.82
2022-09-13,5.77,5.84,5.76,5.81
2022-09-14,5.8,5.83,5.7,5.71
2022-09-15,5.66,5.81,5.57,5.63
2022-09-16,5.64,5.83,5.51,5.69
2022-09-19,5.64,5.7,5.61,5.65
2022-09-20,5.64,5.71,5.5,5.59
2022-09-21,5.66,5.8,5.62,5.62
2022-09-22,5.75,5.75,5.5,5.66
2022-09-23,5.6,5.66,5.5,5.53
2022-09-26,5.52,5.52,5.45,5.49
2022-09-27,5.49,5.54,5.46,5.5
2022-09-28,5.55,5.72,5.51,5.58
2022-09-29,5.54,5.62,5.5,5.55
2022-09-30,5.58,5.97,5.44,5.86
2022-10-03,5.83,5.9,5.65,5.66
2022-10-04,5.75,5.82,5.65,5.65
2022-10-05,5.68,5.73,5.58,5.73
2022-10-06,5.7,5.7,5.59,5.6
2022-10-07,5.7,5.76,5.66,5.71
2022-10-10,5.69,5.8,5.48,5.58
2022-10-11,5.55,5.66,5.5,5.59
2022-10-12,5.64,5.69,5.45,5.59
2022-10-13,5.49,5.7,5.45,5.48
2022-10-14,5.57,5.6,5.35,5.4
2022-10-17,5.5,5.54,5.33,5.38
2022-10-18,5.42,5.53,5.39,5.41
2022-10-19,5.37,5.46,5.22,5.22
2022-10-20,5.25,5.31,5.16,5.19
2022-10-21,5.18,5.19,5.03,5.04
2022-10-24,5.12,5.23,4.98,5.0
2022-10-25,5.0,5.07,4.92,4.98
2022-10-26,4.99,5.0,4.84,4.84
2022-10-27,4.8,4.91,4.8,4.86
2022-10-28,4.83,4.87,4.76,4.77
2022-10-31,4.79,4.86,4.77,4.82
2022-11-01,4.82,5.17,4.82,5.14
2022-11-02,5.11,5.14,4.95,4.95
2022-11-03,5.0,5.09,4.91,4.94
2022-11-04,4.92,5.02,4.92,4.96
2022-11-07,4.97,5.04,4.9,4.9
2022-11-08,4.94,4.94,4.84,4.89
2022-11-09,4.89,4.98,4.78,4.81
2022-11-10,4.88,4.98,4.85,4.91
2022-11-11,4.95,5.19,4.95,5.17
2022-11-14,5.19,5.3,5.19,5.23
2022-11-15,5.25,5.49,5.25,5.34
2022-11-16,5.35,5.39,5.25,5.3
2022-11-17,5.25,5.29,5.17,5.22
2022-11-18,5.2,5.2,5.09,5.18
2022-11-21,5.17,5.23,5.13,5.2
2022-11-22,5.25,5.34,5.16,5.24
2022-11-23,5.31,5.31,5.05,5.09
2022-11-24,5.1899999999999995,5.265,5.03,5.07
2022-11-25,5.07,5.22,5.01,5.05
2022-11-28,5.06,5.2,5.01,5.05
2022-11-29,5.09,5.2,5.03,5.03
2022-11-30,5.09,5.15,5.04,5.1
2022-12-01,5.1,5.19,5.03,5.05
2022-12-02,5.05,5.09,5.05,5.07
2022-12-05,5.08,5.18,4.95,4.98
2022-12-06,5.0,5.04,4.98,5.03
2022-12-07,5.04,5.14,4.99,5.13
2022-12-08,5.13,5.2,5.1,5.1
2022-12-09,5.2,5.22,5.1,5.15
2022-12-12,5.22,5.22,5.1,5.14
2022-12-13,5.17,5.29,5.13,5.15
2022-12-14,5.1,5.21,5.05,5.08
2022-12-15,5.12,5.18,5.0,5.0
2022-12-16,5.11,5.23,4.82,4.93
2022-12-19,4.91,5.14,4.9,4.91
2022-12-20,4.9,4.93,4.83,4.86
2022-12-21,4.93,4.98,4.92,4.94
2022-12-22,5.03,5.03,4.76,4.79
2022-12-23,4.75,4.98,4.75,4.82
2022-12-26,4.8475,5.07,4.81,4.8875
2022-12-27,4.88,5.1,4.83,4.91
2022-12-28,4.95,4.95,4.78,4.81
2022-12-29,4.89,4.89,4.76,4.85
2022-12-30,4.84,4.94,4.81,4.88
2023-01-02,4.915,4.970000000000001,4.8775,4.9325
2023-01-03,4.94,4.98,4.9,4.95
2023-01-04,4.99,5.1,4.81,4.87
2023-01-05,4.87,4.94,4.8,4.84
2023-01-06,4.82,4.96,4.82,4.87
2023-01-09,5.1,5.15,4.87,5.05
2023-01-10,5.01,5.15,5.01,5.03
2023-01-11,5.1,5.17,5.01,5.12
2023-01-12,5.14,5.19,5.06,5.11
2023-01-13,5.13,5.17,5.11,5.16
2023-01-16,5.1525,5.1925,5.0649999999999995,5.1525
2023-01-17,5.16,5.2,5.05,5.15
2023-01-18,5.11,5.2,5.1,5.11
2023-01-19,5.1,5.19,5.1,5.15
2023-01-20,5.14,5.14,5.07,5.08
2023-01-23,5.07,5.19,5.02,5.14
2023-01-24,5.18,5.18,5.03,5.05
2023-01-25,5.02,5.18,5.02,5.04
2023-01-26,5.01,5.3,5.01,5.3
2023-01-27,5.31,5.38,5.25,5.3
2023-01-30,5.15,5.2,5.05,5.08
2023-01-31,5.03,5.15,5.03,5.11
2023-02-01,5.13,5.15,5.09,5.1
2023-02-02,5.08,5.22,5.05,5.21
2023-02-03,5.21,5.21,5.16,5.19
2023-02-06,5.33,5.33,5.11,5.2
2023-02-07,5.24,5.39,5.16,5.33
2023-02-08,5.23,5.33,5.18,5.28
2023-02-09,5.29,5.32,5.21,5.24
2023-02-10,5.23,5.35,5.19,5.35
2023-02-13,5.38,5.5,5.35,5.5
2023-02-14,5.47,5.49,5.4,5.42
2023-02-15,5.46,5.55,5.28,5.54
2023-02-16,5.47,5.55,5.34,5.4
2023-02-17,5.45,5.59,5.36,5.59
2023-02-20,5.5625,5.5975,5.345,5.455
2023-02-21,5.6,5.6,5.34,5.41
2023-02-22,5.42,5.49,5.34,5.39
2023-02-23,5.43,5.51,5.4,5.46
2023-02-24,5.53,5.59,5.47,5.5
2023-02-27,5.6,5.74,5.5,5.71
2023-02-28,5.55,5.67,5.5,5.65
2023-03-01,5.68,5.72,5.54,5.61
2023-03-02,5.67,5.67,5.52,5.66
2023-03-03,5.55,5.68,5.5,5.55
2023-03-06,5.6,5.67,5.51,5.51
2023-03-07,5.51,5.51,5.41,5.45
2023-03-08,5.44,5.44,5.31,5.35
2023-03-09,5.38,5.38,5.18,5.19
2023-03-10,5.16,5.24,5.1,5.17
2023-03-13,5.16,5.31,5.1,5.18
2023-03-14,5.23,5.33,5.15,5.15
2023-03-15,5.07,5.29,4.92,5.13
2023-03-16,5.13,5.49,4.95,5.49
2023-03-17,5.55,5.55,5.21,5.22
2023-03-20,5.22,5.4,5.1,5.16
2023-03-21,5.19,5.43,5.19,5.23
2023-03-22,5.23,5.23,5.12,5.14
2023-03-23,5.18,5.18,5.04,5.07
2023-03-24,5.01,5.16,5.01,5.1
2023-03-27,5.15,5.4,5.11,5.11
2023-03-28,5.07,5.21,5.05,5.17
2023-03-29,5.18,5.32,5.11,5.12
2023-03-30,5.21,5.44,5.12,5.27
2023-03-31,5.17,5.26,5.12,5.14
2023-04-03,5.1,5.2,5.04,5.13
2023-04-04,5.01,5.1899,5.0,5.1762
2023-04-05,5.1,5.2,5.0856,5.17
2023-04-06,5.18,5.19,5.127,5.13
2023-04-07,5.1575,5.19,5.107775,5.1325
2023-04-10,5.09,5.19,5.0501,5.14
2023-04-11,5.1,5.19,5.0701,5.16
2023-04-12,5.18,5.18,5.1001,5.12
2023-04-13,5.1,5.25,5.1,5.23
2023-04-14,5.25,5.42,5.21,5.3
2023-04-17,5.1843,5.338,5.1601,5.29
2023-04-18,5.35,5.35,5.16,5.17
2023-04-19,5.17,5.1886,5.1,5.12
2023-04-20,5.1,5.19,5.1,5.14
2023-04-21,5.18,5.18,5.11,5.13
2023-04-24,5.1,5.23,5.1,5.16
2023-04-25,5.23,5.26,5.11,5.18
2023-04-26,5.175,5.1896,5.08,5.08
2023-04-27,5.06,5.13,5.06,5.07
2023-04-28,5.21,5.21,5.1,5.1
2023-05-01,5.08,5.1792,5.08,5.11
2023-05-02,5.15,5.16,4.95,5.04
2023-05-03,5.0403,5.12,5.03,5.04
2023-05-04,5.0503,5.13,5.0,5.03
2023-05-05,5.0564,5.1,5.03,5.07
2023-05-08,5.11,5.11,5.0039,5.03
2023-05-09,5.01,5.0673,5.01,5.02
2023-05-10,5.1,5.2137,5.0391,5.11
2023-05-11,5.08,5.1899,5.0201,5.12
2023-05-12,5.08,5.2413,5.0101,5.16
2023-05-15,5.1,5.2,5.08,5.14
2023-05-16,5.15,5.195,5.15,5.16
2023-05-17,5.17,5.17,5.01,5.06
2023-05-18,5.01,5.16,5.01,5.09
2023-05-19,5.1,5.14,5.04,5.05
2023-05-22,5.03,5.13,5.03,5.04
2023-05-23,5.1,5.1,5.05,5.07
2023-05-24,5.04,5.06,5.04,5.05
2023-05-25,5.02,5.1,5.0,5.03
2023-05-26,5.05,5.05,4.99,5.04
2023-05-29,5.05,5.072425,4.997574999999999,5.0175
2023-05-30,5.05,5.0799,5.0001,5.01
2023-05-31,5.0,5.06,4.97,4.98
2023-06-01,4.98,5.0754,4.98,5.01
2023-06-02,5.0,5.01,4.9896,4.9991
2023-06-05,5.0,5.087,5.0,5.02
2023-06-06,5.0,5.0899,5.0,5.014
2023-06-07,5.05,5.08,5.0168,5.03
2023-06-08,5.055,5.11,5.05,5.11
2023-06-09,5.11,5.11,5.05,5.06
2023-06-12,5.08,5.11,5.08,5.1
2023-06-13,5.1,5.179,5.1,5.15
2023-06-14,5.1,5.16,5.0502,5.07
2023-06-15,5.06,5.17,5.05,5.07
2023-06-16,5.05,5.1598,4.99,5.05
2023-06-19,5.035,5.10745,4.9375,4.9675
2023-06-20,5.03,5.09,4.92,4.94
2023-06-21,4.97,5.0316,4.97,5.02
2023-06-22,4.98,5.035,4.9235,4.95
2023-06-23,4.96,5.0394,4.9,4.95
2023-06-26,4.975,5.03,4.95,4.965
2023-06-27,4.94,5.04,4.94,4.986
2023-06-28,5.01,5.06,5.0,5.01
2023-06-29,5.03,5.09,5.0,5.05
2023-06-30,5.06,5.0627,4.9907,5.05
2023-07-03,5.04,5.06,5.01,5.05
2023-07-04,5.035,5.06,4.96,5.01
2023-07-05,5.03,5.06,4.91,4.97
2023-07-06,4.94,5.02,4.92,4.98
2023-07-07,4.91,5.0299,4.91,4.98
2023-07-10,4.91,5.0,4.91,4.93
2023-07-11,4.88,5.0,4.88,4.92
2023-07-12,4.99,4.9982,4.88,4.94
2023-07-13,4.91,4.99,4.9,4.95
2023-07-14,4.97,4.97,4.86,4.91
2023-07-17,4.91,5.01,4.9073,5.0
2023-07-18,4.99,5.0,4.96,4.99
2023-07-19,5.015,5.08,4.98,4.99
2023-07-20,5.06,5.06,4.91,5.0
2023-07-21,5.02,5.04,4.9,4.94
