date,open,high,low,close
1962-01-07,1.0,1.0,1.0,1.0
1962-01-14,1.0,1.0,1.0,1.0
1962-01-21,1.0,1.0,1.0,1.0
1962-01-28,1.0,1.0,1.0,1.0
1962-02-04,1.0,1.0,1.0,1.0
1962-02-11,1.0,1.0,1.0,1.0
1962-02-18,1.0,1.0,1.0,1.0
1962-02-25,1.0,1.0,1.0,1.0
1962-03-04,1.0,1.0,1.0,1.0
1962-03-11,1.0,1.0,1.0,1.0
1962-03-18,1.0,1.0,1.0,1.0
1962-03-25,1.0,1.0,1.0,1.0
1962-04-01,1.0,1.0,1.0,1.0
1962-04-08,1.0,1.0,1.0,1.0
1962-04-15,1.0,1.0,1.0,1.0
1962-04-22,1.0,1.0,1.0,1.0
1962-04-29,1.0,1.0,1.0,1.0
1962-05-06,1.0,1.0,1.0,1.0
1962-05-13,1.0,1.0,1.0,1.0
1962-05-20,1.0,1.0,1.0,1.0
1962-05-27,1.0,1.0,1.0,1.0
1962-06-03,1.0,1.0,1.0,1.0
1962-06-10,1.0,1.0,1.0,1.0
1962-06-17,1.0,1.0,1.0,1.0
1962-06-24,1.0,1.0,1.0,1.0
1962-07-01,1.0,1.0,1.0,1.0
1962-07-08,1.0,1.0,1.0,1.0
1962-07-15,1.0,1.0,1.0,1.0
1962-07-22,1.0,1.0,1.0,1.0
1962-07-29,1.0,1.0,1.0,1.0
1962-08-05,1.0,1.0,1.0,1.0
1962-08-12,1.0,1.0,1.0,1.0
1962-08-19,1.0,1.0,1.0,1.0
1962-08-26,1.0,1.0,1.0,1.0
1962-09-02,1.0,1.0,1.0,1.0
1962-09-09,1.0,1.0,1.0,1.0
1962-09-16,1.0,1.0,1.0,1.0
1962-09-23,1.0,1.0,1.0,1.0
1962-09-30,1.0,1.0,1.0,1.0
1962-10-07,1.0,1.0,1.0,1.0
1962-10-14,1.0,1.0,1.0,1.0
1962-10-21,1.0,1.0,1.0,1.0
1962-10-28,1.0,1.0,1.0,1.0
1962-11-04,1.0,1.0,1.0,1.0
1962-11-11,1.0,1.0,1.0,1.0
1962-11-18,1.0,1.0,1.0,1.0
1962-11-25,1.0,1.0,1.0,1.0
1962-12-02,1.0,1.0,1.0,1.0
1962-12-09,1.0,1.0,1.0,1.0
1962-12-16,1.0,1.0,1.0,1.0
1962-12-23,1.0,1.0,1.0,1.0
1962-12-30,1.0,1.0,1.0,1.0
1963-01-06,1.0,1.0,1.0,1.0
1963-01-13,1.0,1.0,1.0,1.0
1963-01-20,1.0,1.0,1.0,1.0
1963-01-27,1.0,1.0,1.0,1.0
1963-02-03,1.0,1.0,1.0,1.0
1963-02-10,1.0,1.0,1.0,1.0
1963-02-17,1.0,1.0,1.0,1.0
1963-02-24,1.0,1.0,1.0,1.0
1963-03-03,1.0,1.0,1.0,1.0
1963-03-10,1.0,1.0,1.0,1.0
1963-03-17,1.0,1.0,1.0,1.0
1963-03-24,1.0,1.0,1.0,1.0
1963-03-31,1.0,1.0,1.0,1.0
1963-04-07,1.0,1.0,1.0,1.0
1963-04-14,1.0,1.0,1.0,1.0
1963-04-21,1.0,1.0,1.0,1.0
1963-04-28,1.0,1.0,1.0,1.0
1963-05-05,1.0,1.0,1.0,1.0
1963-05-12,1.0,1.0,1.0,1.0
1963-05-19,1.0,1.0,1.0,1.0
1963-05-26,1.0,1.0,1.0,1.0
1963-06-02,1.0,1.0,1.0,1.0
1963-06-09,1.0,1.0,1.0,1.0
1963-06-16,1.0,1.0,1.0,1.0
1963-06-23,1.0,1.0,1.0,1.0
1963-06-30,1.0,1.0,1.0,1.0
1963-07-07,1.0,1.0,1.0,1.0
1963-07-14,1.0,1.0,1.0,1.0
1963-07-21,1.0,1.0,1.0,1.0
1963-07-28,1.0,1.0,1.0,1.0
1963-08-04,1.0,1.0,1.0,1.0
1963-08-11,1.0,1.0,1.0,1.0
1963-08-18,1.0,1.0,1.0,1.0
1963-08-25,1.0,1.0,1.0,1.0
1963-09-01,1.0,1.0,1.0,1.0
1963-09-08,1.0,1.0,1.0,1.0
1963-09-15,1.0,1.0,1.0,1.0
1963-09-22,1.0,1.0,1.0,1.0
1963-09-29,1.0,1.0,1.0,1.0
1963-10-06,1.0,1.0,1.0,1.0
1963-10-13,1.0,1.0,1.0,1.0
1963-10-20,1.0,1.0,1.0,1.0
1963-10-27,1.0,1.0,1.0,1.0
1963-11-03,1.0,1.0,1.0,1.0
1963-11-10,1.0,1.0,1.0,1.0
1963-11-17,1.0,1.0,1.0,1.0
1963-11-24,1.0,1.0,1.0,1.0
1963-12-01,1.0,1.0,1.0,1.0
1963-12-08,1.0,1.0,1.0,1.0
1963-12-15,1.0,1.0,1.0,1.0
1963-12-22,1.0,1.0,1.0,1.0
1963-12-29,1.0,1.0,1.0,1.0
1964-01-05,1.0,1.0,1.0,1.0
1964-01-12,1.0,1.0,1.0,1.0
1964-01-19,1.0,1.0,1.0,1.0
1964-01-26,1.0,1.0,1.0,1.0
1964-02-02,1.0,1.0,1.0,1.0
1964-02-09,1.0,1.0,1.0,1.0
1964-02-16,1.0,1.0,1.0,1.0
1964-02-23,1.0,1.0,1.0,1.0
1964-03-01,1.0,1.0,1.0,1.0
1964-03-08,1.0,1.0,1.0,1.0
1964-03-15,1.0,1.0,1.0,1.0
1964-03-22,1.0,1.0,1.0,1.0
1964-03-29,1.0,1.0,1.0,1.0
1964-04-05,1.0,1.0,1.0,1.0
1964-04-12,1.0,1.0,1.0,1.0
1964-04-19,1.0,1.0,1.0,1.0
1964-04-26,1.0,1.0,1.0,1.0
1964-05-03,1.0,1.0,1.0,1.0
1964-05-10,1.0,1.0,1.0,1.0
1964-05-17,1.0,1.0,1.0,1.0
1964-05-24,1.0,1.0,1.0,1.0
1964-05-31,1.0,1.0,1.0,1.0
1964-06-07,1.0,1.0,1.0,1.0
1964-06-14,1.0,1.0,1.0,1.0
1964-06-21,1.0,1.0,1.0,1.0
1964-06-28,1.0,1.0,1.0,1.0
1964-07-05,1.0,1.0,1.0,1.0
1964-07-12,1.0,1.0,1.0,1.0
1964-07-19,1.0,1.0,1.0,1.0
1964-07-26,1.0,1.0,1.0,1.0
1964-08-02,1.0,1.0,1.0,1.0
1964-08-09,1.0,1.0,1.0,1.0
1964-08-16,1.0,1.0,1.0,1.0
1964-08-23,1.0,1.0,1.0,1.0
1964-08-30,1.0,1.0,1.0,1.0
1964-09-06,1.0,1.0,1.0,1.0
1964-09-13,1.0,1.0,1.0,1.0
1964-09-20,1.0,1.0,1.0,1.0
1964-09-27,1.0,1.0,1.0,1.0
1964-10-04,1.0,1.0,1.0,1.0
1964-10-11,1.0,1.0,1.0,1.0
1964-10-18,1.0,1.0,1.0,1.0
1964-10-25,1.0,1.0,1.0,1.0
1964-11-01,1.0,1.0,1.0,1.0
1964-11-08,1.0,1.0,1.0,1.0
1964-11-15,1.0,1.0,1.0,1.0
1964-11-22,1.0,1.0,1.0,1.0
1964-11-29,1.0,1.0,1.0,1.0
1964-12-06,1.0,1.0,1.0,1.0
1964-12-13,1.0,1.0,1.0,1.0
1964-12-20,1.0,1.0,1.0,1.0
1964-12-27,1.0,1.0,1.0,1.0
1965-01-03,1.0,1.0,1.0,1.0
1965-01-10,1.0,1.0,1.0,1.0
1965-01-17,1.0,1.0,1.0,1.0
1965-01-24,1.0,1.0,1.0,1.0
1965-01-31,1.0,1.0,1.0,1.0
1965-02-07,1.0,1.0,1.0,1.0
1965-02-14,1.0,1.0,1.0,1.0
1965-02-21,1.0,1.0,1.0,1.0
1965-02-28,1.0,1.0,1.0,1.0
1965-03-07,1.0,1.0,1.0,1.0
1965-03-14,1.0,1.0,1.0,1.0
1965-03-21,1.0,1.0,1.0,1.0
1965-03-28,1.0,1.0,1.0,1.0
1965-04-04,1.0,1.0,1.0,1.0
1965-04-11,1.0,1.0,1.0,1.0
1965-04-18,1.0,1.0,1.0,1.0
1965-04-25,1.0,1.0,1.0,1.0
1965-05-02,1.0,1.0,1.0,1.0
1965-05-09,1.0,1.0,1.0,1.0
1965-05-16,1.0,1.0,1.0,1.0
1965-05-23,1.0,1.0,1.0,1.0
1965-05-30,1.0,1.0,1.0,1.0
1965-06-06,1.0,1.0,1.0,1.0
1965-06-13,1.0,1.0,1.0,1.0
1965-06-20,1.0,1.0,1.0,1.0
1965-06-27,1.0,1.0,1.0,1.0
1965-07-04,1.0,1.0,1.0,1.0
1965-07-11,1.0,1.0,1.0,1.0
1965-07-18,1.0,1.0,1.0,1.0
1965-07-25,1.0,1.0,1.0,1.0
1965-08-01,1.0,1.0,1.0,1.0
1965-08-08,1.0,1.0,1.0,1.0
1965-08-15,1.0,1.0,1.0,1.0
1965-08-22,1.0,1.0,1.0,1.0
1965-08-29,1.0,1.0,1.0,1.0
1965-09-05,1.0,1.0,1.0,1.0
1965-09-12,1.0,1.0,1.0,1.0
1965-09-19,1.0,1.0,1.0,1.0
1965-09-26,1.0,1.0,1.0,1.0
1965-10-03,1.0,1.0,1.0,1.0
1965-10-10,1.0,1.0,1.0,1.0
1965-10-17,1.0,1.0,1.0,1.0
1965-10-24,1.0,1.0,1.0,1.0
1965-10-31,1.0,1.0,1.0,1.0
1965-11-07,1.0,1.0,1.0,1.0
1965-11-14,1.0,1.0,1.0,1.0
1965-11-21,1.0,1.0,1.0,1.0
1965-11-28,1.0,1.0,1.0,1.0
1965-12-05,1.0,1.0,1.0,1.0
1965-12-12,1.0,1.0,1.0,1.0
1965-12-19,1.0,1.0,1.0,1.0
1965-12-26,1.0,1.0,1.0,1.0
1966-01-02,1.0,1.0,1.0,1.0
1966-01-09,1.0,1.0,1.0,1.0
1966-01-16,1.0,1.0,1.0,1.0
1966-01-23,1.0,1.0,1.0,1.0
1966-01-30,1.0,1.0,1.0,1.0
1966-02-06,1.0,1.0,1.0,1.0
1966-02-13,1.0,1.0,1.0,1.0
1966-02-20,1.0,1.0,1.0,1.0
1966-02-27,1.0,1.0,1.0,1.0
1966-03-06,1.0,1.0,1.0,1.0
1966-03-13,1.0,1.0,1.0,1.0
1966-03-20,1.0,1.0,1.0,1.0
1966-03-27,1.0,1.0,1.0,1.0
1966-04-03,1.0,1.0,1.0,1.0
1966-04-10,1.0,1.0,1.0,1.0
1966-04-17,1.0,1.0,1.0,1.0
1966-04-24,1.0,1.0,1.0,1.0
1966-05-01,1.0,1.0,1.0,1.0
1966-05-08,1.0,1.0,1.0,1.0
1966-05-15,1.0,1.0,1.0,1.0
1966-05-22,1.0,1.0,1.0,1.0
1966-05-29,1.0,1.0,1.0,1.0
1966-06-05,1.0,1.0,1.0,1.0
1966-06-12,1.0,1.0,1.0,1.0
1966-06-19,1.0,1.0,1.0,1.0
1966-06-26,1.0,1.0,1.0,1.0
1966-07-03,1.0,1.0,1.0,1.0
1966-07-10,1.0,1.0,1.0,1.0
1966-07-17,1.0,1.0,1.0,1.0
1966-07-24,1.0,1.0,1.0,1.0
1966-07-31,1.0,1.0,1.0,1.0
1966-08-07,1.0,1.0,1.0,1.0
1966-08-14,1.0,1.0,1.0,1.0
1966-08-21,1.0,1.0,1.0,1.0
1966-08-28,1.0,1.0,1.0,1.0
1966-09-04,1.0,1.0,1.0,1.0
1966-09-11,1.0,1.0,1.0,1.0
1966-09-18,1.0,1.0,1.0,1.0
1966-09-25,1.0,1.0,1.0,1.0
1966-10-02,1.0,1.0,1.0,1.0
1966-10-09,1.0,1.0,1.0,1.0
1966-10-16,1.0,1.0,1.0,1.0
1966-10-23,1.0,1.0,1.0,1.0
1966-10-30,1.0,1.0,1.0,1.0
1966-11-06,1.0,1.0,1.0,1.0
1966-11-13,1.0,1.0,1.0,1.0
1966-11-20,1.0,1.0,1.0,1.0
1966-11-27,1.0,1.0,1.0,1.0
1966-12-04,1.0,1.0,1.0,1.0
1966-12-11,1.0,1.0,1.0,1.0
1966-12-18,1.0,1.0,1.0,1.0
1966-12-25,1.0,1.0,1.0,1.0
1967-01-01,1.0,1.0,1.0,1.0
1967-01-08,1.0,1.0,1.0,1.0
1967-01-15,1.0,1.0,1.0,1.0
1967-01-22,1.0,1.0,1.0,1.0
1967-01-29,1.0,1.0,1.0,1.0
1967-02-05,1.0,1.0,1.0,1.0
1967-02-12,1.0,1.0,1.0,1.0
1967-02-19,1.0,1.0,1.0,1.0
1967-02-26,1.0,1.0,1.0,1.0
1967-03-05,1.0,1.0,1.0,1.0
1967-03-12,1.0,1.0,1.0,1.0
1967-03-19,1.0,1.0,1.0,1.0
1967-03-26,1.0,1.0,1.0,1.0
1967-04-02,1.0,1.0,1.0,1.0
1967-04-09,1.0,1.0,1.0,1.0
1967-04-16,1.0,1.0,1.0,1.0
1967-04-23,1.0,1.0,1.0,1.0
1967-04-30,1.0,1.0,1.0,1.0
1967-05-07,1.0,1.0,1.0,1.0
1967-05-14,1.0,1.0,1.0,1.0
1967-05-21,1.0,1.0,1.0,1.0
1967-05-28,1.0,1.0,1.0,1.0
1967-06-04,1.0,1.0,1.0,1.0
1967-06-11,1.0,1.0,1.0,1.0
1967-06-18,1.0,1.0,1.0,1.0
1967-06-25,1.0,1.0,1.0,1.0
1967-07-02,1.0,1.0,1.0,1.0
1967-07-09,1.0,1.0,1.0,1.0
1967-07-16,1.0,1.0,1.0,1.0
1967-07-23,1.0,1.0,1.0,1.0
1967-07-30,1.0,1.0,1.0,1.0
1967-08-06,1.0,1.0,1.0,1.0
1967-08-13,1.0,1.0,1.0,1.0
1967-08-20,1.0,1.0,1.0,1.0
1967-08-27,1.0,1.0,1.0,1.0
1967-09-03,1.0,1.0,1.0,1.0
1967-09-10,1.0,1.0,1.0,1.0
1967-09-17,1.0,1.0,1.0,1.0
1967-09-24,1.0,1.0,1.0,1.0
1967-10-01,1.0,1.0,1.0,1.0
1967-10-08,1.0,1.0,1.0,1.0
1967-10-15,1.0,1.0,1.0,1.0
1967-10-22,1.0,1.0,1.0,1.0
1967-10-29,1.0,1.0,1.0,1.0
1967-11-05,1.0,1.0,1.0,1.0
1967-11-12,1.0,1.0,1.0,1.0
1967-11-19,1.0,1.0,1.0,1.0
1967-11-26,1.0,1.0,1.0,1.0
1967-12-03,1.0,1.0,1.0,1.0
1967-12-10,1.0,1.0,1.0,1.0
1967-12-17,1.0,1.0,1.0,1.0
1967-12-24,1.0,1.0,1.0,1.0
1967-12-31,1.0,1.0,1.0,1.0
1968-01-07,1.0,1.0,1.0,1.0
1968-01-14,1.0,1.0,1.0,1.0
1968-01-21,1.0,1.0,1.0,1.0
1968-01-28,1.0,1.0,1.0,1.0
1968-02-04,1.0,1.0,1.0,1.0
1968-02-11,1.0,1.0,1.0,1.0
1968-02-18,1.0,1.0,1.0,1.0
1968-02-25,1.0,1.0,1.0,1.0
1968-03-03,1.0,1.0,1.0,1.0
1968-03-10,1.0,1.0,1.0,1.0
1968-03-17,1.0,1.0,1.0,1.0
1968-03-24,1.0,1.0,1.0,1.0
1968-03-31,1.0,1.0,1.0,1.0
1968-04-07,1.0,1.0,1.0,1.0
1968-04-14,1.0,1.0,1.0,1.0
1968-04-21,1.0,1.0,1.0,1.0
1968-04-28,1.0,1.0,1.0,1.0
1968-05-05,1.0,1.0,1.0,1.0
1968-05-12,1.0,1.0,1.0,1.0
1968-05-19,1.0,1.0,1.0,1.0
1968-05-26,1.0,1.0,1.0,1.0
1968-06-02,1.0,1.0,1.0,1.0
1968-06-09,1.0,1.0,1.0,1.0
1968-06-16,1.0,1.0,1.0,1.0
1968-06-23,1.0,1.0,1.0,1.0
1968-06-30,1.0,1.0,1.0,1.0
1968-07-07,1.0,1.0,1.0,1.0
1968-07-14,1.0,1.0,1.0,1.0
1968-07-21,1.0,1.0,1.0,1.0
1968-07-28,1.0,1.0,1.0,1.0
1968-08-04,1.0,1.0,1.0,1.0
1968-08-11,1.0,1.0,1.0,1.0
1968-08-18,1.0,1.0,1.0,1.0
1968-08-25,1.0,1.0,1.0,1.0
1968-09-01,1.0,1.0,1.0,1.0
1968-09-08,1.0,1.0,1.0,1.0
1968-09-15,1.0,1.0,1.0,1.0
1968-09-22,1.0,1.0,1.0,1.0
1968-09-29,1.0,1.0,1.0,1.0
1968-10-06,1.0,1.0,1.0,1.0
1968-10-13,1.0,1.0,1.0,1.0
1968-10-20,1.0,1.0,1.0,1.0
1968-10-27,1.0,1.0,1.0,1.0
1968-11-03,1.0,1.0,1.0,1.0
1968-11-10,1.0,1.0,1.0,1.0
1968-11-17,1.0,1.0,1.0,1.0
1968-11-24,1.0,1.0,1.0,1.0
1968-12-01,1.0,1.0,1.0,1.0
1968-12-08,1.0,1.0,1.0,1.0
1968-12-15,1.0,1.0,1.0,1.0
1968-12-22,1.0,1.0,1.0,1.0
1968-12-29,1.0,1.0,1.0,1.0
1969-01-05,1.0,1.0,1.0,1.0
1969-01-12,1.0,1.0,1.0,1.0
1969-01-19,1.0,1.0,1.0,1.0
1969-01-26,1.0,1.0,1.0,1.0
1969-02-02,1.0,1.0,1.0,1.0
1969-02-09,1.0,1.0,1.0,1.0
1969-02-16,1.0,1.0,1.0,1.0
1969-02-23,1.0,1.0,1.0,1.0
1969-03-02,1.0,1.0,1.0,1.0
1969-03-09,1.0,1.0,1.0,1.0
1969-03-16,1.0,1.0,1.0,1.0
1969-03-23,1.0,1.0,1.0,1.0
1969-03-30,1.0,1.0,1.0,1.0
1969-04-06,1.0,1.0,1.0,1.0
1969-04-13,1.0,1.0,1.0,1.0
1969-04-20,1.0,1.0,1.0,1.0
1969-04-27,1.0,1.0,1.0,1.0
1969-05-04,1.0,1.0,1.0,1.0
1969-05-11,1.0,1.0,1.0,1.0
1969-05-18,1.0,1.0,1.0,1.0
1969-05-25,1.0,1.0,1.0,1.0
1969-06-01,1.0,1.0,1.0,1.0
1969-06-08,1.0,1.0,1.0,1.0
1969-06-15,1.0,1.0,1.0,1.0
1969-06-22,1.0,1.0,1.0,1.0
1969-06-29,1.0,1.0,1.0,1.0
1969-07-06,1.0,1.0,1.0,1.0
1969-07-13,1.0,1.0,1.0,1.0
1969-07-20,1.0,1.0,1.0,1.0
1969-07-27,1.0,1.0,1.0,1.0
1969-08-03,1.0,1.0,1.0,1.0
1969-08-10,1.0,1.0,1.0,1.0
1969-08-17,1.0,1.0,1.0,1.0
1969-08-24,1.0,1.0,1.0,1.0
1969-08-31,1.0,1.0,1.0,1.0
1969-09-07,1.0,1.0,1.0,1.0
1969-09-14,1.0,1.0,1.0,1.0
1969-09-21,1.0,1.0,1.0,1.0
1969-09-28,1.0,1.0,1.0,1.0
1969-10-05,1.0,1.0,1.0,1.0
1969-10-12,1.0,1.0,1.0,1.0
1969-10-19,1.0,1.0,1.0,1.0
1969-10-26,1.0,1.0,1.0,1.0
1969-11-02,1.0,1.0,1.0,1.0
1969-11-09,1.0,1.0,1.0,1.0
1969-11-16,1.0,1.0,1.0,1.0
1969-11-23,1.0,1.0,1.0,1.0
1969-11-30,1.0,1.0,1.0,1.0
1969-12-07,1.0,1.0,1.0,1.0
1969-12-14,1.0,1.0,1.0,1.0
1969-12-21,1.0,1.0,1.0,1.0
1969-12-28,1.0,1.0,1.0,1.0
1970-01-04,1.0,1.0,1.0,1.0
1970-01-11,1.0,1.0,1.0,1.0
1970-01-18,1.0,1.0,1.0,1.0
1970-01-25,1.0,1.0,1.0,1.0
1970-02-01,1.0,1.0,1.0,1.0
1970-02-08,1.0,1.0,1.0,1.0
1970-02-15,1.0,1.0,1.0,1.0
1970-02-22,1.0,1.0,1.0,1.0
1970-03-01,1.0,1.0,1.0,1.0
1970-03-08,1.0,1.0,1.0,1.0
1970-03-15,1.0,1.0,1.0,1.0
1970-03-22,1.0,1.0,1.0,1.0
1970-03-29,1.0,1.0,1.0,1.0
1970-04-05,1.0,1.0,1.0,1.0
1970-04-12,1.0,1.0,1.0,1.0
1970-04-19,1.0,1.0,1.0,1.0
1970-04-26,1.0,1.0,1.0,1.0
1970-05-03,1.0,1.0,1.0,1.0
1970-05-10,1.0,1.0,1.0,1.0
1970-05-17,1.0,1.0,1.0,1.0
1970-05-24,1.0,1.0,1.0,1.0
1970-05-31,1.0,1.0,1.0,1.0
1970-06-07,1.0,1.0,1.0,1.0
1970-06-14,1.0,1.0,1.0,1.0
1970-06-21,1.0,1.0,1.0,1.0
1970-06-28,1.0,1.0,1.0,1.0
1970-07-05,1.0,1.0,1.0,1.0
1970-07-12,1.0,1.0,1.0,1.0
1970-07-19,1.0,1.0,1.0,1.0
1970-07-26,1.0,1.0,1.0,1.0
1970-08-02,1.0,1.0,1.0,1.0
1970-08-09,1.0,1.0,1.0,1.0
1970-08-16,1.0,1.0,1.0,1.0
1970-08-23,1.0,1.0,1.0,1.0
1970-08-30,1.0,1.0,1.0,1.0
1970-09-06,1.0,1.0,1.0,1.0
1970-09-13,1.0,1.0,1.0,1.0
1970-09-20,1.0,1.0,1.0,1.0
1970-09-27,1.0,1.0,1.0,1.0
1970-10-04,1.0,1.0,1.0,1.0
1970-10-11,1.0,1.0,1.0,1.0
1970-10-18,1.0,1.0,1.0,1.0
1970-10-25,1.0,1.0,1.0,1.0
1970-11-01,1.0,1.0,1.0,1.0
1970-11-08,1.0,1.0,1.0,1.0
1970-11-15,1.0,1.0,1.0,1.0
1970-11-22,1.0,1.0,1.0,1.0
1970-11-29,1.0,1.0,1.0,1.0
1970-12-06,1.0,1.0,1.0,1.0
1970-12-13,1.0,1.0,1.0,1.0
1970-12-20,1.0,1.0,1.0,1.0
1970-12-27,1.0,1.0,1.0,1.0
1971-01-03,1.0,1.0,1.0,1.0
1971-01-10,1.0,1.0,1.0,1.0
1971-01-17,1.0,1.0,1.0,1.0
1971-01-24,1.0,1.0,1.0,1.0
1971-01-31,1.0,1.0,1.0,1.0
1971-02-07,1.0,1.0,1.0,1.0
1971-02-14,1.0,1.0,1.0,1.0
1971-02-21,1.0,1.0,1.0,1.0
1971-02-28,1.0,1.0,1.0,1.0
1971-03-07,1.0,1.0,1.0,1.0
1971-03-14,1.0,1.0,1.0,1.0
1971-03-21,1.0,1.0,1.0,1.0
1971-03-28,1.0,1.0,1.0,1.0
1971-04-04,1.0,1.0,1.0,1.0
1971-04-11,1.0,1.0,1.0,1.0
1971-04-18,1.0,1.0,1.0,1.0
1971-04-25,1.0,1.0,1.0,1.0
1971-05-02,1.0,1.0,1.0,1.0
1971-05-09,1.0,1.0,1.0,1.0
1971-05-16,1.0,1.0,1.0,1.0
1971-05-23,1.0,1.0,1.0,1.0
1971-05-30,1.0,1.0,1.0,1.0
1971-06-06,1.0,1.0,1.0,1.0
1971-06-13,1.0,1.0,1.0,1.0
1971-06-20,1.0,1.0,1.0,1.0
1971-06-27,1.0,1.0,1.0,1.0
1971-07-04,1.0,1.0,1.0,1.0
1971-07-11,1.0,1.0,1.0,1.0
1971-07-18,1.0,1.0,1.0,1.0
1971-07-25,1.0,1.0,1.0,1.0
1971-08-01,1.0,1.0,1.0,1.0
1971-08-08,1.0,1.0,1.0,1.0
1971-08-15,1.0,1.0,1.0,1.0
1971-08-22,1.0,1.0,1.0,1.0
1971-08-29,1.0,1.0,1.0,1.0
1971-09-05,1.0,1.0,1.0,1.0
1971-09-12,1.0,1.0,1.0,1.0
1971-09-19,1.0,1.0,1.0,1.0
1971-09-26,1.0,1.0,1.0,1.0
1971-10-03,1.0,1.0,1.0,1.0
1971-10-10,1.0,1.0,1.0,1.0
1971-10-17,1.0,1.0,1.0,1.0
1971-10-24,1.0,1.0,1.0,1.0
1971-10-31,1.0,1.0,1.0,1.0
1971-11-07,1.0,1.0,1.0,1.0
1971-11-14,1.0,1.0,1.0,1.0
1971-11-21,1.0,1.0,1.0,1.0
1971-11-28,1.0,1.0,1.0,1.0
1971-12-05,1.0,1.0,1.0,1.0
1971-12-12,1.0,1.0,1.0,1.0
1971-12-19,1.0,1.0,1.0,1.0
1971-12-26,1.0,1.0,1.0,1.0
1972-01-02,1.0,1.0,1.0,1.0
1972-01-09,1.0,1.0,1.0,1.0
1972-01-16,1.0,1.0,1.0,1.0
1972-01-23,1.0,1.0,1.0,1.0
1972-01-30,1.0,1.0,1.0,1.0
1972-02-06,1.0,1.0,1.0,1.0
1972-02-13,1.0,1.0,1.0,1.0
1972-02-20,1.0,1.0,1.0,1.0
1972-02-27,1.0,1.0,1.0,1.0
1972-03-05,1.0,1.0,1.0,1.0
1972-03-12,1.0,1.0,1.0,1.0
1972-03-19,1.0,1.0,1.0,1.0
1972-03-26,1.0,1.0,1.0,1.0
1972-04-02,1.0,1.0,1.0,1.0
1972-04-09,1.0,1.0,1.0,1.0
1972-04-16,1.0,1.0,1.0,1.0
1972-04-23,1.0,1.0,1.0,1.0
1972-04-30,1.0,1.0,1.0,1.0
1972-05-07,1.0,1.0,1.0,1.0
1972-05-14,1.0,1.0,1.0,1.0
1972-05-21,1.0,1.0,1.0,1.0
1972-05-28,1.0,1.0,1.0,1.0
1972-06-04,1.0,1.0,1.0,1.0
1972-06-11,1.0,1.0,1.0,1.0
1972-06-18,1.0,1.0,1.0,1.0
1972-06-25,1.0,1.0,1.0,1.0
1972-07-02,1.0,1.0,1.0,1.0
1972-07-09,1.0,1.0,1.0,1.0
1972-07-16,1.0,1.0,1.0,1.0
1972-07-23,1.0,1.0,1.0,1.0
1972-07-30,1.0,1.0,1.0,1.0
1972-08-06,1.0,1.0,1.0,1.0
1972-08-13,1.0,1.0,1.0,1.0
1972-08-20,1.0,1.0,1.0,1.0
1972-08-27,1.0,1.0,1.0,1.0
1972-09-03,1.0,1.0,1.0,1.0
1972-09-10,1.0,1.0,1.0,1.0
1972-09-17,1.0,1.0,1.0,1.0
1972-09-24,1.0,1.0,1.0,1.0
1972-10-01,1.0,1.0,1.0,1.0
1972-10-08,1.0,1.0,1.0,1.0
1972-10-15,1.0,1.0,1.0,1.0
1972-10-22,1.0,1.0,1.0,1.0
1972-10-29,1.0,1.0,1.0,1.0
1972-11-05,1.0,1.0,1.0,1.0
1972-11-12,1.0,1.0,1.0,1.0
1972-11-19,1.0,1.0,1.0,1.0
1972-11-26,1.0,1.0,1.0,1.0
1972-12-03,1.0,1.0,1.0,1.0
1972-12-10,1.0,1.0,1.0,1.0
1972-12-17,1.0,1.0,1.0,1.0
1972-12-24,1.0,1.0,1.0,1.0
1972-12-31,1.0,1.0,1.0,1.0
1973-01-07,1.0,1.0,1.0,1.0
1973-01-14,1.0,1.0,1.0,1.0
1973-01-21,1.0,1.0,1.0,1.0
1973-01-28,1.0,1.0,1.0,1.0
1973-02-04,1.0,1.0,1.0,1.0
1973-02-11,1.0,1.0,1.0,1.0
1973-02-18,1.0,1.0,1.0,1.0
1973-02-25,1.0,1.0,1.0,1.0
1973-03-04,1.0,1.0,1.0,1.0
1973-03-11,1.0,1.0,1.0,1.0
1973-03-18,1.0,1.0,1.0,1.0
1973-03-25,1.0,1.0,1.0,1.0
1973-04-01,1.0,1.0,1.0,1.0
1973-04-08,1.0,1.0,1.0,1.0
1973-04-15,1.0,1.0,1.0,1.0
1973-04-22,1.0,1.0,1.0,1.0
1973-04-29,1.0,1.0,1.0,1.0
1973-05-06,1.0,1.0,1.0,1.0
1973-05-13,1.0,1.0,1.0,1.0
1973-05-20,1.0,1.0,1.0,1.0
1973-05-27,1.0,1.0,1.0,1.0
1973-06-03,1.0,1.0,1.0,1.0
1973-06-10,1.0,1.0,1.0,1.0
1973-06-17,1.0,1.0,1.0,1.0
1973-06-24,1.0,1.0,1.0,1.0
1973-07-01,1.0,1.0,1.0,1.0
1973-07-08,1.0,1.0,1.0,1.0
1973-07-15,1.0,1.0,1.0,1.0
1973-07-22,1.0,1.0,1.0,1.0
1973-07-29,1.0,1.0,1.0,1.0
1973-08-05,1.0,1.0,1.0,1.0
1973-08-12,1.0,1.0,1.0,1.0
1973-08-19,1.0,1.0,1.0,1.0
1973-08-26,1.0,1.0,1.0,1.0
1973-09-02,1.0,1.0,1.0,1.0
1973-09-09,1.0,1.0,1.0,1.0
1973-09-16,1.0,1.0,1.0,1.0
1973-09-23,1.0,1.0,1.0,1.0
1973-09-30,1.0,1.0,1.0,1.0
1973-10-07,1.0,1.0,1.0,1.0
1973-10-14,1.0,1.0,1.0,1.0
1973-10-21,1.0,1.0,1.0,1.0
1973-10-28,1.0,1.0,1.0,1.0
1973-11-04,1.0,1.0,1.0,1.0
1973-11-11,1.0,1.0,1.0,1.0
1973-11-18,1.0,1.0,1.0,1.0
1973-11-25,1.0,1.0,1.0,1.0
1973-12-02,1.0,1.0,1.0,1.0
1973-12-09,1.0,1.0,1.0,1.0
1973-12-16,1.0,1.0,1.0,1.0
1973-12-23,1.0,1.0,1.0,1.0
1973-12-30,1.0,1.0,1.0,1.0
1974-01-06,1.0,1.0,1.0,1.0
1974-01-13,1.0,1.0,1.0,1.0
1974-01-20,1.0,1.0,1.0,1.0
1974-01-27,1.0,1.0,1.0,1.0
1974-02-03,1.0,1.0,1.0,1.0
1974-02-10,1.0,1.0,1.0,1.0
1974-02-17,1.0,1.0,1.0,1.0
1974-02-24,1.0,1.0,1.0,1.0
1974-03-03,1.0,1.0,1.0,1.0
1974-03-10,1.0,1.0,1.0,1.0
1974-03-17,1.0,1.0,1.0,1.0
1974-03-24,1.0,1.0,1.0,1.0
1974-03-31,1.0,1.0,1.0,1.0
1974-04-07,1.0,1.0,1.0,1.0
1974-04-14,1.0,1.0,1.0,1.0
1974-04-21,1.0,1.0,1.0,1.0
1974-04-28,1.0,1.0,1.0,1.0
1974-05-05,1.0,1.0,1.0,1.0
1974-05-12,1.0,1.0,1.0,1.0
1974-05-19,1.0,1.0,1.0,1.0
1974-05-26,1.0,1.0,1.0,1.0
1974-06-02,1.0,1.0,1.0,1.0
1974-06-09,1.0,1.0,1.0,1.0
1974-06-16,1.0,1.0,1.0,1.0
1974-06-23,1.0,1.0,1.0,1.0
1974-06-30,1.0,1.0,1.0,1.0
1974-07-07,1.0,1.0,1.0,1.0
1974-07-14,1.0,1.0,1.0,1.0
1974-07-21,1.0,1.0,1.0,1.0
1974-07-28,1.0,1.0,1.0,1.0
1974-08-04,1.0,1.0,1.0,1.0
1974-08-11,1.0,1.0,1.0,1.0
1974-08-18,1.0,1.0,1.0,1.0
1974-08-25,1.0,1.0,1.0,1.0
1974-09-01,1.0,1.0,1.0,1.0
1974-09-08,1.0,1.0,1.0,1.0
1974-09-15,1.0,1.0,1.0,1.0
1974-09-22,1.0,1.0,1.0,1.0
1974-09-29,1.0,1.0,1.0,1.0
1974-10-06,1.0,1.0,1.0,1.0
1974-10-13,1.0,1.0,1.0,1.0
1974-10-20,1.0,1.0,1.0,1.0
1974-10-27,1.0,1.0,1.0,1.0
1974-11-03,1.0,1.0,1.0,1.0
1974-11-10,1.0,1.0,1.0,1.0
1974-11-17,1.0,1.0,1.0,1.0
1974-11-24,1.0,1.0,1.0,1.0
1974-12-01,1.0,1.0,1.0,1.0
1974-12-08,1.0,1.0,1.0,1.0
1974-12-15,1.0,1.0,1.0,1.0
1974-12-22,1.0,1.0,1.0,1.0
1974-12-29,1.0,1.0,1.0,1.0
1975-01-05,1.0,1.0,1.0,1.0
1975-01-12,1.0,1.0,1.0,1.0
1975-01-19,1.0,1.0,1.0,1.0
1975-01-26,1.0,1.0,1.0,1.0
1975-02-02,1.0,1.0,1.0,1.0
1975-02-09,1.0,1.0,1.0,1.0
1975-02-16,1.0,1.0,1.0,1.0
1975-02-23,1.0,1.0,1.0,1.0
1975-03-02,1.0,1.0,1.0,1.0
1975-03-09,1.0,1.0,1.0,1.0
1975-03-16,1.0,1.0,1.0,1.0
1975-03-23,1.0,1.0,1.0,1.0
1975-03-30,1.0,1.0,1.0,1.0
1975-04-06,1.0,1.0,1.0,1.0
1975-04-13,1.0,1.0,1.0,1.0
1975-04-20,1.0,1.0,1.0,1.0
1975-04-27,1.0,1.0,1.0,1.0
1975-05-04,1.0,1.0,1.0,1.0
1975-05-11,1.0,1.0,1.0,1.0
1975-05-18,1.0,1.0,1.0,1.0
1975-05-25,1.0,1.0,1.0,1.0
1975-06-01,1.0,1.0,1.0,1.0
1975-06-08,1.0,1.0,1.0,1.0
1975-06-15,1.0,1.0,1.0,1.0
1975-06-22,1.0,1.0,1.0,1.0
1975-06-29,1.0,1.0,1.0,1.0
1975-07-06,1.0,1.0,1.0,1.0
1975-07-13,1.0,1.0,1.0,1.0
1975-07-20,1.0,1.0,1.0,1.0
1975-07-27,1.0,1.0,1.0,1.0
1975-08-03,1.0,1.0,1.0,1.0
1975-08-10,1.0,1.0,1.0,1.0
1975-08-17,1.0,1.0,1.0,1.0
1975-08-24,1.0,1.0,1.0,1.0
1975-08-31,1.0,1.0,1.0,1.0
1975-09-07,1.0,1.0,1.0,1.0
1975-09-14,1.0,1.0,1.0,1.0
1975-09-21,1.0,1.0,1.0,1.0
1975-09-28,1.0,1.0,1.0,1.0
1975-10-05,1.0,1.0,1.0,1.0
1975-10-12,1.0,1.0,1.0,1.0
1975-10-19,1.0,1.0,1.0,1.0
1975-10-26,1.0,1.0,1.0,1.0
1975-11-02,1.0,1.0,1.0,1.0
1975-11-09,1.0,1.0,1.0,1.0
1975-11-16,1.0,1.0,1.0,1.0
1975-11-23,1.0,1.0,1.0,1.0
1975-11-30,1.0,1.0,1.0,1.0
1975-12-07,1.0,1.0,1.0,1.0
1975-12-14,1.0,1.0,1.0,1.0
1975-12-21,1.0,1.0,1.0,1.0
1975-12-28,1.0,1.0,1.0,1.0
1976-01-04,1.0,1.0,1.0,1.0
1976-01-11,1.0,1.0,1.0,1.0
1976-01-18,1.0,1.0,1.0,1.0
1976-01-25,1.0,1.0,1.0,1.0
1976-02-01,1.0,1.0,1.0,1.0
1976-02-08,1.0,1.0,1.0,1.0
1976-02-15,1.0,1.0,1.0,1.0
1976-02-22,1.0,1.0,1.0,1.0
1976-02-29,1.0,1.0,1.0,1.0
1976-03-07,1.0,1.0,1.0,1.0
1976-03-14,1.0,1.0,1.0,1.0
1976-03-21,1.0,1.0,1.0,1.0
1976-03-28,1.0,1.0,1.0,1.0
1976-04-04,1.0,1.0,1.0,1.0
1976-04-11,1.0,1.0,1.0,1.0
1976-04-18,1.0,1.0,1.0,1.0
1976-04-25,1.0,1.0,1.0,1.0
1976-05-02,1.0,1.0,1.0,1.0
1976-05-09,1.0,1.0,1.0,1.0
1976-05-16,1.0,1.0,1.0,1.0
1976-05-23,1.0,1.0,1.0,1.0
1976-05-30,1.0,1.0,1.0,1.0
1976-06-06,1.0,1.0,1.0,1.0
1976-06-13,1.0,1.0,1.0,1.0
1976-06-20,1.0,1.0,1.0,1.0
1976-06-27,1.0,1.0,1.0,1.0
1976-07-04,1.0,1.0,1.0,1.0
1976-07-11,1.0,1.0,1.0,1.0
1976-07-18,1.0,1.0,1.0,1.0
1976-07-25,1.0,1.0,1.0,1.0
1976-08-01,1.0,1.0,1.0,1.0
1976-08-08,1.0,1.0,1.0,1.0
1976-08-15,1.0,1.0,1.0,1.0
1976-08-22,1.0,1.0,1.0,1.0
1976-08-29,1.0,1.0,1.0,1.0
1976-09-05,1.0,1.0,1.0,1.0
1976-09-12,1.0,1.0,1.0,1.0
1976-09-19,1.0,1.0,1.0,1.0
1976-09-26,1.0,1.0,1.0,1.0
1976-10-03,1.0,1.0,1.0,1.0
1976-10-10,1.0,1.0,1.0,1.0
1976-10-17,1.0,1.0,1.0,1.0
1976-10-24,1.0,1.0,1.0,1.0
1976-10-31,1.0,1.0,1.0,1.0
1976-11-07,1.0,1.0,1.0,1.0
1976-11-14,1.0,1.0,1.0,1.0
1976-11-21,1.0,1.0,1.0,1.0
1976-11-28,1.0,1.0,1.0,1.0
1976-12-05,1.0,1.0,1.0,1.0
1976-12-12,1.0,1.0,1.0,1.0
1976-12-19,1.0,1.0,1.0,1.0
1976-12-26,1.0,1.0,1.0,1.0
1977-01-02,1.0,1.0,1.0,1.0
1977-01-09,1.0,1.0,1.0,1.0
1977-01-16,1.0,1.0,1.0,1.0
1977-01-23,1.0,1.0,1.0,1.0
1977-01-30,1.0,1.0,1.0,1.0
1977-02-06,1.0,1.0,1.0,1.0
1977-02-13,1.0,1.0,1.0,1.0
1977-02-20,1.0,1.0,1.0,1.0
1977-02-27,1.0,1.0,1.0,1.0
1977-03-06,1.0,1.0,1.0,1.0
1977-03-13,1.0,1.0,1.0,1.0
1977-03-20,1.0,1.0,1.0,1.0
1977-03-27,1.0,1.0,1.0,1.0
1977-04-03,1.0,1.0,1.0,1.0
1977-04-10,1.0,1.0,1.0,1.0
1977-04-17,1.0,1.0,1.0,1.0
1977-04-24,1.0,1.0,1.0,1.0
1977-05-01,1.0,1.0,1.0,1.0
1977-05-08,1.0,1.0,1.0,1.0
1977-05-15,1.0,1.0,1.0,1.0
1977-05-22,1.0,1.0,1.0,1.0
1977-05-29,1.0,1.0,1.0,1.0
1977-06-05,1.0,1.0,1.0,1.0
1977-06-12,1.0,1.0,1.0,1.0
1977-06-19,1.0,1.0,1.0,1.0
1977-06-26,1.0,1.0,1.0,1.0
1977-07-03,1.0,1.0,1.0,1.0
1977-07-10,1.0,1.0,1.0,1.0
1977-07-17,1.0,1.0,1.0,1.0
1977-07-24,1.0,1.0,1.0,1.0
1977-07-31,1.0,1.0,1.0,1.0
1977-08-07,1.0,1.0,1.0,1.0
1977-08-14,1.0,1.0,1.0,1.0
1977-08-21,1.0,1.0,1.0,1.0
1977-08-28,1.0,1.0,1.0,1.0
1977-09-04,1.0,1.0,1.0,1.0
1977-09-11,1.0,1.0,1.0,1.0
1977-09-18,1.0,1.0,1.0,1.0
1977-09-25,1.0,1.0,1.0,1.0
1977-10-02,1.0,1.0,1.0,1.0
1977-10-09,1.0,1.0,1.0,1.0
1977-10-16,1.0,1.0,1.0,1.0
1977-10-23,1.0,1.0,1.0,1.0
1977-10-30,1.0,1.0,1.0,1.0
1977-11-06,1.0,1.0,1.0,1.0
1977-11-13,1.0,1.0,1.0,1.0
1977-11-20,1.0,1.0,1.0,1.0
1977-11-27,1.0,1.0,1.0,1.0
1977-12-04,1.0,1.0,1.0,1.0
1977-12-11,1.0,1.0,1.0,1.0
1977-12-18,1.0,1.0,1.0,1.0
1977-12-25,1.0,1.0,1.0,1.0
1978-01-01,1.0,1.0,1.0,1.0
1978-01-08,1.0,1.0,1.0,1.0
1978-01-15,1.0,1.0,1.0,1.0
1978-01-22,1.0,1.0,1.0,1.0
1978-01-29,1.0,1.0,1.0,1.0
1978-02-05,1.0,1.0,1.0,1.0
1978-02-12,1.0,1.0,1.0,1.0
1978-02-19,1.0,1.0,1.0,1.0
1978-02-26,1.0,1.0,1.0,1.0
1978-03-05,1.0,1.0,1.0,1.0
1978-03-12,1.0,1.0,1.0,1.0
1978-03-19,1.0,1.0,1.0,1.0
1978-03-26,1.0,1.0,1.0,1.0
1978-04-02,1.0,1.0,1.0,1.0
1978-04-09,1.0,1.0,1.0,1.0
1978-04-16,1.0,1.0,1.0,1.0
1978-04-23,1.0,1.0,1.0,1.0
1978-04-30,1.0,1.0,1.0,1.0
1978-05-07,1.0,1.0,1.0,1.0
1978-05-14,1.0,1.0,1.0,1.0
1978-05-21,1.0,1.0,1.0,1.0
1978-05-28,1.0,1.0,1.0,1.0
1978-06-04,1.0,1.0,1.0,1.0
1978-06-11,1.0,1.0,1.0,1.0
1978-06-18,1.0,1.0,1.0,1.0
1978-06-25,1.0,1.0,1.0,1.0
1978-07-02,1.0,1.0,1.0,1.0
1978-07-09,1.0,1.0,1.0,1.0
1978-07-16,1.0,1.0,1.0,1.0
1978-07-23,1.0,1.0,1.0,1.0
1978-07-30,1.0,1.0,1.0,1.0
1978-08-06,1.0,1.0,1.0,1.0
1978-08-13,1.0,1.0,1.0,1.0
1978-08-20,1.0,1.0,1.0,1.0
1978-08-27,1.0,1.0,1.0,1.0
1978-09-03,1.0,1.0,1.0,1.0
1978-09-10,1.0,1.0,1.0,1.0
1978-09-17,1.0,1.0,1.0,1.0
1978-09-24,1.0,1.0,1.0,1.0
1978-10-01,1.0,1.0,1.0,1.0
1978-10-08,1.0,1.0,1.0,1.0
1978-10-15,1.0,1.0,1.0,1.0
1978-10-22,1.0,1.0,1.0,1.0
1978-10-29,1.0,1.0,1.0,1.0
1978-11-05,1.0,1.0,1.0,1.0
1978-11-12,1.0,1.0,1.0,1.0
1978-11-19,1.0,1.0,1.0,1.0
1978-11-26,1.0,1.0,1.0,1.0
1978-12-03,1.0,1.0,1.0,1.0
1978-12-10,1.0,1.0,1.0,1.0
1978-12-17,1.0,1.0,1.0,1.0
1978-12-24,1.0,1.0,1.0,1.0
1978-12-31,1.0,1.0,1.0,1.0
1979-01-07,1.0,1.0,1.0,1.0
1979-01-14,1.0,1.0,1.0,1.0
1979-01-21,1.0,1.0,1.0,1.0
1979-01-28,1.0,1.0,1.0,1.0
1979-02-04,1.0,1.0,1.0,1.0
1979-02-11,1.0,1.0,1.0,1.0
1979-02-18,1.0,1.0,1.0,1.0
1979-02-25,1.0,1.0,1.0,1.0
1979-03-04,1.0,1.0,1.0,1.0
1979-03-11,1.0,1.0,1.0,1.0
1979-03-18,1.0,1.0,1.0,1.0
1979-03-25,1.0,1.0,1.0,1.0
1979-04-01,1.0,1.0,1.0,1.0
1979-04-08,1.0,1.0,1.0,1.0
1979-04-15,1.0,1.0,1.0,1.0
1979-04-22,1.0,1.0,1.0,1.0
1979-04-29,1.0,1.0,1.0,1.0
1979-05-06,1.0,1.0,1.0,1.0
1979-05-13,1.0,1.0,1.0,1.0
1979-05-20,1.0,1.0,1.0,1.0
1979-05-27,1.0,1.0,1.0,1.0
1979-06-03,1.0,1.0,1.0,1.0
1979-06-10,1.0,1.0,1.0,1.0
1979-06-17,1.0,1.0,1.0,1.0
1979-06-24,1.0,1.0,1.0,1.0
1979-07-01,1.0,1.0,1.0,1.0
1979-07-08,1.0,1.0,1.0,1.0
1979-07-15,1.0,1.0,1.0,1.0
1979-07-22,1.0,1.0,1.0,1.0
1979-07-29,1.0,1.0,1.0,1.0
1979-08-05,1.0,1.0,1.0,1.0
1979-08-12,1.0,1.0,1.0,1.0
1979-08-19,1.0,1.0,1.0,1.0
1979-08-26,1.0,1.0,1.0,1.0
1979-09-02,1.0,1.0,1.0,1.0
1979-09-09,1.0,1.0,1.0,1.0
1979-09-16,1.0,1.0,1.0,1.0
1979-09-23,1.0,1.0,1.0,1.0
1979-09-30,1.0,1.0,1.0,1.0
1979-10-07,1.0,1.0,1.0,1.0
1979-10-14,1.0,1.0,1.0,1.0
1979-10-21,1.0,1.0,1.0,1.0
1979-10-28,1.0,1.0,1.0,1.0
1979-11-04,1.0,1.0,1.0,1.0
1979-11-11,1.0,1.0,1.0,1.0
1979-11-18,1.0,1.0,1.0,1.0
1979-11-25,1.0,1.0,1.0,1.0
1979-12-02,1.0,1.0,1.0,1.0
1979-12-09,1.0,1.0,1.0,1.0
1979-12-16,1.0,1.0,1.0,1.0
1979-12-23,1.0,1.0,1.0,1.0
1979-12-30,1.0,1.0,1.0,1.0
1980-01-06,1.0,1.0,1.0,1.0
1980-01-13,1.0,1.0,1.0,1.0
1980-01-20,1.0,1.0,1.0,1.0
1980-01-27,1.0,1.0,1.0,1.0
1980-02-03,1.0,1.0,1.0,1.0
1980-02-10,1.0,1.0,1.0,1.0
1980-02-17,1.0,1.0,1.0,1.0
1980-02-24,1.0,1.0,1.0,1.0
1980-03-02,1.0,1.0,1.0,1.0
1980-03-09,1.0,1.0,1.0,1.0
1980-03-16,1.0,1.0,1.0,1.0
1980-03-23,1.0,1.0,1.0,1.0
1980-03-30,1.0,1.0,1.0,1.0
1980-04-06,1.0,1.0,1.0,1.0
1980-04-13,1.0,1.0,1.0,1.0
1980-04-20,1.0,1.0,1.0,1.0
1980-04-27,1.0,1.0,1.0,1.0
1980-05-04,1.0,1.0,1.0,1.0
1980-05-11,1.0,1.0,1.0,1.0
1980-05-18,1.0,1.0,1.0,1.0
1980-05-25,1.0,1.0,1.0,1.0
1980-06-01,1.0,1.0,1.0,1.0
1980-06-08,1.0,1.0,1.0,1.0
1980-06-15,1.0,1.0,1.0,1.0
1980-06-22,1.0,1.0,1.0,1.0
1980-06-29,1.0,1.0,1.0,1.0
1980-07-06,1.0,1.0,1.0,1.0
1980-07-13,1.0,1.0,1.0,1.0
1980-07-20,1.0,1.0,1.0,1.0
1980-07-27,1.0,1.0,1.0,1.0
1980-08-03,1.0,1.0,1.0,1.0
1980-08-10,1.0,1.0,1.0,1.0
1980-08-17,1.0,1.0,1.0,1.0
1980-08-24,1.0,1.0,1.0,1.0
1980-08-31,1.0,1.0,1.0,1.0
1980-09-07,1.0,1.0,1.0,1.0
1980-09-14,1.0,1.0,1.0,1.0
1980-09-21,1.0,1.0,1.0,1.0
1980-09-28,1.0,1.0,1.0,1.0
1980-10-05,1.0,1.0,1.0,1.0
1980-10-12,1.0,1.0,1.0,1.0
1980-10-19,1.0,1.0,1.0,1.0
1980-10-26,1.0,1.0,1.0,1.0
1980-11-02,1.0,1.0,1.0,1.0
1980-11-09,1.0,1.0,1.0,1.0
1980-11-16,1.0,1.0,1.0,1.0
1980-11-23,1.0,1.0,1.0,1.0
1980-11-30,1.0,1.0,1.0,1.0
1980-12-07,1.0,1.0,1.0,1.0
1980-12-14,1.0,1.0,1.0,1.0
1980-12-21,1.0,1.0,1.0,1.0
1980-12-28,1.0,1.0,1.0,1.0
1981-01-04,1.0,1.0,1.0,1.0
1981-01-11,1.0,1.0,1.0,1.0
1981-01-18,1.0,1.0,1.0,1.0
1981-01-25,1.0,1.0,1.0,1.0
1981-02-01,1.0,1.0,1.0,1.0
1981-02-08,1.0,1.0,1.0,1.0
1981-02-15,1.0,1.0,1.0,1.0
1981-02-22,1.0,1.0,1.0,1.0
1981-03-01,1.0,1.0,1.0,1.0
1981-03-08,1.0,1.0,1.0,1.0
1981-03-15,1.0,1.0,1.0,1.0
1981-03-22,1.0,1.0,1.0,1.0
1981-03-29,1.0,1.0,1.0,1.0
1981-04-05,1.0,1.0,1.0,1.0
1981-04-12,1.0,1.0,1.0,1.0
1981-04-19,1.0,1.0,1.0,1.0
1981-04-26,1.0,1.0,1.0,1.0
1981-05-03,1.0,1.0,1.0,1.0
1981-05-10,1.0,1.0,1.0,1.0
1981-05-17,1.0,1.0,1.0,1.0
1981-05-24,1.0,1.0,1.0,1.0
1981-05-31,1.0,1.0,1.0,1.0
1981-06-07,1.0,1.0,1.0,1.0
1981-06-14,1.0,1.0,1.0,1.0
1981-06-21,1.0,1.0,1.0,1.0
1981-06-28,1.0,1.0,1.0,1.0
1981-07-05,1.0,1.0,1.0,1.0
1981-07-12,1.0,1.0,1.0,1.0
1981-07-19,1.0,1.0,1.0,1.0
1981-07-26,1.0,1.0,1.0,1.0
1981-08-02,1.0,1.0,1.0,1.0
1981-08-09,1.0,1.0,1.0,1.0
1981-08-16,1.0,1.0,1.0,1.0
1981-08-23,1.0,1.0,1.0,1.0
1981-08-30,1.0,1.0,1.0,1.0
1981-09-06,1.0,1.0,1.0,1.0
1981-09-13,1.0,1.0,1.0,1.0
1981-09-20,1.0,1.0,1.0,1.0
1981-09-27,1.0,1.0,1.0,1.0
1981-10-04,1.0,1.0,1.0,1.0
1981-10-11,1.0,1.0,1.0,1.0
1981-10-18,1.0,1.0,1.0,1.0
1981-10-25,1.0,1.0,1.0,1.0
1981-11-01,1.0,1.0,1.0,1.0
1981-11-08,1.0,1.0,1.0,1.0
1981-11-15,1.0,1.0,1.0,1.0
1981-11-22,1.0,1.0,1.0,1.0
1981-11-29,1.0,1.0,1.0,1.0
1981-12-06,1.0,1.0,1.0,1.0
1981-12-13,1.0,1.0,1.0,1.0
1981-12-20,1.0,1.0,1.0,1.0
1981-12-27,1.0,1.0,1.0,1.0
1982-01-03,1.0,1.0,1.0,1.0
1982-01-10,1.0,1.0,1.0,1.0
1982-01-17,1.0,1.0,1.0,1.0
1982-01-24,1.0,1.0,1.0,1.0
1982-01-31,1.0,1.0,1.0,1.0
1982-02-07,1.0,1.0,1.0,1.0
1982-02-14,1.0,1.0,1.0,1.0
1982-02-21,1.0,1.0,1.0,1.0
1982-02-28,1.0,1.0,1.0,1.0
1982-03-07,1.0,1.0,1.0,1.0
1982-03-14,1.0,1.0,1.0,1.0
1982-03-21,1.0,1.0,1.0,1.0
1982-03-28,1.0,1.0,1.0,1.0
1982-04-04,1.0,1.0,1.0,1.0
1982-04-11,1.0,1.0,1.0,1.0
1982-04-18,1.0,1.0,1.0,1.0
1982-04-25,1.0,1.0,1.0,1.0
1982-05-02,1.0,1.0,1.0,1.0
1982-05-09,1.0,1.0,1.0,1.0
1982-05-16,1.0,1.0,1.0,1.0
1982-05-23,1.0,1.0,1.0,1.0
1982-05-30,1.0,1.0,1.0,1.0
1982-06-06,1.0,1.0,1.0,1.0
1982-06-13,1.0,1.0,1.0,1.0
1982-06-20,1.0,1.0,1.0,1.0
1982-06-27,1.0,1.0,1.0,1.0
1982-07-04,1.0,1.0,1.0,1.0
1982-07-11,1.0,1.0,1.0,1.0
1982-07-18,1.0,1.0,1.0,1.0
1982-07-25,1.0,1.0,1.0,1.0
1982-08-01,1.0,1.0,1.0,1.0
1982-08-08,1.0,1.0,1.0,1.0
1982-08-15,1.0,1.0,1.0,1.0
1982-08-22,1.0,1.0,1.0,1.0
1982-08-29,1.0,1.0,1.0,1.0
1982-09-05,1.0,1.0,1.0,1.0
1982-09-12,1.0,1.0,1.0,1.0
1982-09-19,1.0,1.0,1.0,1.0
1982-09-26,1.0,1.0,1.0,1.0
1982-10-03,1.0,1.0,1.0,1.0
1982-10-10,1.0,1.0,1.0,1.0
1982-10-17,1.0,1.0,1.0,1.0
1982-10-24,1.0,1.0,1.0,1.0
1982-10-31,1.0,1.0,1.0,1.0
1982-11-07,1.0,1.0,1.0,1.0
1982-11-14,1.0,1.0,1.0,1.0
1982-11-21,1.0,1.0,1.0,1.0
1982-11-28,1.0,1.0,1.0,1.0
1982-12-05,1.0,1.0,1.0,1.0
1982-12-12,1.0,1.0,1.0,1.0
1982-12-19,1.0,1.0,1.0,1.0
1982-12-26,1.0,1.0,1.0,1.0
1983-01-02,1.0,1.0,1.0,1.0
1983-01-09,1.0,1.0,1.0,1.0
1983-01-16,1.0,1.0,1.0,1.0
1983-01-23,1.0,1.0,1.0,1.0
1983-01-30,1.0,1.0,1.0,1.0
1983-02-06,1.0,1.0,1.0,1.0
1983-02-13,1.0,1.0,1.0,1.0
1983-02-20,1.0,1.0,1.0,1.0
1983-02-27,1.0,1.0,1.0,1.0
1983-03-06,1.0,1.0,1.0,1.0
1983-03-13,1.0,1.0,1.0,1.0
1983-03-20,1.0,1.0,1.0,1.0
1983-03-27,1.0,1.0,1.0,1.0
1983-04-03,1.0,1.0,1.0,1.0
1983-04-10,1.0,1.0,1.0,1.0
1983-04-17,1.0,1.0,1.0,1.0
1983-04-24,1.0,1.0,1.0,1.0
1983-05-01,1.0,1.0,1.0,1.0
1983-05-08,1.0,1.0,1.0,1.0
1983-05-15,1.0,1.0,1.0,1.0
1983-05-22,1.0,1.0,1.0,1.0
1983-05-29,1.0,1.0,1.0,1.0
1983-06-05,1.0,1.0,1.0,1.0
1983-06-12,1.0,1.0,1.0,1.0
1983-06-19,1.0,1.0,1.0,1.0
1983-06-26,1.0,1.0,1.0,1.0
1983-07-03,1.0,1.0,1.0,1.0
1983-07-10,1.0,1.0,1.0,1.0
1983-07-17,1.0,1.0,1.0,1.0
1983-07-24,1.0,1.0,1.0,1.0
1983-07-31,1.0,1.0,1.0,1.0
1983-08-07,1.0,1.0,1.0,1.0
1983-08-14,1.0,1.0,1.0,1.0
1983-08-21,1.0,1.0,1.0,1.0
1983-08-28,1.0,1.0,1.0,1.0
1983-09-04,1.0,1.0,1.0,1.0
1983-09-11,1.0,1.0,1.0,1.0
1983-09-18,1.0,1.0,1.0,1.0
1983-09-25,1.0,1.0,1.0,1.0
1983-10-02,1.0,1.0,1.0,1.0
1983-10-09,1.0,1.0,1.0,1.0
1983-10-16,1.0,1.0,1.0,1.0
1983-10-23,1.0,1.0,1.0,1.0
1983-10-30,1.0,1.0,1.0,1.0
1983-11-06,1.0,1.0,1.0,1.0
1983-11-13,1.0,1.0,1.0,1.0
1983-11-20,1.0,1.0,1.0,1.0
1983-11-27,1.0,1.0,1.0,1.0
1983-12-04,1.0,1.0,1.0,1.0
1983-12-11,1.0,1.0,1.0,1.0
1983-12-18,1.0,1.0,1.0,1.0
1983-12-25,1.0,1.0,1.0,1.0
1984-01-01,1.0,1.0,1.0,1.0
1984-01-08,1.0,1.0,1.0,1.0
1984-01-15,1.0,1.0,1.0,1.0
1984-01-22,1.0,1.0,1.0,1.0
1984-01-29,1.0,1.0,1.0,1.0
1984-02-05,1.0,1.0,1.0,1.0
1984-02-12,1.0,1.0,1.0,1.0
1984-02-19,1.0,1.0,1.0,1.0
1984-02-26,1.0,1.0,1.0,1.0
1984-03-04,1.0,1.0,1.0,1.0
1984-03-11,1.0,1.0,1.0,1.0
1984-03-18,1.0,1.0,1.0,1.0
1984-03-25,1.0,1.0,1.0,1.0
1984-04-01,1.0,1.0,1.0,1.0
1984-04-08,1.0,1.0,1.0,1.0
1984-04-15,1.0,1.0,1.0,1.0
1984-04-22,1.0,1.0,1.0,1.0
1984-04-29,1.0,1.0,1.0,1.0
1984-05-06,1.0,1.0,1.0,1.0
1984-05-13,1.0,1.0,1.0,1.0
1984-05-20,1.0,1.0,1.0,1.0
1984-05-27,1.0,1.0,1.0,1.0
1984-06-03,1.0,1.0,1.0,1.0
1984-06-10,1.0,1.0,1.0,1.0
1984-06-17,1.0,1.0,1.0,1.0
1984-06-24,1.0,1.0,1.0,1.0
1984-07-01,1.0,1.0,1.0,1.0
1984-07-08,1.0,1.0,1.0,1.0
1984-07-15,1.0,1.0,1.0,1.0
1984-07-22,1.0,1.0,1.0,1.0
1984-07-29,1.0,1.0,1.0,1.0
1984-08-05,1.0,1.0,1.0,1.0
1984-08-12,1.0,1.0,1.0,1.0
1984-08-19,1.0,1.0,1.0,1.0
1984-08-26,1.0,1.0,1.0,1.0
1984-09-02,1.0,1.0,1.0,1.0
1984-09-09,1.0,1.0,1.0,1.0
1984-09-16,1.0,1.0,1.0,1.0
1984-09-23,1.0,1.0,1.0,1.0
1984-09-30,1.0,1.0,1.0,1.0
1984-10-07,1.0,1.0,1.0,1.0
1984-10-14,1.0,1.0,1.0,1.0
1984-10-21,1.0,1.0,1.0,1.0
1984-10-28,1.0,1.0,1.0,1.0
1984-11-04,1.0,1.0,1.0,1.0
1984-11-11,1.0,1.0,1.0,1.0
1984-11-18,1.0,1.0,1.0,1.0
1984-11-25,1.0,1.0,1.0,1.0
1984-12-02,1.0,1.0,1.0,1.0
1984-12-09,1.0,1.0,1.0,1.0
1984-12-16,1.0,1.0,1.0,1.0
1984-12-23,1.0,1.0,1.0,1.0
1984-12-30,1.0,1.0,1.0,1.0
1985-01-06,1.0,1.0,1.0,1.0
1985-01-13,1.0,1.0,1.0,1.0
1985-01-20,1.0,1.0,1.0,1.0
1985-01-27,1.0,1.0,1.0,1.0
1985-02-03,1.0,1.0,1.0,1.0
1985-02-10,1.0,1.0,1.0,1.0
1985-02-17,1.0,1.0,1.0,1.0
1985-02-24,1.0,1.0,1.0,1.0
1985-03-03,1.0,1.0,1.0,1.0
1985-03-10,1.0,1.0,1.0,1.0
1985-03-17,1.0,1.0,1.0,1.0
1985-03-24,1.0,1.0,1.0,1.0
1985-03-31,1.0,1.0,1.0,1.0
1985-04-07,1.0,1.0,1.0,1.0
1985-04-14,1.0,1.0,1.0,1.0
1985-04-21,1.0,1.0,1.0,1.0
1985-04-28,1.0,1.0,1.0,1.0
1985-05-05,1.0,1.0,1.0,1.0
1985-05-12,1.0,1.0,1.0,1.0
1985-05-19,1.0,1.0,1.0,1.0
1985-05-26,1.0,1.0,1.0,1.0
1985-06-02,1.0,1.0,1.0,1.0
1985-06-09,1.0,1.0,1.0,1.0
1985-06-16,1.0,1.0,1.0,1.0
1985-06-23,1.0,1.0,1.0,1.0
1985-06-30,1.0,1.0,1.0,1.0
1985-07-07,1.0,1.0,1.0,1.0
1985-07-14,1.0,1.0,1.0,1.0
1985-07-21,1.0,1.0,1.0,1.0
1985-07-28,1.0,1.0,1.0,1.0
1985-08-04,1.0,1.0,1.0,1.0
1985-08-11,1.0,1.0,1.0,1.0
1985-08-18,1.0,1.0,1.0,1.0
1985-08-25,1.0,1.0,1.0,1.0
1985-09-01,1.0,1.0,1.0,1.0
1985-09-08,1.0,1.0,1.0,1.0
1985-09-15,1.0,1.0,1.0,1.0
1985-09-22,1.0,1.0,1.0,1.0
1985-09-29,1.0,1.0,1.0,1.0
1985-10-06,1.0,1.0,1.0,1.0
1985-10-13,1.0,1.0,1.0,1.0
1985-10-20,1.0,1.0,1.0,1.0
1985-10-27,1.0,1.0,1.0,1.0
1985-11-03,1.0,1.0,1.0,1.0
1985-11-10,1.0,1.0,1.0,1.0
1985-11-17,1.0,1.0,1.0,1.0
1985-11-24,1.0,1.0,1.0,1.0
1985-12-01,1.0,1.0,1.0,1.0
1985-12-08,1.0,1.0,1.0,1.0
1985-12-15,1.0,1.0,1.0,1.0
1985-12-22,1.0,1.0,1.0,1.0
1985-12-29,1.0,1.0,1.0,1.0
1986-01-05,1.0,1.0,1.0,1.0
1986-01-12,1.0,1.0,1.0,1.0
1986-01-19,1.0,1.0,1.0,1.0
1986-01-26,1.0,1.0,1.0,1.0
1986-02-02,1.0,1.0,1.0,1.0
1986-02-09,1.0,1.0,1.0,1.0
1986-02-16,1.0,1.0,1.0,1.0
1986-02-23,1.0,1.0,1.0,1.0
1986-03-02,1.0,1.0,1.0,1.0
1986-03-09,1.0,1.0,1.0,1.0
1986-03-16,1.0,1.0,1.0,1.0
1986-03-23,1.0,1.0,1.0,1.0
1986-03-30,1.0,1.0,1.0,1.0
1986-04-06,1.0,1.0,1.0,1.0
1986-04-13,1.0,1.0,1.0,1.0
1986-04-20,1.0,1.0,1.0,1.0
1986-04-27,1.0,1.0,1.0,1.0
1986-05-04,1.0,1.0,1.0,1.0
1986-05-11,1.0,1.0,1.0,1.0
1986-05-18,1.0,1.0,1.0,1.0
1986-05-25,1.0,1.0,1.0,1.0
1986-06-01,1.0,1.0,1.0,1.0
1986-06-08,1.0,1.0,1.0,1.0
1986-06-15,1.0,1.0,1.0,1.0
1986-06-22,1.0,1.0,1.0,1.0
1986-06-29,1.0,1.0,1.0,1.0
1986-07-06,1.0,1.0,1.0,1.0
1986-07-13,1.0,1.0,1.0,1.0
1986-07-20,1.0,1.0,1.0,1.0
1986-07-27,1.0,1.0,1.0,1.0
1986-08-03,1.0,1.0,1.0,1.0
1986-08-10,1.0,1.0,1.0,1.0
1986-08-17,1.0,1.0,1.0,1.0
1986-08-24,1.0,1.0,1.0,1.0
1986-08-31,1.0,1.0,1.0,1.0
1986-09-07,1.0,1.0,1.0,1.0
1986-09-14,1.0,1.0,1.0,1.0
1986-09-21,1.0,1.0,1.0,1.0
1986-09-28,1.0,1.0,1.0,1.0
1986-10-05,1.0,1.0,1.0,1.0
1986-10-12,1.0,1.0,1.0,1.0
1986-10-19,1.0,1.0,1.0,1.0
1986-10-26,1.0,1.0,1.0,1.0
1986-11-02,1.0,1.0,1.0,1.0
1986-11-09,1.0,1.0,1.0,1.0
1986-11-16,1.0,1.0,1.0,1.0
1986-11-23,1.0,1.0,1.0,1.0
1986-11-30,1.0,1.0,1.0,1.0
1986-12-07,1.0,1.0,1.0,1.0
1986-12-14,1.0,1.0,1.0,1.0
1986-12-21,1.0,1.0,1.0,1.0
1986-12-28,1.0,1.0,1.0,1.0
1987-01-04,1.0,1.0,1.0,1.0
1987-01-11,1.0,1.0,1.0,1.0
1987-01-18,1.0,1.0,1.0,1.0
1987-01-25,1.0,1.0,1.0,1.0
1987-02-01,1.0,1.0,1.0,1.0
1987-02-08,1.0,1.0,1.0,1.0
1987-02-15,1.0,1.0,1.0,1.0
1987-02-22,1.0,1.0,1.0,1.0
1987-03-01,1.0,1.0,1.0,1.0
1987-03-08,1.0,1.0,1.0,1.0
1987-03-15,1.0,1.0,1.0,1.0
1987-03-22,1.0,1.0,1.0,1.0
1987-03-29,1.0,1.0,1.0,1.0
1987-04-05,1.0,1.0,1.0,1.0
1987-04-12,1.0,1.0,1.0,1.0
1987-04-19,1.0,1.0,1.0,1.0
1987-04-26,1.0,1.0,1.0,1.0
1987-05-03,1.0,1.0,1.0,1.0
1987-05-10,1.0,1.0,1.0,1.0
1987-05-17,1.0,1.0,1.0,1.0
1987-05-24,1.0,1.0,1.0,1.0
1987-05-31,1.0,1.0,1.0,1.0
1987-06-07,1.0,1.0,1.0,1.0
1987-06-14,1.0,1.0,1.0,1.0
1987-06-21,1.0,1.0,1.0,1.0
1987-06-28,1.0,1.0,1.0,1.0
1987-07-05,1.0,1.0,1.0,1.0
1987-07-12,1.0,1.0,1.0,1.0
1987-07-19,1.0,1.0,1.0,1.0
1987-07-26,1.0,1.0,1.0,1.0
1987-08-02,1.0,1.0,1.0,1.0
1987-08-09,1.0,1.0,1.0,1.0
1987-08-16,1.0,1.0,1.0,1.0
1987-08-23,1.0,1.0,1.0,1.0
1987-08-30,1.0,1.0,1.0,1.0
1987-09-06,1.0,1.0,1.0,1.0
1987-09-13,1.0,1.0,1.0,1.0
1987-09-20,1.0,1.0,1.0,1.0
1987-09-27,1.0,1.0,1.0,1.0
1987-10-04,1.0,1.0,1.0,1.0
1987-10-11,1.0,1.0,1.0,1.0
1987-10-18,1.0,1.0,1.0,1.0
1987-10-25,1.0,1.0,1.0,1.0
1987-11-01,1.0,1.0,1.0,1.0
1987-11-08,1.0,1.0,1.0,1.0
1987-11-15,1.0,1.0,1.0,1.0
1987-11-22,1.0,1.0,1.0,1.0
1987-11-29,1.0,1.0,1.0,1.0
1987-12-06,1.0,1.0,1.0,1.0
1987-12-13,1.0,1.0,1.0,1.0
1987-12-20,1.0,1.0,1.0,1.0
1987-12-27,1.0,1.0,1.0,1.0
1988-01-03,1.0,1.0,1.0,1.0
1988-01-10,1.0,1.0,1.0,1.0
1988-01-17,1.0,1.0,1.0,1.0
1988-01-24,1.0,1.0,1.0,1.0
1988-01-31,1.0,1.0,1.0,1.0
1988-02-07,1.0,1.0,1.0,1.0
1988-02-14,1.0,1.0,1.0,1.0
1988-02-21,1.0,1.0,1.0,1.0
1988-02-28,1.0,1.0,1.0,1.0
1988-03-06,1.0,1.0,1.0,1.0
1988-03-13,1.0,1.0,1.0,1.0
1988-03-20,1.0,1.0,1.0,1.0
1988-03-27,1.0,1.0,1.0,1.0
1988-04-03,1.0,1.0,1.0,1.0
1988-04-10,1.0,1.0,1.0,1.0
1988-04-17,1.0,1.0,1.0,1.0
1988-04-24,1.0,1.0,1.0,1.0
1988-05-01,1.0,1.0,1.0,1.0
1988-05-08,1.0,1.0,1.0,1.0
1988-05-15,1.0,1.0,1.0,1.0
1988-05-22,1.0,1.0,1.0,1.0
1988-05-29,1.0,1.0,1.0,1.0
1988-06-05,1.0,1.0,1.0,1.0
1988-06-12,1.0,1.0,1.0,1.0
1988-06-19,1.0,1.0,1.0,1.0
1988-06-26,1.0,1.0,1.0,1.0
1988-07-03,1.0,1.0,1.0,1.0
1988-07-10,1.0,1.0,1.0,1.0
1988-07-17,1.0,1.0,1.0,1.0
1988-07-24,1.0,1.0,1.0,1.0
1988-07-31,1.0,1.0,1.0,1.0
1988-08-07,1.0,1.0,1.0,1.0
1988-08-14,1.0,1.0,1.0,1.0
1988-08-21,1.0,1.0,1.0,1.0
1988-08-28,1.0,1.0,1.0,1.0
1988-09-04,1.0,1.0,1.0,1.0
1988-09-11,1.0,1.0,1.0,1.0
1988-09-18,1.0,1.0,1.0,1.0
1988-09-25,1.0,1.0,1.0,1.0
1988-10-02,1.0,1.0,1.0,1.0
1988-10-09,1.0,1.0,1.0,1.0
1988-10-16,1.0,1.0,1.0,1.0
1988-10-23,1.0,1.0,1.0,1.0
1988-10-30,1.0,1.0,1.0,1.0
1988-11-06,1.0,1.0,1.0,1.0
1988-11-13,1.0,1.0,1.0,1.0
1988-11-20,1.0,1.0,1.0,1.0
1988-11-27,1.0,1.0,1.0,1.0
1988-12-04,1.0,1.0,1.0,1.0
1988-12-11,1.0,1.0,1.0,1.0
1988-12-18,1.0,1.0,1.0,1.0
1988-12-25,1.0,1.0,1.0,1.0
1989-01-01,1.0,1.0,1.0,1.0
1989-01-08,1.0,1.0,1.0,1.0
1989-01-15,1.0,1.0,1.0,1.0
1989-01-22,1.0,1.0,1.0,1.0
1989-01-29,1.0,1.0,1.0,1.0
1989-02-05,1.0,1.0,1.0,1.0
1989-02-12,1.0,1.0,1.0,1.0
1989-02-19,1.0,1.0,1.0,1.0
1989-02-26,1.0,1.0,1.0,1.0
1989-03-05,1.0,1.0,1.0,1.0
1989-03-12,1.0,1.0,1.0,1.0
1989-03-19,1.0,1.0,1.0,1.0
1989-03-26,1.0,1.0,1.0,1.0
1989-04-02,1.0,1.0,1.0,1.0
1989-04-09,1.0,1.0,1.0,1.0
1989-04-16,1.0,1.0,1.0,1.0
1989-04-23,1.0,1.0,1.0,1.0
1989-04-30,1.0,1.0,1.0,1.0
1989-05-07,1.0,1.0,1.0,1.0
1989-05-14,1.0,1.0,1.0,1.0
1989-05-21,1.0,1.0,1.0,1.0
1989-05-28,1.0,1.0,1.0,1.0
1989-06-04,1.0,1.0,1.0,1.0
1989-06-11,1.0,1.0,1.0,1.0
1989-06-18,1.0,1.0,1.0,1.0
1989-06-25,1.0,1.0,1.0,1.0
1989-07-02,1.0,1.0,1.0,1.0
1989-07-09,1.0,1.0,1.0,1.0
1989-07-16,1.0,1.0,1.0,1.0
1989-07-23,1.0,1.0,1.0,1.0
1989-07-30,1.0,1.0,1.0,1.0
1989-08-06,1.0,1.0,1.0,1.0
1989-08-13,1.0,1.0,1.0,1.0
1989-08-20,1.0,1.0,1.0,1.0
1989-08-27,1.0,1.0,1.0,1.0
1989-09-03,1.0,1.0,1.0,1.0
1989-09-10,1.0,1.0,1.0,1.0
1989-09-17,1.0,1.0,1.0,1.0
1989-09-24,1.0,1.0,1.0,1.0
1989-10-01,1.0,1.0,1.0,1.0
1989-10-08,1.0,1.0,1.0,1.0
1989-10-15,1.0,1.0,1.0,1.0
1989-10-22,1.0,1.0,1.0,1.0
1989-10-29,1.0,1.0,1.0,1.0
1989-11-05,1.0,1.0,1.0,1.0
1989-11-12,1.0,1.0,1.0,1.0
1989-11-19,1.0,1.0,1.0,1.0
1989-11-26,1.0,1.0,1.0,1.0
1989-12-03,1.0,1.0,1.0,1.0
1989-12-10,1.0,1.0,1.0,1.0
1989-12-17,1.0,1.0,1.0,1.0
1989-12-24,1.0,1.0,1.0,1.0
1989-12-31,1.0,1.0,1.0,1.0
1990-01-07,1.0,1.0,1.0,1.0
1990-01-14,1.0,1.0,1.0,1.0
1990-01-21,1.0,1.0,1.0,1.0
1990-01-28,1.0,1.0,1.0,1.0
1990-02-04,1.0,1.0,1.0,1.0
1990-02-11,1.0,1.0,1.0,1.0
1990-02-18,1.0,1.0,1.0,1.0
1990-02-25,1.0,1.0,1.0,1.0
1990-03-04,1.0,1.0,1.0,1.0
1990-03-11,1.0,1.0,1.0,1.0
1990-03-18,1.0,1.0,1.0,1.0
1990-03-25,1.0,1.0,1.0,1.0
1990-04-01,1.0,1.0,1.0,1.0
1990-04-08,1.0,1.0,1.0,1.0
1990-04-15,1.0,1.0,1.0,1.0
1990-04-22,1.0,1.0,1.0,1.0
1990-04-29,1.0,1.0,1.0,1.0
1990-05-06,1.0,1.0,1.0,1.0
1990-05-13,1.0,1.0,1.0,1.0
1990-05-20,1.0,1.0,1.0,1.0
1990-05-27,1.0,1.0,1.0,1.0
1990-06-03,1.0,1.0,1.0,1.0
1990-06-10,1.0,1.0,1.0,1.0
1990-06-17,1.0,1.0,1.0,1.0
1990-06-24,1.0,1.0,1.0,1.0
1990-07-01,1.0,1.0,1.0,1.0
1990-07-08,1.0,1.0,1.0,1.0
1990-07-15,1.0,1.0,1.0,1.0
1990-07-22,1.0,1.0,1.0,1.0
1990-07-29,1.0,1.0,1.0,1.0
1990-08-05,1.0,1.0,1.0,1.0
1990-08-12,1.0,1.0,1.0,1.0
1990-08-19,1.0,1.0,1.0,1.0
1990-08-26,1.0,1.0,1.0,1.0
1990-09-02,1.0,1.0,1.0,1.0
1990-09-09,1.0,1.0,1.0,1.0
1990-09-16,1.0,1.0,1.0,1.0
1990-09-23,1.0,1.0,1.0,1.0
1990-09-30,1.0,1.0,1.0,1.0
1990-10-07,1.0,1.0,1.0,1.0
1990-10-14,1.0,1.0,1.0,1.0
1990-10-21,1.0,1.0,1.0,1.0
1990-10-28,1.0,1.0,1.0,1.0
1990-11-04,1.0,1.0,1.0,1.0
1990-11-11,1.0,1.0,1.0,1.0
1990-11-18,1.0,1.0,1.0,1.0
1990-11-25,1.0,1.0,1.0,1.0
1990-12-02,1.0,1.0,1.0,1.0
1990-12-09,1.0,1.0,1.0,1.0
1990-12-16,1.0,1.0,1.0,1.0
1990-12-23,1.0,1.0,1.0,1.0
1990-12-30,1.0,1.0,1.0,1.0
1991-01-06,1.0,1.0,1.0,1.0
1991-01-13,1.0,1.0,1.0,1.0
1991-01-20,1.0,1.0,1.0,1.0
1991-01-27,1.0,1.0,1.0,1.0
1991-02-03,1.0,1.0,1.0,1.0
1991-02-10,1.0,1.0,1.0,1.0
1991-02-17,1.0,1.0,1.0,1.0
1991-02-24,1.0,1.0,1.0,1.0
1991-03-03,1.0,1.0,1.0,1.0
1991-03-10,1.0,1.0,1.0,1.0
1991-03-17,1.0,1.0,1.0,1.0
1991-03-24,1.0,1.0,1.0,1.0
1991-03-31,1.0,1.0,1.0,1.0
1991-04-07,1.0,1.0,1.0,1.0
1991-04-14,1.0,1.0,1.0,1.0
1991-04-21,1.0,1.0,1.0,1.0
1991-04-28,1.0,1.0,1.0,1.0
1991-05-05,1.0,1.0,1.0,1.0
1991-05-12,1.0,1.0,1.0,1.0
1991-05-19,1.0,1.0,1.0,1.0
1991-05-26,1.0,1.0,1.0,1.0
1991-06-02,1.0,1.0,1.0,1.0
1991-06-09,1.0,1.0,1.0,1.0
1991-06-16,1.0,1.0,1.0,1.0
1991-06-23,1.0,1.0,1.0,1.0
1991-06-30,1.0,1.0,1.0,1.0
1991-07-07,1.0,1.0,1.0,1.0
1991-07-14,1.0,1.0,1.0,1.0
1991-07-21,1.0,1.0,1.0,1.0
1991-07-28,1.0,1.0,1.0,1.0
1991-08-04,1.0,1.0,1.0,1.0
1991-08-11,1.0,1.0,1.0,1.0
1991-08-18,1.0,1.0,1.0,1.0
1991-08-25,1.0,1.0,1.0,1.0
1991-09-01,1.0,1.0,1.0,1.0
1991-09-08,1.0,1.0,1.0,1.0
1991-09-15,1.0,1.0,1.0,1.0
1991-09-22,1.0,1.0,1.0,1.0
1991-09-29,1.0,1.0,1.0,1.0
1991-10-06,1.0,1.0,1.0,1.0
1991-10-13,1.0,1.0,1.0,1.0
1991-10-20,1.0,1.0,1.0,1.0
1991-10-27,1.0,1.0,1.0,1.0
1991-11-03,1.0,1.0,1.0,1.0
1991-11-10,1.0,1.0,1.0,1.0
1991-11-17,1.0,1.0,1.0,1.0
1991-11-24,1.0,1.0,1.0,1.0
1991-12-01,1.0,1.0,1.0,1.0
1991-12-08,1.0,1.0,1.0,1.0
1991-12-15,1.0,1.0,1.0,1.0
1991-12-22,1.0,1.0,1.0,1.0
1991-12-29,1.0,1.0,1.0,1.0
1992-01-05,1.0,1.0,1.0,1.0
1992-01-12,1.0,1.0,1.0,1.0
1992-01-19,1.0,1.0,1.0,1.0
1992-01-26,1.0,1.0,1.0,1.0
1992-02-02,1.0,1.0,1.0,1.0
1992-02-09,1.0,1.0,1.0,1.0
1992-02-16,1.0,1.0,1.0,1.0
1992-02-23,1.0,1.0,1.0,1.0
1992-03-01,1.0,1.0,1.0,1.0
1992-03-08,1.0,1.0,1.0,1.0
1992-03-15,1.0,1.0,1.0,1.0
1992-03-22,1.0,1.0,1.0,1.0
1992-03-29,1.0,1.0,1.0,1.0
1992-04-05,1.0,1.0,1.0,1.0
1992-04-12,1.0,1.0,1.0,1.0
1992-04-19,1.0,1.0,1.0,1.0
1992-04-26,1.0,1.0,1.0,1.0
1992-05-03,1.0,1.0,1.0,1.0
1992-05-10,1.0,1.0,1.0,1.0
1992-05-17,1.0,1.0,1.0,1.0
1992-05-24,1.0,1.0,1.0,1.0
1992-05-31,1.0,1.0,1.0,1.0
1992-06-07,1.0,1.0,1.0,1.0
1992-06-14,1.0,1.0,1.0,1.0
1992-06-21,1.0,1.0,1.0,1.0
1992-06-28,1.0,1.0,1.0,1.0
1992-07-05,1.0,1.0,1.0,1.0
1992-07-12,1.0,1.0,1.0,1.0
1992-07-19,1.0,1.0,1.0,1.0
1992-07-26,1.0,1.0,1.0,1.0
1992-08-02,1.0,1.0,1.0,1.0
1992-08-09,1.0,1.0,1.0,1.0
1992-08-16,1.0,1.0,1.0,1.0
1992-08-23,1.0,1.0,1.0,1.0
1992-08-30,1.0,1.0,1.0,1.0
1992-09-06,1.0,1.0,1.0,1.0
1992-09-13,1.0,1.0,1.0,1.0
1992-09-20,1.0,1.0,1.0,1.0
1992-09-27,1.0,1.0,1.0,1.0
1992-10-04,1.0,1.0,1.0,1.0
1992-10-11,1.0,1.0,1.0,1.0
1992-10-18,1.0,1.0,1.0,1.0
1992-10-25,1.0,1.0,1.0,1.0
1992-11-01,1.0,1.0,1.0,1.0
1992-11-08,1.0,1.0,1.0,1.0
1992-11-15,1.0,1.0,1.0,1.0
1992-11-22,1.0,1.0,1.0,1.0
1992-11-29,1.0,1.0,1.0,1.0
1992-12-06,1.0,1.0,1.0,1.0
1992-12-13,1.0,1.0,1.0,1.0
1992-12-20,1.0,1.0,1.0,1.0
1992-12-27,1.0,1.0,1.0,1.0
1993-01-03,1.0,1.0,1.0,1.0
1993-01-10,1.0,1.0,1.0,1.0
1993-01-17,1.0,1.0,1.0,1.0
1993-01-24,1.0,1.0,1.0,1.0
1993-01-31,1.0,1.0,1.0,1.0
1993-02-07,1.0,1.0,1.0,1.0
1993-02-14,1.0,1.0,1.0,1.0
1993-02-21,1.0,1.0,1.0,1.0
1993-02-28,1.0,1.0,1.0,1.0
1993-03-07,1.0,1.0,1.0,1.0
1993-03-14,1.0,1.0,1.0,1.0
1993-03-21,1.0,1.0,1.0,1.0
1993-03-28,1.0,1.0,1.0,1.0
1993-04-04,1.0,1.0,1.0,1.0
1993-04-11,1.0,1.0,1.0,1.0
1993-04-18,1.0,1.0,1.0,1.0
1993-04-25,1.0,1.0,1.0,1.0
1993-05-02,1.0,1.0,1.0,1.0
1993-05-09,1.0,1.0,1.0,1.0
1993-05-16,1.0,1.0,1.0,1.0
1993-05-23,1.0,1.0,1.0,1.0
1993-05-30,1.0,1.0,1.0,1.0
1993-06-06,1.0,1.0,1.0,1.0
1993-06-13,1.0,1.0,1.0,1.0
1993-06-20,1.0,1.0,1.0,1.0
1993-06-27,1.0,1.0,1.0,1.0
1993-07-04,1.0,1.0,1.0,1.0
1993-07-11,1.0,1.0,1.0,1.0
1993-07-18,1.0,1.0,1.0,1.0
1993-07-25,1.0,1.0,1.0,1.0
1993-08-01,1.0,1.0,1.0,1.0
1993-08-08,1.0,1.0,1.0,1.0
1993-08-15,1.0,1.0,1.0,1.0
1993-08-22,1.0,1.0,1.0,1.0
1993-08-29,1.0,1.0,1.0,1.0
1993-09-05,1.0,1.0,1.0,1.0
1993-09-12,1.0,1.0,1.0,1.0
1993-09-19,1.0,1.0,1.0,1.0
1993-09-26,1.0,1.0,1.0,1.0
1993-10-03,1.0,1.0,1.0,1.0
1993-10-10,1.0,1.0,1.0,1.0
1993-10-17,1.0,1.0,1.0,1.0
1993-10-24,1.0,1.0,1.0,1.0
1993-10-31,1.0,1.0,1.0,1.0
1993-11-07,1.0,1.0,1.0,1.0
1993-11-14,1.0,1.0,1.0,1.0
1993-11-21,1.0,1.0,1.0,1.0
1993-11-28,1.0,1.0,1.0,1.0
1993-12-05,1.0,1.0,1.0,1.0
1993-12-12,1.0,1.0,1.0,1.0
1993-12-19,1.0,1.0,1.0,1.0
1993-12-26,1.0,1.0,1.0,1.0
1994-01-02,1.0,1.0,1.0,1.0
1994-01-09,1.0,1.0,1.0,1.0
1994-01-16,1.0,1.0,1.0,1.0
1994-01-23,1.0,1.0,1.0,1.0
1994-01-30,1.0,1.0,1.0,1.0
1994-02-06,1.0,1.0,1.0,1.0
1994-02-13,1.0,1.0,1.0,1.0
1994-02-20,1.0,1.0,1.0,1.0
1994-02-27,1.0,1.0,1.0,1.0
1994-03-06,1.0,1.0,1.0,1.0
1994-03-13,1.0,1.0,1.0,1.0
1994-03-20,1.0,1.0,1.0,1.0
1994-03-27,1.0,1.0,1.0,1.0
1994-04-03,1.0,1.0,1.0,1.0
1994-04-10,1.0,1.0,1.0,1.0
1994-04-17,1.0,1.0,1.0,1.0
1994-04-24,1.0,1.0,1.0,1.0
1994-05-01,1.0,1.0,1.0,1.0
1994-05-08,1.0,1.0,1.0,1.0
1994-05-15,1.0,1.0,1.0,1.0
1994-05-22,1.0,1.0,1.0,1.0
1994-05-29,1.0,1.0,1.0,1.0
1994-06-05,1.0,1.0,1.0,1.0
1994-06-12,1.0,1.0,1.0,1.0
1994-06-19,1.0,1.0,1.0,1.0
1994-06-26,1.0,1.0,1.0,1.0
1994-07-03,1.0,1.0,1.0,1.0
1994-07-10,1.0,1.0,1.0,1.0
1994-07-17,1.0,1.0,1.0,1.0
1994-07-24,1.0,1.0,1.0,1.0
1994-07-31,1.0,1.0,1.0,1.0
1994-08-07,1.0,1.0,1.0,1.0
1994-08-14,1.0,1.0,1.0,1.0
1994-08-21,1.0,1.0,1.0,1.0
1994-08-28,1.0,1.0,1.0,1.0
1994-09-04,1.0,1.0,1.0,1.0
1994-09-11,1.0,1.0,1.0,1.0
1994-09-18,1.0,1.0,1.0,1.0
1994-09-25,1.0,1.0,1.0,1.0
1994-10-02,1.0,1.0,1.0,1.0
1994-10-09,1.0,1.0,1.0,1.0
1994-10-16,1.0,1.0,1.0,1.0
1994-10-23,1.0,1.0,1.0,1.0
1994-10-30,1.0,1.0,1.0,1.0
1994-11-06,1.0,1.0,1.0,1.0
1994-11-13,1.0,1.0,1.0,1.0
1994-11-20,1.0,1.0,1.0,1.0
1994-11-27,1.0,1.0,1.0,1.0
1994-12-04,1.0,1.0,1.0,1.0
1994-12-11,1.0,1.0,1.0,1.0
1994-12-18,1.0,1.0,1.0,1.0
1994-12-25,1.0,1.0,1.0,1.0
1995-01-01,1.0,1.0,1.0,1.0
1995-01-08,1.0,1.0,1.0,1.0
1995-01-15,1.0,1.0,1.0,1.0
1995-01-22,1.0,1.0,1.0,1.0
1995-01-29,1.0,1.0,1.0,1.0
1995-02-05,1.0,1.0,1.0,1.0
1995-02-12,1.0,1.0,1.0,1.0
1995-02-19,1.0,1.0,1.0,1.0
1995-02-26,1.0,1.0,1.0,1.0
1995-03-05,1.0,1.0,1.0,1.0
1995-03-12,1.0,1.0,1.0,1.0
1995-03-19,1.0,1.0,1.0,1.0
1995-03-26,1.0,1.0,1.0,1.0
1995-04-02,1.0,1.0,1.0,1.0
1995-04-09,1.0,1.0,1.0,1.0
1995-04-16,1.0,1.0,1.0,1.0
1995-04-23,1.0,1.0,1.0,1.0
1995-04-30,1.0,1.0,1.0,1.0
1995-05-07,1.0,1.0,1.0,1.0
1995-05-14,1.0,1.0,1.0,1.0
1995-05-21,1.0,1.0,1.0,1.0
1995-05-28,1.0,1.0,1.0,1.0
1995-06-04,1.0,1.0,1.0,1.0
1995-06-11,1.0,1.0,1.0,1.0
1995-06-18,1.0,1.0,1.0,1.0
1995-06-25,1.0,1.0,1.0,1.0
1995-07-02,1.0,1.0,1.0,1.0
1995-07-09,1.0,1.0,1.0,1.0
1995-07-16,1.0,1.0,1.0,1.0
1995-07-23,1.0,1.0,1.0,1.0
1995-07-30,1.0,1.0,1.0,1.0
1995-08-06,1.0,1.0,1.0,1.0
1995-08-13,1.0,1.0,1.0,1.0
1995-08-20,1.0,1.0,1.0,1.0
1995-08-27,1.0,1.0,1.0,1.0
1995-09-03,1.0,1.0,1.0,1.0
1995-09-10,1.0,1.0,1.0,1.0
1995-09-17,1.0,1.0,1.0,1.0
1995-09-24,1.0,1.0,1.0,1.0
1995-10-01,1.0,1.0,1.0,1.0
1995-10-08,1.0,1.0,1.0,1.0
1995-10-15,1.0,1.0,1.0,1.0
1995-10-22,1.0,1.0,1.0,1.0
1995-10-29,1.0,1.0,1.0,1.0
1995-11-05,1.0,1.0,1.0,1.0
1995-11-12,1.0,1.0,1.0,1.0
1995-11-19,1.0,1.0,1.0,1.0
1995-11-26,1.0,1.0,1.0,1.0
1995-12-03,1.0,1.0,1.0,1.0
1995-12-10,1.0,1.0,1.0,1.0
1995-12-17,1.0,1.0,1.0,1.0
1995-12-24,1.0,1.0,1.0,1.0
1995-12-31,1.0,1.0,1.0,1.0
1996-01-07,1.0,1.0,1.0,1.0
1996-01-14,1.0,1.0,1.0,1.0
1996-01-21,1.0,1.0,1.0,1.0
1996-01-28,1.0,1.0,1.0,1.0
1996-02-04,1.0,1.0,1.0,1.0
1996-02-11,1.0,1.0,1.0,1.0
1996-02-18,1.0,1.0,1.0,1.0
1996-02-25,1.0,1.0,1.0,1.0
1996-03-03,1.0,1.0,1.0,1.0
1996-03-10,1.0,1.0,1.0,1.0
1996-03-17,1.0,1.0,1.0,1.0
1996-03-24,1.0,1.0,1.0,1.0
1996-03-31,1.0,1.0,1.0,1.0
1996-04-07,1.0,1.0,1.0,1.0
1996-04-14,1.0,1.0,1.0,1.0
1996-04-21,1.0,1.0,1.0,1.0
1996-04-28,1.0,1.0,1.0,1.0
1996-05-05,1.0,1.0,1.0,1.0
1996-05-12,1.0,1.0,1.0,1.0
1996-05-19,1.0,1.0,1.0,1.0
1996-05-26,1.0,1.0,1.0,1.0
1996-06-02,1.0,1.0,1.0,1.0
1996-06-09,1.0,1.0,1.0,1.0
1996-06-16,1.0,1.0,1.0,1.0
1996-06-23,1.0,1.0,1.0,1.0
1996-06-30,1.0,1.0,1.0,1.0
1996-07-07,1.0,1.0,1.0,1.0
1996-07-14,1.0,1.0,1.0,1.0
1996-07-21,1.0,1.0,1.0,1.0
1996-07-28,1.0,1.0,1.0,1.0
1996-08-04,1.0,1.0,1.0,1.0
1996-08-11,1.0,1.0,1.0,1.0
1996-08-18,1.0,1.0,1.0,1.0
1996-08-25,1.0,1.0,1.0,1.0
1996-09-01,1.0,1.0,1.0,1.0
1996-09-08,1.0,1.0,1.0,1.0
1996-09-15,1.0,1.0,1.0,1.0
1996-09-22,1.0,1.0,1.0,1.0
1996-09-29,1.0,1.0,1.0,1.0
1996-10-06,1.0,1.0,1.0,1.0
1996-10-13,1.0,1.0,1.0,1.0
1996-10-20,1.0,1.0,1.0,1.0
1996-10-27,1.0,1.0,1.0,1.0
1996-11-03,1.0,1.0,1.0,1.0
1996-11-10,1.0,1.0,1.0,1.0
1996-11-17,1.0,1.0,1.0,1.0
1996-11-24,1.0,1.0,1.0,1.0
1996-12-01,1.0,1.0,1.0,1.0
1996-12-08,1.0,1.0,1.0,1.0
1996-12-15,1.0,1.0,1.0,1.0
1996-12-22,1.0,1.0,1.0,1.0
1996-12-29,1.0,1.0,1.0,1.0
1997-01-05,1.0,1.0,1.0,1.0
1997-01-12,1.0,1.0,1.0,1.0
1997-01-19,1.0,1.0,1.0,1.0
1997-01-26,1.0,1.0,1.0,1.0
1997-02-02,1.0,1.0,1.0,1.0
1997-02-09,1.0,1.0,1.0,1.0
1997-02-16,1.0,1.0,1.0,1.0
1997-02-23,1.0,1.0,1.0,1.0
1997-03-02,1.0,1.0,1.0,1.0
1997-03-09,1.0,1.0,1.0,1.0
1997-03-16,1.0,1.0,1.0,1.0
1997-03-23,1.0,1.0,1.0,1.0
1997-03-30,1.0,1.0,1.0,1.0
1997-04-06,1.0,1.0,1.0,1.0
1997-04-13,1.0,1.0,1.0,1.0
1997-04-20,1.0,1.0,1.0,1.0
1997-04-27,1.0,1.0,1.0,1.0
1997-05-04,1.0,1.0,1.0,1.0
1997-05-11,1.0,1.0,1.0,1.0
1997-05-18,1.0,1.0,1.0,1.0
1997-05-25,1.0,1.0,1.0,1.0
1997-06-01,1.0,1.0,1.0,1.0
1997-06-08,1.0,1.0,1.0,1.0
1997-06-15,1.0,1.0,1.0,1.0
1997-06-22,1.0,1.0,1.0,1.0
1997-06-29,1.0,1.0,1.0,1.0
1997-07-06,1.0,1.0,1.0,1.0
1997-07-13,1.0,1.0,1.0,1.0
1997-07-20,1.0,1.0,1.0,1.0
1997-07-27,1.0,1.0,1.0,1.0
1997-08-03,1.0,1.0,1.0,1.0
1997-08-10,1.0,1.0,1.0,1.0
1997-08-17,1.0,1.0,1.0,1.0
1997-08-24,1.0,1.0,1.0,1.0
1997-08-31,1.0,1.0,1.0,1.0
1997-09-07,1.0,1.0,1.0,1.0
1997-09-14,1.0,1.0,1.0,1.0
1997-09-21,1.0,1.0,1.0,1.0
1997-09-28,1.0,1.0,1.0,1.0
1997-10-05,1.0,1.0,1.0,1.0
1997-10-12,1.0,1.0,1.0,1.0
1997-10-19,1.0,1.0,1.0,1.0
1997-10-26,1.0,1.0,1.0,1.0
1997-11-02,1.0,1.0,1.0,1.0
1997-11-09,1.0,1.0,1.0,1.0
1997-11-16,1.0,1.0,1.0,1.0
1997-11-23,1.0,1.0,1.0,1.0
1997-11-30,1.0,1.0,1.0,1.0
1997-12-07,1.0,1.0,1.0,1.0
1997-12-14,1.0,1.0,1.0,1.0
1997-12-21,1.0,1.0,1.0,1.0
1997-12-28,1.0,1.0,1.0,1.0
1998-01-04,1.0,1.0,1.0,1.0
1998-01-11,1.0,1.0,1.0,1.0
1998-01-18,1.0,1.0,1.0,1.0
1998-01-25,1.0,1.0,1.0,1.0
1998-02-01,1.0,1.0,1.0,1.0
1998-02-08,1.0,1.0,1.0,1.0
1998-02-15,1.0,1.0,1.0,1.0
1998-02-22,1.0,1.0,1.0,1.0
1998-03-01,1.0,1.0,1.0,1.0
1998-03-08,1.0,1.0,1.0,1.0
1998-03-15,1.0,1.0,1.0,1.0
1998-03-22,1.0,1.0,1.0,1.0
1998-03-29,1.0,1.0,1.0,1.0
1998-04-05,1.0,1.0,1.0,1.0
1998-04-12,1.0,1.0,1.0,1.0
1998-04-19,1.0,1.0,1.0,1.0
1998-04-26,1.0,1.0,1.0,1.0
1998-05-03,1.0,1.0,1.0,1.0
1998-05-10,1.0,1.0,1.0,1.0
1998-05-17,1.0,1.0,1.0,1.0
1998-05-24,1.0,1.0,1.0,1.0
1998-05-31,1.0,1.0,1.0,1.0
1998-06-07,1.0,1.0,1.0,1.0
1998-06-14,1.0,1.0,1.0,1.0
1998-06-21,1.0,1.0,1.0,1.0
1998-06-28,1.0,1.0,1.0,1.0
1998-07-05,1.0,1.0,1.0,1.0
1998-07-12,1.0,1.0,1.0,1.0
1998-07-19,1.0,1.0,1.0,1.0
1998-07-26,1.0,1.0,1.0,1.0
1998-08-02,1.0,1.0,1.0,1.0
1998-08-09,1.0,1.0,1.0,1.0
1998-08-16,1.0,1.0,1.0,1.0
1998-08-23,1.0,1.0,1.0,1.0
1998-08-30,1.0,1.0,1.0,1.0
1998-09-06,1.0,1.0,1.0,1.0
1998-09-13,1.0,1.0,1.0,1.0
1998-09-20,1.0,1.0,1.0,1.0
1998-09-27,1.0,1.0,1.0,1.0
1998-10-04,1.0,1.0,1.0,1.0
1998-10-11,1.0,1.0,1.0,1.0
1998-10-18,1.0,1.0,1.0,1.0
1998-10-25,1.0,1.0,1.0,1.0
1998-11-01,1.0,1.0,1.0,1.0
1998-11-08,1.0,1.0,1.0,1.0
1998-11-15,1.0,1.0,1.0,1.0
1998-11-22,1.0,1.0,1.0,1.0
1998-11-29,1.0,1.0,1.0,1.0
1998-12-06,1.0,1.0,1.0,1.0
1998-12-13,1.0,1.0,1.0,1.0
1998-12-20,1.0,1.0,1.0,1.0
1998-12-27,1.0,1.0,1.0,1.0
1999-01-03,1.0,1.0,1.0,1.0
1999-01-10,1.0,1.0,1.0,1.0
1999-01-17,1.0,1.0,1.0,1.0
1999-01-24,1.0,1.0,1.0,1.0
1999-01-31,1.0,1.0,1.0,1.0
1999-02-07,1.0,1.0,1.0,1.0
1999-02-14,1.0,1.0,1.0,1.0
1999-02-21,1.0,1.0,1.0,1.0
1999-02-28,1.0,1.0,1.0,1.0
1999-03-07,1.0,1.0,1.0,1.0
1999-03-14,1.0,1.0,1.0,1.0
1999-03-21,1.0,1.0,1.0,1.0
1999-03-28,1.0,1.0,1.0,1.0
1999-04-04,1.0,1.0,1.0,1.0
1999-04-11,1.0,1.0,1.0,1.0
1999-04-18,1.0,1.0,1.0,1.0
1999-04-25,1.0,1.0,1.0,1.0
1999-05-02,1.0,1.0,1.0,1.0
1999-05-09,1.0,1.0,1.0,1.0
1999-05-16,1.0,1.0,1.0,1.0
1999-05-23,1.0,1.0,1.0,1.0
1999-05-30,1.0,1.0,1.0,1.0
1999-06-06,1.0,1.0,1.0,1.0
1999-06-13,1.0,1.0,1.0,1.0
1999-06-20,1.0,1.0,1.0,1.0
1999-06-27,1.0,1.0,1.0,1.0
1999-07-04,1.0,1.0,1.0,1.0
1999-07-11,1.0,1.0,1.0,1.0
1999-07-18,1.0,1.0,1.0,1.0
1999-07-25,1.0,1.0,1.0,1.0
1999-08-01,1.0,1.0,1.0,1.0
1999-08-08,1.0,1.0,1.0,1.0
1999-08-15,1.0,1.0,1.0,1.0
1999-08-22,1.0,1.0,1.0,1.0
1999-08-29,1.0,1.0,1.0,1.0
1999-09-05,1.0,1.0,1.0,1.0
1999-09-12,1.0,1.0,1.0,1.0
1999-09-19,1.0,1.0,1.0,1.0
1999-09-26,1.0,1.0,1.0,1.0
1999-10-03,1.0,1.0,1.0,1.0
1999-10-10,1.0,1.0,1.0,1.0
1999-10-17,1.0,1.0,1.0,1.0
1999-10-24,1.0,1.0,1.0,1.0
1999-10-31,1.0,1.0,1.0,1.0
1999-11-07,1.0,1.0,1.0,1.0
1999-11-14,1.0,1.0,1.0,1.0
1999-11-21,1.0,1.0,1.0,1.0
1999-11-28,1.0,1.0,1.0,1.0
1999-12-05,1.0,1.0,1.0,1.0
1999-12-12,1.0,1.0,1.0,1.0
1999-12-19,1.0,1.0,1.0,1.0
1999-12-26,1.0,1.0,1.0,1.0
2000-01-02,1.0,1.0,1.0,1.0
2000-01-09,1.0,1.0,1.0,1.0
2000-01-16,1.0,1.0,1.0,1.0
2000-01-23,1.0,1.0,1.0,1.0
2000-01-30,1.0,1.0,1.0,1.0
2000-02-06,1.0,1.0,1.0,1.0
2000-02-13,1.0,1.0,1.0,1.0
2000-02-20,1.0,1.0,1.0,1.0
2000-02-27,1.0,1.0,1.0,1.0
2000-03-05,1.0,1.0,1.0,1.0
2000-03-12,1.0,1.0,1.0,1.0
2000-03-19,1.0,1.0,1.0,1.0
2000-03-26,1.0,1.0,1.0,1.0
2000-04-02,1.0,1.0,1.0,1.0
2000-04-09,1.0,1.0,1.0,1.0
2000-04-16,1.0,1.0,1.0,1.0
2000-04-23,1.0,1.0,1.0,1.0
2000-04-30,1.0,1.0,1.0,1.0
2000-05-07,1.0,1.0,1.0,1.0
2000-05-14,1.0,1.0,1.0,1.0
2000-05-21,1.0,1.0,1.0,1.0
2000-05-28,1.0,1.0,1.0,1.0
2000-06-04,1.0,1.0,1.0,1.0
2000-06-11,1.0,1.0,1.0,1.0
2000-06-18,1.0,1.0,1.0,1.0
2000-06-25,1.0,1.0,1.0,1.0
2000-07-02,1.0,1.0,1.0,1.0
2000-07-09,1.0,1.0,1.0,1.0
2000-07-16,1.0,1.0,1.0,1.0
2000-07-23,1.0,1.0,1.0,1.0
2000-07-30,1.0,1.0,1.0,1.0
2000-08-06,1.0,1.0,1.0,1.0
2000-08-13,1.0,1.0,1.0,1.0
2000-08-20,1.0,1.0,1.0,1.0
2000-08-27,1.0,1.0,1.0,1.0
2000-09-03,1.0,1.0,1.0,1.0
2000-09-10,1.0,1.0,1.0,1.0
2000-09-17,1.0,1.0,1.0,1.0
2000-09-24,1.0,1.0,1.0,1.0
2000-10-01,1.0,1.0,1.0,1.0
2000-10-08,1.0,1.0,1.0,1.0
2000-10-15,1.0,1.0,1.0,1.0
2000-10-22,1.0,1.0,1.0,1.0
2000-10-29,1.0,1.0,1.0,1.0
2000-11-05,1.0,1.0,1.0,1.0
2000-11-12,1.0,1.0,1.0,1.0
2000-11-19,1.0,1.0,1.0,1.0
2000-11-26,1.0,1.0,1.0,1.0
2000-12-03,1.0,1.0,1.0,1.0
2000-12-10,1.0,1.0,1.0,1.0
2000-12-17,1.0,1.0,1.0,1.0
2000-12-24,1.0,1.0,1.0,1.0
2000-12-31,1.0,1.0,1.0,1.0
2001-01-07,1.0,1.0,1.0,1.0
2001-01-14,1.0,1.0,1.0,1.0
2001-01-21,1.0,1.0,1.0,1.0
2001-01-28,1.0,1.0,1.0,1.0
2001-02-04,1.0,1.0,1.0,1.0
2001-02-11,1.0,1.0,1.0,1.0
2001-02-18,1.0,1.0,1.0,1.0
2001-02-25,1.0,1.0,1.0,1.0
2001-03-04,1.0,1.0,1.0,1.0
2001-03-11,1.0,1.0,1.0,1.0
2001-03-18,1.0,1.0,1.0,1.0
2001-03-25,1.0,1.0,1.0,1.0
2001-04-01,1.0,1.0,1.0,1.0
2001-04-08,1.0,1.0,1.0,1.0
2001-04-15,1.0,1.0,1.0,1.0
2001-04-22,1.0,1.0,1.0,1.0
2001-04-29,1.0,1.0,1.0,1.0
2001-05-06,1.0,1.0,1.0,1.0
2001-05-13,1.0,1.0,1.0,1.0
2001-05-20,1.0,1.0,1.0,1.0
2001-05-27,1.0,1.0,1.0,1.0
2001-06-03,1.0,1.0,1.0,1.0
2001-06-10,1.0,1.0,1.0,1.0
2001-06-17,1.0,1.0,1.0,1.0
2001-06-24,1.0,1.0,1.0,1.0
2001-07-01,1.0,1.0,1.0,1.0
2001-07-08,1.0,1.0,1.0,1.0
2001-07-15,1.0,1.0,1.0,1.0
2001-07-22,1.0,1.0,1.0,1.0
2001-07-29,1.0,1.0,1.0,1.0
2001-08-05,1.0,1.0,1.0,1.0
2001-08-12,1.0,1.0,1.0,1.0
2001-08-19,1.0,1.0,1.0,1.0
2001-08-26,1.0,1.0,1.0,1.0
2001-09-02,1.0,1.0,1.0,1.0
2001-09-09,1.0,1.0,1.0,1.0
2001-09-16,1.0,1.0,1.0,1.0
2001-09-23,1.0,1.0,1.0,1.0
2001-09-30,1.0,1.0,1.0,1.0
2001-10-07,1.0,1.0,1.0,1.0
2001-10-14,1.0,1.0,1.0,1.0
2001-10-21,1.0,1.0,1.0,1.0
2001-10-28,1.0,1.0,1.0,1.0
2001-11-04,1.0,1.0,1.0,1.0
2001-11-11,1.0,1.0,1.0,1.0
2001-11-18,1.0,1.0,1.0,1.0
2001-11-25,1.0,1.0,1.0,1.0
2001-12-02,1.0,1.0,1.0,1.0
2001-12-09,1.0,1.0,1.0,1.0
2001-12-16,1.0,1.0,1.0,1.0
2001-12-23,1.0,1.0,1.0,1.0
2001-12-30,1.0,1.0,1.0,1.0
2002-01-06,1.0,1.0,1.0,1.0
2002-01-13,1.0,1.0,1.0,1.0
2002-01-20,1.0,1.0,1.0,1.0
2002-01-27,1.0,1.0,1.0,1.0
2002-02-03,1.0,1.0,1.0,1.0
2002-02-10,1.0,1.0,1.0,1.0
2002-02-17,1.0,1.0,1.0,1.0
2002-02-24,1.0,1.0,1.0,1.0
2002-03-03,1.0,1.0,1.0,1.0
2002-03-10,1.0,1.0,1.0,1.0
2002-03-17,1.0,1.0,1.0,1.0
2002-03-24,1.0,1.0,1.0,1.0
2002-03-31,1.0,1.0,1.0,1.0
2002-04-07,1.0,1.0,1.0,1.0
2002-04-14,1.0,1.0,1.0,1.0
2002-04-21,1.0,1.0,1.0,1.0
2002-04-28,1.0,1.0,1.0,1.0
2002-05-05,1.0,1.0,1.0,1.0
2002-05-12,1.0,1.0,1.0,1.0
2002-05-19,1.0,1.0,1.0,1.0
2002-05-26,1.0,1.0,1.0,1.0
2002-06-02,1.0,1.0,1.0,1.0
2002-06-09,1.0,1.0,1.0,1.0
2002-06-16,1.0,1.0,1.0,1.0
2002-06-23,1.0,1.0,1.0,1.0
2002-06-30,1.0,1.0,1.0,1.0
2002-07-07,1.0,1.0,1.0,1.0
2002-07-14,1.0,1.0,1.0,1.0
2002-07-21,1.0,1.0,1.0,1.0
2002-07-28,1.0,1.0,1.0,1.0
2002-08-04,1.0,1.0,1.0,1.0
2002-08-11,1.0,1.0,1.0,1.0
2002-08-18,1.0,1.0,1.0,1.0
2002-08-25,1.0,1.0,1.0,1.0
2002-09-01,1.0,1.0,1.0,1.0
2002-09-08,1.0,1.0,1.0,1.0
2002-09-15,1.0,1.0,1.0,1.0
2002-09-22,1.0,1.0,1.0,1.0
2002-09-29,1.0,1.0,1.0,1.0
2002-10-06,1.0,1.0,1.0,1.0
2002-10-13,1.0,1.0,1.0,1.0
2002-10-20,1.0,1.0,1.0,1.0
2002-10-27,1.0,1.0,1.0,1.0
2002-11-03,1.0,1.0,1.0,1.0
2002-11-10,1.0,1.0,1.0,1.0
2002-11-17,1.0,1.0,1.0,1.0
2002-11-24,1.0,1.0,1.0,1.0
2002-12-01,1.0,1.0,1.0,1.0
2002-12-08,1.0,1.0,1.0,1.0
2002-12-15,1.0,1.0,1.0,1.0
2002-12-22,1.0,1.0,1.0,1.0
2002-12-29,1.0,1.0,1.0,1.0
2003-01-05,1.0,1.0,1.0,1.0
2003-01-12,1.0,1.0,1.0,1.0
2003-01-19,1.0,1.0,1.0,1.0
2003-01-26,1.0,1.0,1.0,1.0
2003-02-02,1.0,1.0,1.0,1.0
2003-02-09,1.0,1.0,1.0,1.0
2003-02-16,1.0,1.0,1.0,1.0
2003-02-23,1.0,1.0,1.0,1.0
2003-03-02,1.0,1.0,1.0,1.0
2003-03-09,1.0,1.0,1.0,1.0
2003-03-16,1.0,1.0,1.0,1.0
2003-03-23,1.0,1.0,1.0,1.0
2003-03-30,1.0,1.0,1.0,1.0
2003-04-06,1.0,1.0,1.0,1.0
2003-04-13,1.0,1.0,1.0,1.0
2003-04-20,1.0,1.0,1.0,1.0
2003-04-27,1.0,1.0,1.0,1.0
2003-05-04,1.0,1.0,1.0,1.0
2003-05-11,1.0,1.0,1.0,1.0
2003-05-18,1.0,1.0,1.0,1.0
2003-05-25,1.0,1.0,1.0,1.0
2003-06-01,1.0,1.0,1.0,1.0
2003-06-08,1.0,1.0,1.0,1.0
2003-06-15,1.0,1.0,1.0,1.0
2003-06-22,1.0,1.0,1.0,1.0
2003-06-29,1.0,1.0,1.0,1.0
2003-07-06,1.0,1.0,1.0,1.0
2003-07-13,1.0,1.0,1.0,1.0
2003-07-20,1.0,1.0,1.0,1.0
2003-07-27,1.0,1.0,1.0,1.0
2003-08-03,1.0,1.0,1.0,1.0
2003-08-10,1.0,1.0,1.0,1.0
2003-08-17,1.0,1.0,1.0,1.0
2003-08-24,1.0,1.0,1.0,1.0
2003-08-31,1.0,1.0,1.0,1.0
2003-09-07,1.0,1.0,1.0,1.0
2003-09-14,1.0,1.0,1.0,1.0
2003-09-21,1.0,1.0,1.0,1.0
2003-09-28,1.0,1.0,1.0,1.0
2003-10-05,1.0,1.0,1.0,1.0
2003-10-12,1.0,1.0,1.0,1.0
2003-10-19,1.0,1.0,1.0,1.0
2003-10-26,1.0,1.0,1.0,1.0
2003-11-02,1.0,1.0,1.0,1.0
2003-11-09,1.0,1.0,1.0,1.0
2003-11-16,1.0,1.0,1.0,1.0
2003-11-23,1.0,1.0,1.0,1.0
2003-11-30,1.0,1.0,1.0,1.0
2003-12-07,1.0,1.0,1.0,1.0
2003-12-14,1.0,1.0,1.0,1.0
2003-12-21,1.0,1.0,1.0,1.0
2003-12-28,1.0,1.0,1.0,1.0
2004-01-04,1.0,1.0,1.0,1.0
2004-01-11,1.0,1.0,1.0,1.0
2004-01-18,1.0,1.0,1.0,1.0
2004-01-25,1.0,1.0,1.0,1.0
2004-02-01,1.0,1.0,1.0,1.0
2004-02-08,1.0,1.0,1.0,1.0
2004-02-15,1.0,1.0,1.0,1.0
2004-02-22,1.0,1.0,1.0,1.0
2004-02-29,1.0,1.0,1.0,1.0
2004-03-07,1.0,1.0,1.0,1.0
2004-03-14,1.0,1.0,1.0,1.0
2004-03-21,1.0,1.0,1.0,1.0
2004-03-28,1.0,1.0,1.0,1.0
2004-04-04,1.0,1.0,1.0,1.0
2004-04-11,1.0,1.0,1.0,1.0
2004-04-18,1.0,1.0,1.0,1.0
2004-04-25,1.0,1.0,1.0,1.0
2004-05-02,1.0,1.0,1.0,1.0
2004-05-09,1.0,1.0,1.0,1.0
2004-05-16,1.0,1.0,1.0,1.0
2004-05-23,1.0,1.0,1.0,1.0
2004-05-30,1.0,1.0,1.0,1.0
2004-06-06,1.0,1.0,1.0,1.0
2004-06-13,1.0,1.0,1.0,1.0
2004-06-20,1.0,1.0,1.0,1.0
2004-06-27,1.0,1.0,1.0,1.0
2004-07-04,1.0,1.0,1.0,1.0
2004-07-11,1.0,1.0,1.0,1.0
2004-07-18,1.0,1.0,1.0,1.0
2004-07-25,1.0,1.0,1.0,1.0
2004-08-01,1.0,1.0,1.0,1.0
2004-08-08,1.0,1.0,1.0,1.0
2004-08-15,1.0,1.0,1.0,1.0
2004-08-22,1.0,1.0,1.0,1.0
2004-08-29,1.0,1.0,1.0,1.0
2004-09-05,1.0,1.0,1.0,1.0
2004-09-12,1.0,1.0,1.0,1.0
2004-09-19,1.0,1.0,1.0,1.0
2004-09-26,1.0,1.0,1.0,1.0
2004-10-03,1.0,1.0,1.0,1.0
2004-10-10,1.0,1.0,1.0,1.0
2004-10-17,1.0,1.0,1.0,1.0
2004-10-24,1.0,1.0,1.0,1.0
2004-10-31,1.0,1.0,1.0,1.0
2004-11-07,1.0,1.0,1.0,1.0
2004-11-14,1.0,1.0,1.0,1.0
2004-11-21,1.0,1.0,1.0,1.0
2004-11-28,1.0,1.0,1.0,1.0
2004-12-05,1.0,1.0,1.0,1.0
2004-12-12,1.0,1.0,1.0,1.0
2004-12-19,1.0,1.0,1.0,1.0
2004-12-26,1.0,1.0,1.0,1.0
2005-01-02,1.0,1.0,1.0,1.0
2005-01-09,1.0,1.0,1.0,1.0
2005-01-16,1.0,1.0,1.0,1.0
2005-01-23,1.0,1.0,1.0,1.0
2005-01-30,1.0,1.0,1.0,1.0
2005-02-06,1.0,1.0,1.0,1.0
2005-02-13,1.0,1.0,1.0,1.0
2005-02-20,1.0,1.0,1.0,1.0
2005-02-27,1.0,1.0,1.0,1.0
2005-03-06,1.0,1.0,1.0,1.0
2005-03-13,1.0,1.0,1.0,1.0
2005-03-20,1.0,1.0,1.0,1.0
2005-03-27,1.0,1.0,1.0,1.0
2005-04-03,1.0,1.0,1.0,1.0
2005-04-10,1.0,1.0,1.0,1.0
2005-04-17,1.0,1.0,1.0,1.0
2005-04-24,1.0,1.0,1.0,1.0
2005-05-01,1.0,1.0,1.0,1.0
2005-05-08,1.0,1.0,1.0,1.0
2005-05-15,1.0,1.0,1.0,1.0
2005-05-22,1.0,1.0,1.0,1.0
2005-05-29,1.0,1.0,1.0,1.0
2005-06-05,1.0,1.0,1.0,1.0
2005-06-12,1.0,1.0,1.0,1.0
2005-06-19,1.0,1.0,1.0,1.0
2005-06-26,1.0,1.0,1.0,1.0
2005-07-03,1.0,1.0,1.0,1.0
2005-07-10,1.0,1.0,1.0,1.0
2005-07-17,1.0,1.0,1.0,1.0
2005-07-24,1.0,1.0,1.0,1.0
2005-07-31,1.0,1.0,1.0,1.0
2005-08-07,1.0,1.0,1.0,1.0
2005-08-14,1.0,1.0,1.0,1.0
2005-08-21,1.0,1.0,1.0,1.0
2005-08-28,1.0,1.0,1.0,1.0
2005-09-04,1.0,1.0,1.0,1.0
2005-09-11,1.0,1.0,1.0,1.0
2005-09-18,1.0,1.0,1.0,1.0
2005-09-25,1.0,1.0,1.0,1.0
2005-10-02,1.0,1.0,1.0,1.0
2005-10-09,1.0,1.0,1.0,1.0
2005-10-16,1.0,1.0,1.0,1.0
2005-10-23,1.0,1.0,1.0,1.0
2005-10-30,1.0,1.0,1.0,1.0
2005-11-06,1.0,1.0,1.0,1.0
2005-11-13,1.0,1.0,1.0,1.0
2005-11-20,1.0,1.0,1.0,1.0
2005-11-27,1.0,1.0,1.0,1.0
2005-12-04,1.0,1.0,1.0,1.0
2005-12-11,1.0,1.0,1.0,1.0
2005-12-18,1.0,1.0,1.0,1.0
2005-12-25,1.0,1.0,1.0,1.0
2006-01-01,1.0,1.0,1.0,1.0
2006-01-08,1.0,1.0,1.0,1.0
2006-01-15,1.0,1.0,1.0,1.0
2006-01-22,1.0,1.0,1.0,1.0
2006-01-29,1.0,1.0,1.0,1.0
2006-02-05,1.0,1.0,1.0,1.0
2006-02-12,1.0,1.0,1.0,1.0
2006-02-19,1.0,1.0,1.0,1.0
2006-02-26,1.0,1.0,1.0,1.0
2006-03-05,1.0,1.0,1.0,1.0
2006-03-12,1.0,1.0,1.0,1.0
2006-03-19,1.0,1.0,1.0,1.0
2006-03-26,1.0,1.0,1.0,1.0
2006-04-02,1.0,1.0,1.0,1.0
2006-04-09,1.0,1.0,1.0,1.0
2006-04-16,1.0,1.0,1.0,1.0
2006-04-23,1.0,1.0,1.0,1.0
2006-04-30,1.0,1.0,1.0,1.0
2006-05-07,1.0,1.0,1.0,1.0
2006-05-14,1.0,1.0,1.0,1.0
2006-05-21,1.0,1.0,1.0,1.0
2006-05-28,1.0,1.0,1.0,1.0
2006-06-04,1.0,1.0,1.0,1.0
2006-06-11,1.0,1.0,1.0,1.0
2006-06-18,1.0,1.0,1.0,1.0
2006-06-25,1.0,1.0,1.0,1.0
2006-07-02,1.0,1.0,1.0,1.0
2006-07-09,1.0,1.0,1.0,1.0
2006-07-16,1.0,1.0,1.0,1.0
2006-07-23,1.0,1.0,1.0,1.0
2006-07-30,1.0,1.0,1.0,1.0
2006-08-06,1.0,1.0,1.0,1.0
2006-08-13,1.0,1.0,1.0,1.0
2006-08-20,1.0,1.0,1.0,1.0
2006-08-27,1.0,1.0,1.0,1.0
2006-09-03,1.0,1.0,1.0,1.0
2006-09-10,1.0,1.0,1.0,1.0
2006-09-17,1.0,1.0,1.0,1.0
2006-09-24,1.0,1.0,1.0,1.0
2006-10-01,1.0,1.0,1.0,1.0
2006-10-08,1.0,1.0,1.0,1.0
2006-10-15,1.0,1.0,1.0,1.0
2006-10-22,1.0,1.0,1.0,1.0
2006-10-29,1.0,1.0,1.0,1.0
2006-11-05,1.0,1.0,1.0,1.0
2006-11-12,1.0,6.23,1.0,6.14
2006-11-19,6.14,6.25,5.67,5.87
2006-11-26,5.81,6.05,5.75,6.0
2006-12-03,6.0,6.0,5.35,5.75
2006-12-10,5.99,5.99,5.03,5.3
2006-12-17,5.25,6.0,5.19,5.51
2006-12-24,5.35,5.36,3.76,4.48
2006-12-31,4.5,5.04,3.91,4.83
2007-01-07,4.86,5.1,4.05,4.2
2007-01-14,4.12,4.25,3.88,3.98
2007-01-21,4.035,4.0725,3.96,3.98
2007-01-28,3.99,4.64,3.68,3.95
2007-02-04,4.09,7.43,3.81,5.7
2007-02-11,5.94,6.05,4.78,4.79
2007-02-18,4.82,5.1,4.49,4.6
2007-02-25,4.6125,4.86,4.4,4.57
2007-03-04,4.54,5.03,4.31,4.72
2007-03-11,4.56,4.99,4.5,4.76
2007-03-18,4.77,5.0,4.57,4.72
2007-03-25,4.68,4.68,4.24,4.39
2007-04-01,4.72,4.72,3.85,4.0
2007-04-08,3.86,3.92,3.33,3.545
2007-04-15,3.75,4.1,3.48,3.48
2007-04-22,3.51,4.51,3.5,4.4
2007-04-29,4.36,4.65,3.75,3.96
2007-05-06,3.99,4.1,3.76,3.85
2007-05-13,3.95,4.39,3.75,4.23
2007-05-20,4.27,4.48,4.15,4.15
2007-05-27,4.25,4.25,3.87,4.07
2007-06-03,4.010000000000001,4.32,3.97,4.3
2007-06-10,4.2,4.4,3.96,3.99
2007-06-17,3.95,4.8,3.95,4.06
2007-06-24,4.26,4.45,3.91,3.95
2007-07-01,3.95,4.1,3.73,4.08
2007-07-08,3.91,4.05,3.8,3.83
2007-07-15,4.04,4.04,3.84,3.84
2007-07-22,3.84,4.2,3.25,3.7
2007-07-29,3.84,4.0,3.05,3.26
2007-08-05,3.1,4.1,3.1,3.25
2007-08-12,3.25,3.25,2.6,3.0
2007-08-19,2.99,3.43,2.6,2.89
2007-08-26,3.06,3.43,2.7,3.3
2007-09-02,3.34,3.49,2.81,3.46
2007-09-09,3.435,3.5,3.08,3.19
2007-09-16,3.08,3.11,2.87,2.93
2007-09-23,2.83,3.7,2.83,2.92
2007-09-30,2.86,3.37,2.86,3.2
2007-10-07,3.22,3.25,2.91,3.0
2007-10-14,3.13,3.14,2.9,3.13
2007-10-21,3.15,3.4,3.11,3.13
2007-10-28,3.07,3.15,3.03,3.06
2007-11-04,3.03,3.3,2.93,3.25
2007-11-11,3.08,4.0,2.48,3.02
2007-11-18,2.93,3.59,2.06,2.5
2007-11-25,2.5,3.0,2.5,2.68
2007-12-02,2.57,3.22,2.57,3.13
2007-12-09,3.12,3.45,2.92,3.25
2007-12-16,3.59,4.03,2.86,3.25
2007-12-23,3.1,3.59,3.0,3.35
2007-12-30,3.13,3.74,3.11,3.51
2008-01-06,3.46,3.52,3.0,3.1
2008-01-13,3.2,3.25,2.9,3.1
2008-01-20,3.17,3.47,2.92,3.35
2008-01-27,3.4,3.5,2.95,3.19
2008-02-03,3.11,3.5,2.9,3.33
2008-02-10,3.39,3.63,3.32,3.37
2008-02-17,3.36,3.55,3.12,3.22
2008-02-24,3.32,3.4,3.2,3.3
2008-03-02,3.3,4.0,3.2,3.75
2008-03-09,3.89,3.95,3.67,3.67
2008-03-16,3.69,3.95,3.35,3.57
2008-03-23,3.51,3.71,3.5,3.6475
2008-03-30,3.54,3.95,3.5,3.53
2008-04-06,3.73,3.99,3.4,3.53
2008-04-13,3.5,3.77,3.33,3.66
2008-04-20,3.72,3.72,3.4,3.51
2008-04-27,3.5,3.64,3.4,3.5
2008-05-04,3.5,3.6,3.5,3.51
2008-05-11,3.5,3.65,3.3,3.49
2008-05-18,3.39,3.68,3.35,3.56
2008-05-25,3.65,3.65,3.3,3.53
2008-06-01,3.6275,3.64,3.31,3.59
2008-06-08,3.57,3.78,3.35,3.6
2008-06-15,3.5,3.76,3.5,3.72
2008-06-22,3.67,3.75,3.35,3.56
2008-06-29,3.46,3.63,3.05,3.26
2008-07-06,3.49,3.64,3.02,3.51
2008-07-13,3.6,3.95,3.2,3.53
2008-07-20,3.5,3.62,3.46,3.53
2008-07-27,3.51,3.53,2.65,3.49
2008-08-03,3.49,3.49,3.18,3.28
2008-08-10,3.27,3.48,3.24,3.45
2008-08-17,3.46,3.81,3.46,3.6
2008-08-24,3.6,4.44,3.55,4.44
2008-08-31,4.4,4.52,3.85,4.11
2008-09-07,4.109999999999999,4.16,3.81,3.82
2008-09-14,3.81,4.08,2.92,3.08
2008-09-21,3.22,3.38,2.26,3.02
2008-09-28,2.8,3.02,2.16,2.8
2008-10-05,2.95,2.98,2.62,2.86
2008-10-12,2.87,2.9,2.2,2.2
2008-10-19,2.15,2.75,2.15,2.75
2008-10-26,2.62,2.95,2.45,2.72
2008-11-02,2.52,2.77,2.22,2.4
2008-11-09,2.45,2.59,2.31,2.48
2008-11-16,2.37,2.57,2.36,2.36
2008-11-23,2.35,2.41,2.01,2.13
2008-11-30,2.22,2.22,1.77,2.16
2008-12-07,2.25,2.25,1.85,1.9
2008-12-14,2.05,2.05,1.83,1.98
2008-12-21,2.11,2.24,1.25,1.5
2008-12-28,1.85,1.9,1.45,1.61
2009-01-04,1.4,2.75,1.4,2.25
2009-01-11,2.37,2.48,2.25,2.45
2009-01-18,2.71,2.71,2.5,2.55
2009-01-25,2.7649999999999997,2.84,2.5075,2.62
2009-02-01,2.55,2.75,2.55,2.73
2009-02-08,2.75,2.75,2.5,2.5
2009-02-15,2.69,2.69,2.28,2.4
2009-02-22,2.4,2.48,2.1,2.1
2009-03-01,2.1,2.36,1.55,1.61
2009-03-08,1.86,1.87,1.25,1.25
2009-03-15,1.7,1.7,1.06,1.51
2009-03-22,1.56,1.65,1.4,1.6
2009-03-29,1.65,1.75,1.6,1.7
2009-04-05,1.75,1.8,1.64,1.75
2009-04-12,1.67,2.06,1.44,1.94
2009-04-19,2.06,2.06,1.82,2.0
2009-04-26,2.0,2.02,1.9,2.0
2009-05-03,2.0,2.06,1.76,1.76
2009-05-10,1.93,2.09,1.76,1.95
2009-05-17,2.26,2.81,1.7,2.1
2009-05-24,2.01,2.38,1.97,2.06
2009-05-31,2.2225,2.35,0.63,0.9
2009-06-07,0.92,0.97,0.65,0.68
2009-06-14,0.65,0.91,0.6,0.7
2009-06-21,0.71,0.8,0.67,0.68
2009-06-28,0.75,0.75,0.6,0.64
2009-07-05,0.64,0.66,0.6,0.6224999999999999
2009-07-12,0.65,0.65,0.5,0.5
2009-07-19,0.46,0.5,0.4,0.48
2009-07-26,0.47,0.47,0.39,0.42
2009-08-02,0.43,0.45,0.4,0.41
2009-08-09,0.42,0.43,0.4,0.42
2009-08-16,0.4,0.57,0.4,0.5
2009-08-23,0.48,0.52,0.43,0.49
2009-08-30,0.52,0.52,0.46,0.46
2009-09-06,0.49,1.6,0.48,0.84
2009-09-13,0.8425,1.3,0.81,1.08
2009-09-20,1.12,1.17,0.91,0.91
2009-09-27,0.9,1.02,0.9,0.92
2009-10-04,0.92,1.74,0.8,0.96
2009-10-11,1.07,1.07,0.89,0.89
2009-10-18,0.92,0.97,0.85,0.86
2009-10-25,0.85,0.99,0.85,0.94
2009-11-01,0.9,0.96,0.75,0.75
2009-11-08,0.76,0.77,0.63,0.7
2009-11-15,0.67,0.79,0.64,0.7
2009-11-22,0.77,0.79,0.64,0.7
2009-11-29,0.68,0.8,0.68,0.78
2009-12-06,0.77,0.78,0.68,0.69
2009-12-13,0.68,0.72,0.63,0.68
2009-12-20,0.69,0.7,0.64,0.65
2009-12-27,0.65,0.69,0.6,0.6275000000000001
2010-01-03,0.63,0.66,0.57,0.625
2010-01-10,0.64,0.67,0.6,0.63
2010-01-17,0.65,0.75,0.6,0.69
2010-01-24,0.715,0.7275,0.62,0.66
2010-01-31,0.63,0.68,0.61,0.65
2010-02-07,0.66,0.66,0.55,0.56
2010-02-14,0.55,0.65,0.54,0.62
2010-02-21,0.6225,0.64,0.58,0.63
2010-02-28,0.65,0.93,0.65,0.66
2010-03-07,0.65,0.73,0.65,0.7
2010-03-14,0.7,0.71,0.66,0.69
2010-03-21,0.7,0.88,0.67,0.78
2010-03-28,0.84,0.84,0.7,0.74
2010-04-04,0.75,0.87,0.73,0.79
2010-04-11,0.78,0.83,0.71,0.8
2010-04-18,1.06,2.65,1.05,1.78
2010-04-25,1.75,1.8,1.52,1.54
2010-05-02,1.54,1.57,1.33,1.35
2010-05-09,1.31,1.43,1.13,1.23
2010-05-16,1.21,1.41,1.15,1.32
2010-05-23,1.34,1.34,1.05,1.1
2010-05-30,1.1,1.14,0.98,1.09
2010-06-06,1.09,1.12,1.0,1.11
2010-06-13,1.1,1.13,1.0,1.03
2010-06-20,1.06,1.1,0.98,1.06
2010-06-27,1.05,1.06,0.8,1.01
2010-07-04,0.99,1.03,0.86,0.93
2010-07-11,0.925,1.54,0.8975,1.32
2010-07-18,1.21,1.29,1.0,1.02
2010-07-25,1.0,1.19,0.99,1.08
2010-08-01,1.1,1.25,1.1,1.15
2010-08-08,1.16,1.3,0.95,1.2
2010-08-15,1.21,1.22,1.12,1.15
2010-08-22,1.12,1.19,0.95,1.08
2010-08-29,1.1,1.15,0.95,1.12
2010-09-05,1.09,1.19,0.99,1.13
2010-09-12,1.15,1.18,1.08,1.09
2010-09-19,1.08,1.2,1.06,1.06
2010-09-26,1.07,1.45,1.07,1.17
2010-10-03,1.18,1.18,1.05,1.13
2010-10-10,1.12,1.29,1.09,1.18
2010-10-17,1.2,1.22,1.09,1.1
2010-10-24,1.14,1.18,1.09,1.09
2010-10-31,1.08,1.15,1.08,1.12
2010-11-07,1.14,1.19,1.04,1.09
2010-11-14,1.1,1.12,1.05,1.1
2010-11-21,1.1,1.12,1.08,1.12
2010-11-28,1.1,1.14,1.05,1.08
2010-12-05,1.08,1.1,1.01,1.01
2010-12-12,1.01,1.03,0.98,0.98
2010-12-19,0.98,1.01,0.9,0.92
2010-12-26,0.94,0.99,0.89,0.97
2011-01-02,1.0,1.02,0.91,0.99
2011-01-09,0.99,1.45,0.99,1.2
2011-01-16,1.23,1.27,1.14,1.16
2011-01-23,1.25,1.25,1.13,1.15
2011-01-30,1.14,1.26,1.11,1.18
2011-02-06,1.18,1.2,1.11,1.12
2011-02-13,1.2,1.32,1.12,1.17
2011-02-20,1.17,1.34,1.12,1.2
2011-02-27,1.2125,1.23,1.11,1.14
2011-03-06,1.14,1.17,1.09,1.12
2011-03-13,1.1,1.13,1.05,1.06
2011-03-20,1.05,1.08,1.03,1.06
2011-03-27,1.05,1.12,1.05,1.12
2011-04-03,1.1,1.22,1.1,1.11
2011-04-10,1.12,1.17,1.1,1.11
2011-04-17,1.13,1.13,1.1,1.11
2011-04-24,1.1,1.17,1.0,1.145
2011-05-01,1.14,1.19,1.1,1.14
2011-05-08,1.14,1.17,1.1,1.11
2011-05-15,1.15,1.19,1.11,1.15
2011-05-22,1.15,1.22,1.15,1.16
2011-05-29,1.15,1.19,1.15,1.16
2011-06-05,1.16,1.95,1.1575,1.7
2011-06-12,1.75,2.25,1.41,1.84
2011-06-19,1.82,1.98,1.61,1.81
2011-06-26,1.9,1.95,1.7,1.85
2011-07-03,1.9,1.91,1.76,1.82
2011-07-10,1.84,1.8425,1.65,1.75
2011-07-17,1.71,1.71,1.41,1.5
2011-07-24,1.45,1.73,1.42,1.7
2011-07-31,1.71,1.71,1.45,1.55
2011-08-07,1.59,1.62,1.21,1.31
2011-08-14,1.3,1.45,1.0,1.36
2011-08-21,1.34,1.42,1.15,1.25
2011-08-28,1.28,1.31,1.16,1.23
2011-09-04,1.21,1.31,1.21,1.3
2011-09-11,1.28,1.3025,1.18,1.28
2011-09-18,1.22,1.9,1.22,1.72
2011-09-25,1.7,1.73,1.39,1.52
2011-10-02,1.58,1.64,1.46,1.49
2011-10-09,1.53,1.55,1.31,1.41
2011-10-16,1.43,1.55,1.22,1.46
2011-10-23,1.5,1.55,1.25,1.29
2011-10-30,1.3,1.46,1.02,1.05
2011-11-06,1.1,1.1,0.95,1.02
2011-11-13,1.04,1.12,0.9,0.99
2011-11-20,1.03,1.2,1.0,1.13
2011-11-27,1.05,1.13,1.0,1.04
2011-12-04,1.09,1.09,1.01,1.07
2011-12-11,1.05,1.21,1.04,1.13
2011-12-18,1.12,1.15,1.01,1.07
2011-12-25,1.07,1.39,1.06,1.09
2012-01-01,1.1125,1.33,1.09,1.29
2012-01-08,1.315,1.38,1.2,1.2
2012-01-15,1.2,1.25,1.12,1.19
2012-01-22,1.2149999999999999,1.27,1.13,1.17
2012-01-29,1.15,1.21,1.1,1.11
2012-02-05,1.06,1.13,1.03,1.09
2012-02-12,1.09,1.16,1.06,1.07
2012-02-19,1.15,1.18,1.07,1.13
2012-02-26,1.1225,1.17,1.08,1.1
2012-03-04,1.09,1.14,1.07,1.13
2012-03-11,1.13,1.13,1.07,1.12
2012-03-18,1.11,1.14,1.02,1.05
2012-03-25,1.08,1.11,1.05,1.07
2012-04-01,1.11,1.21,1.04,1.11
2012-04-08,1.14,1.14,1.0350000000000001,1.0550000000000002
2012-04-15,1.04,1.09,0.98,1.0
2012-04-22,1.03,1.03,0.75,0.98
2012-04-29,0.97,1.11,0.89,1.04
2012-05-06,1.04,1.13,0.96,0.98
2012-05-13,0.96,0.99,0.85,0.89
2012-05-20,0.89,0.92,0.8,0.8
2012-05-27,0.8,0.9,0.5,0.56
2012-06-03,0.5825,0.5925,0.55,0.57
2012-06-10,0.57,0.61,0.56,0.6
2012-06-17,0.61,0.62,0.55,0.56
2012-06-24,0.55,0.58,0.5,0.55
2012-07-01,0.55,0.56,0.51,0.53
2012-07-08,0.51,0.6,0.51,0.58
2012-07-15,0.62,0.95,0.59,0.86
2012-07-22,0.83,1.16,0.8,1.1
2012-07-29,1.13,1.48,1.05,1.3
2012-08-05,1.3,1.55,1.22,1.46
2012-08-12,1.48,1.49,1.25,1.4
2012-08-19,1.37,1.64,1.34,1.47
2012-08-26,1.47,1.95,1.42,1.86
2012-09-02,1.95,1.97,1.37,1.5
2012-09-09,1.5225,1.55,1.27,1.37
2012-09-16,1.4,1.54,1.33,1.39
2012-09-23,1.52,2.27,1.45,1.92
2012-09-30,1.98,2.04,1.36,1.51
2012-10-07,1.5,1.7,1.46,1.67
2012-10-14,1.7,1.78,1.59,1.63
2012-10-21,1.62,1.75,1.54,1.66
2012-10-28,1.64,1.69,1.56,1.65
2012-11-04,1.654,1.658,1.42,1.46
2012-11-11,1.43,1.61,0.4,0.44
2012-11-18,0.41,0.52,0.37,0.42
2012-11-25,0.43,0.45,0.4,0.44
2012-12-02,0.45,0.54,0.44,0.51
2012-12-09,0.51,0.53,0.42,0.42
2012-12-16,0.42,0.49,0.42,0.44
2012-12-23,0.44,0.47,0.42,0.44
2012-12-30,0.44,0.5,0.42,0.44
2013-01-06,0.43,0.51,0.41,0.49
2013-01-13,0.5,0.6,0.47,0.55
2013-01-20,0.56,0.58,0.51,0.51
2013-01-27,0.5275,0.57,0.5,0.56
2013-02-03,0.56,0.58,0.49,0.51
2013-02-10,0.49,0.55,0.46,0.53
2013-02-17,0.54,0.54,0.46,0.48
2013-02-24,0.49,0.5,0.41,0.47
2013-03-03,0.47,0.48,0.41,0.45
2013-03-10,0.46,0.49,0.43,0.48
2013-03-17,0.5,0.55,0.48,0.53
2013-03-24,0.53,0.54,0.48,0.49
2013-03-31,0.5,0.56,0.4725,0.4875
2013-04-07,0.49,0.5,0.45,0.46
2013-04-14,0.46,0.49,0.45,0.49
2013-04-21,0.5,0.96,0.46,0.88
2013-04-28,1.02,1.12,0.81,0.96
2013-05-05,0.95,0.95,0.68,0.8
2013-05-12,0.85,0.97,0.79,0.95
2013-05-19,0.99,1.03,0.79,0.83
2013-05-26,0.8,0.93,0.8,0.88
2013-06-02,0.8875,1.01,0.81,0.89
2013-06-09,0.89,0.94,0.83,0.86
2013-06-16,0.88,1.19,0.85,0.96
2013-06-23,0.95,1.02,0.84,0.87
2013-06-30,0.87,0.96,0.83,0.9
2013-07-07,0.91,0.94,0.86,0.92
2013-07-14,0.9,1.06,0.88,1.03
2013-07-21,1.03,1.21,0.95,1.2
2013-07-28,1.26,1.38,1.07,1.28
2013-08-04,1.31,1.63,1.24,1.61
2013-08-11,1.62,1.66,1.24,1.28
2013-08-18,1.28,1.6,1.28,1.33
2013-08-25,1.36,1.37,1.22,1.27
2013-09-01,1.3,2.5,1.3,1.94
2013-09-08,1.9825,2.13,1.79,2.1
2013-09-15,2.12,2.75,2.05,2.43
2013-09-22,2.48,2.99,2.39,2.86
2013-09-29,2.93,3.25,2.8,3.23
2013-10-06,3.2,3.65,2.85,3.28
2013-10-13,3.2,3.55,2.17,2.64
2013-10-20,2.64,2.87,1.71,1.9
2013-10-27,1.82,2.1,1.49,1.87
2013-11-03,1.91,1.96,1.51,1.53
2013-11-10,1.54,1.7,1.35,1.44
2013-11-17,1.47,1.65,1.29,1.6
2013-11-24,1.93,2.07,1.63,1.72
2013-12-01,1.71,1.76,1.65,1.72
2013-12-08,1.74,2.09,1.71,1.93
2013-12-15,1.95,1.99,1.73,1.92
2013-12-22,1.95,2.05,1.83,1.88
2013-12-29,1.9,2.29,1.73,2.1
2014-01-05,2.1,2.2,1.93,2.13
2014-01-12,2.25,2.29,1.97,2.09
2014-01-19,2.14,2.15,1.85,2.03
2014-01-26,2.0374999999999996,2.12,1.96,2.04
2014-02-02,2.06,2.06,1.86,1.95
2014-02-09,1.88,1.93,1.75,1.91
2014-02-16,1.9,2.04,1.82,1.84
2014-02-23,1.8625,2.38,1.8425,2.28
2014-03-02,2.3,2.39,2.12,2.24
2014-03-09,2.21,2.24,1.97,2.17
2014-03-16,2.1,2.19,2.0,2.17
2014-03-23,2.19,2.5,2.1,2.37
2014-03-30,2.37,2.48,2.15,2.32
2014-04-06,2.3,2.51,2.18,2.26
2014-04-13,2.23,2.34,1.95,2.06
2014-04-20,2.17,2.18,1.76,2.055
2014-04-27,2.08,2.17,1.98,2.0
2014-05-04,2.01,2.12,1.9,1.98
2014-05-11,1.96,2.04,1.7,1.73
2014-05-18,1.73,1.85,1.73,1.82
2014-05-25,1.81,2.07,1.81,1.95
2014-06-01,1.9649999999999999,2.2,1.9449999999999998,2.2
2014-06-08,2.2,2.3,2.06,2.26
2014-06-15,2.25,2.46,2.2,2.37
2014-06-22,2.34,2.54,2.28,2.52
2014-06-29,2.48,2.69,2.33,2.57
2014-07-06,2.5,2.59,2.32,2.3875
2014-07-13,2.36,2.46,2.18,2.29
2014-07-20,2.32,2.39,2.13,2.18
2014-07-27,2.18,2.41,2.15,2.39
2014-08-03,2.39,2.39,2.18,2.27
2014-08-10,2.26,2.3,2.15,2.22
2014-08-17,2.25,2.37,2.17,2.27
2014-08-24,2.29,2.4,2.25,2.34
2014-08-31,2.36,3.35,2.36,3.2
2014-09-07,3.285,3.49,2.96,3.42
2014-09-14,3.42,3.42,2.94,3.09
2014-09-21,3.26,3.36,3.05,3.09
2014-09-28,3.08,3.11,2.81,2.98
2014-10-05,2.96,3.46,2.47,2.79
2014-10-12,2.75,2.82,2.43,2.52
2014-10-19,2.5,2.59,2.26,2.48
2014-10-26,2.46,2.79,2.4,2.58
2014-11-02,2.59,3.04,2.55,2.97
2014-11-09,2.99,3.14,2.65,2.73
2014-11-16,2.73,2.9,2.65,2.66
2014-11-23,2.68,2.75,2.55,2.64
2014-11-30,2.63,2.77,2.6,2.65
2014-12-07,2.66,2.96,2.59,2.92
2014-12-14,2.93,2.97,2.62,2.87
2014-12-21,2.89,2.93,2.65,2.89
2014-12-28,2.89,3.14,2.81,2.96
2015-01-04,3.0,3.11,2.85,2.94
2015-01-11,2.9,3.02,2.61,2.98
2015-01-18,3.07,3.07,2.73,2.94
2015-01-25,2.9425,3.07,2.71,3.06
2015-02-01,3.06,3.97,2.97,3.65
2015-02-08,3.7,3.87,3.21,3.36
2015-02-15,3.37,3.6,3.3,3.36
2015-02-22,3.3425000000000002,3.56,3.3075,3.4
2015-03-01,3.4,4.04,3.37,3.76
2015-03-08,3.78,4.24,3.56,4.17
2015-03-15,4.2,4.25,4.0,4.18
2015-03-22,4.16,5.1,4.09,4.74
2015-03-29,4.75,4.75,3.88,4.19
2015-04-05,4.2,4.59,4.05,4.409999999999999
2015-04-12,4.36,4.83,4.36,4.67
2015-04-19,4.69,4.81,4.27,4.4
2015-04-26,4.4,4.87,2.71,3.69
2015-05-03,3.74,3.85,3.15,3.33
2015-05-10,3.36,3.55,3.15,3.42
2015-05-17,3.39,3.53,3.2,3.32
2015-05-24,3.3,4.14,3.3,3.96
2015-05-31,3.9125,4.09,3.9,3.95
2015-06-07,3.97,4.15,3.79,4.01
2015-06-14,4.01,4.19,3.91,4.03
2015-06-21,4.02,4.18,3.88,4.02
2015-06-28,4.07,4.67,3.97,4.26
2015-07-05,4.22,4.445,3.9,4.4350000000000005
2015-07-12,4.35,4.97,4.24,4.88
2015-07-19,4.92,5.3,4.88,5.21
2015-07-26,5.21,5.8,5.21,5.3
2015-08-02,5.26,5.28,4.71,4.94
2015-08-09,4.96,5.06,4.3,4.44
2015-08-16,4.44,4.52,3.95,4.11
2015-08-23,4.02,4.31,3.3,3.66
2015-08-30,3.29,3.86,3.1,3.64
2015-09-06,3.6,3.93,3.36,3.7
2015-09-13,3.7525,4.15,3.7025,3.9
2015-09-20,3.94,4.52,3.78,4.43
2015-09-27,4.49,4.51,3.66,3.77
2015-10-04,3.65,3.68,2.72,3.03
2015-10-11,3.03,3.27,2.76,3.18
2015-10-18,3.22,3.52,3.07,3.36
2015-10-25,3.36,3.55,3.03,3.34
2015-11-01,3.31,3.5,3.12,3.16
2015-11-08,3.19,3.49,3.13,3.22
2015-11-15,3.2,3.24,2.66,2.76
2015-11-22,2.77,2.91,2.27,2.43
2015-11-29,2.39,2.87,2.38,2.82
2015-12-06,2.88,2.88,2.47,2.53
2015-12-13,2.55,2.57,2.36,2.48
2015-12-20,2.47,3.0,2.37,2.55
2015-12-27,2.59,2.6,2.3,2.45
2016-01-03,2.41,2.66,2.36,2.4175
2016-01-10,2.44,2.44,1.81,1.9
2016-01-17,1.9,2.22,1.77,2.1
2016-01-24,2.1075,2.25,1.93,2.1
2016-01-31,2.08,2.15,1.83,1.86
2016-02-07,1.83,2.0,1.75,1.78
2016-02-14,1.77,1.82,1.57,1.76
2016-02-21,1.7875,1.86,0.93,1.18
2016-02-28,1.2,1.21,0.97,1.05
2016-03-06,1.04,1.18,0.98,1.14
2016-03-13,1.14,1.4,1.14,1.22
2016-03-20,1.23,1.33,1.03,1.12
2016-03-27,1.13,1.39,1.12,1.195
2016-04-03,1.2,1.23,1.06,1.2
2016-04-10,1.21,1.29,1.13,1.14
2016-04-17,1.14,1.18,1.12,1.17
2016-04-24,1.16,1.26,1.15,1.21
2016-05-01,1.22,1.26,0.51,0.68
2016-05-08,0.7,0.72,0.58,0.61
2016-05-15,0.62,0.66,0.57,0.57
2016-05-22,0.58,0.62,0.55,0.6
2016-05-29,0.6,0.64,0.57,0.61
2016-06-05,0.6174999999999999,0.64,0.59,0.61
2016-06-12,0.61,0.7,0.61,0.62
2016-06-19,0.71,0.87,0.63,0.75
2016-06-26,0.77,0.96,0.75,0.79
2016-07-03,0.79,0.81,0.7,0.76
2016-07-10,0.7525,0.85,0.715,0.8
2016-07-17,0.81,0.84,0.73,0.78
2016-07-24,0.78,0.79,0.74,0.77
2016-07-31,0.76,0.79,0.68,0.72
2016-08-07,0.72,0.81,0.7,0.8
2016-08-14,0.79,0.8,0.73,0.74
2016-08-21,0.74,1.11,0.74,0.94
2016-08-28,0.98,1.2,0.95,1.09
2016-09-04,1.08,1.14,0.94,1.03
2016-09-11,1.025,1.0725,0.9724999999999999,1.0
2016-09-18,0.98,1.05,0.94,0.99
2016-09-25,1.03,1.35,1.0,1.25
2016-10-02,1.23,1.24,1.07,1.09
2016-10-09,1.09,1.58,1.08,1.36
2016-10-16,1.35,1.43,1.21,1.35
2016-10-23,1.35,1.39,1.16,1.23
2016-10-30,1.26,1.27,0.94,0.98
2016-11-06,1.13,1.14,0.95,0.97
2016-11-13,0.99,1.15,0.96,1.14
2016-11-20,1.17,1.2,1.07,1.17
2016-11-27,1.19,1.25,1.06,1.15
2016-12-04,1.16,1.17,1.05,1.1
2016-12-11,1.09,1.2,1.09,1.18
2016-12-18,1.16,1.21,1.11,1.16
2016-12-25,1.17,1.18,1.01,1.09
2017-01-01,1.09,1.11,1.01,1.05
2017-01-08,1.0375,1.27,1.0175,1.16
2017-01-15,1.17,1.25,1.09,1.24
2017-01-22,1.23,1.27,1.16,1.19
2017-01-29,1.18,1.21,1.09,1.11
2017-02-05,1.1,1.17,1.03,1.15
2017-02-12,1.13,1.15,1.1,1.13
2017-02-19,1.12,1.15,1.1,1.15
2017-02-26,1.1524999999999999,1.16,1.08,1.1
2017-03-05,1.1,1.18,1.1,1.17
2017-03-12,1.17,1.18,1.1,1.11
2017-03-19,1.12,1.77,1.11,1.54
2017-03-26,1.56,1.81,1.51,1.7
2017-04-02,1.72,2.17,1.63,1.95
2017-04-09,1.93,1.98,1.65,1.75
2017-04-16,1.74,1.81,1.665,1.7475
2017-04-23,1.76,1.76,1.62,1.67
2017-04-30,1.67,1.89,1.63,1.84
2017-05-07,1.85,1.88,1.64,1.69
2017-05-14,1.69,1.96,1.68,1.95
2017-05-21,1.96,2.35,1.95,2.12
2017-05-28,2.13,2.24,2.02,2.14
2017-06-04,2.1525,2.33,2.1,2.3
2017-06-11,2.34,2.43,2.24,2.39
2017-06-18,2.39,2.44,2.28,2.31
2017-06-25,2.31,2.85,2.31,2.84
2017-07-02,2.84,2.88,2.62,2.76
2017-07-09,2.76,2.85,2.68,2.82
2017-07-16,2.83,3.16,2.6,2.93
2017-07-23,2.96,3.14,2.09,2.95
2017-07-30,2.98,3.2,2.92,3.05
2017-08-06,3.09,3.09,2.55,2.87
2017-08-13,2.92,2.99,2.68,2.72
2017-08-20,2.75,2.96,2.75,2.77
2017-08-27,2.79,2.87,2.66,2.78
2017-09-03,2.78,2.95,2.58,2.62
2017-09-10,2.6675,2.7,2.41,2.61
2017-09-17,2.62,2.66,2.41,2.41
2017-09-24,2.44,2.53,2.38,2.44
2017-10-01,2.42,2.6,2.38,2.52
2017-10-08,2.5,2.85,2.5,2.77
2017-10-15,2.78,2.78,2.51,2.51
2017-10-22,2.41,2.76,2.41,2.76
2017-10-29,2.79,2.89,2.64,2.75
2017-11-05,2.71,3.04,2.57,2.98
2017-11-12,3.02,3.24,2.83,2.87
2017-11-19,2.87,2.98,2.77,2.93
2017-11-26,2.95,3.52,2.95,3.5
2017-12-03,3.18,4.51,3.11,4.4
2017-12-10,4.46,4.49,3.76,4.0
2017-12-17,4.07,4.29,4.02,4.08
2017-12-24,4.08,4.15,3.82,3.94
2017-12-31,3.9475000000000002,4.14,3.8675,3.91
2018-01-07,3.9625,4.08,3.85,3.96
2018-01-14,3.89,4.08,3.79,3.92
2018-01-21,3.935,3.96,3.71,3.75
2018-01-28,3.76,3.81,3.45,3.62
2018-02-04,3.59,3.59,3.22,3.3
2018-02-11,3.24,3.47,3.1,3.28
2018-02-18,3.28,3.61,3.28,3.43
2018-02-25,3.425,3.5,3.11,3.23
2018-03-04,3.26,3.33,3.14,3.2
2018-03-11,3.19,3.35,3.18,3.23
2018-03-18,3.25,3.29,2.47,2.69
2018-03-25,2.69,2.88,2.53,2.56
2018-04-01,2.61,2.62,2.36,2.39
2018-04-08,2.4,2.66,2.18,2.37
2018-04-15,2.39,2.69,2.35,2.55
2018-04-22,2.57,2.65,2.46,2.51
2018-04-29,2.51,2.95,2.47,2.88
2018-05-06,2.9,2.92,2.67,2.71
2018-05-13,2.72,3.02,2.67,2.94
2018-05-20,2.96,3.5,2.96,3.34
2018-05-27,3.33,3.51,3.23,3.26
2018-06-03,3.56,3.98,3.2975,3.63
2018-06-10,3.7,3.71,3.27,3.38
2018-06-17,3.41,3.6,3.36,3.57
2018-06-24,3.57,3.61,3.12,3.39
2018-07-01,3.34,3.36,3.06,3.12
2018-07-08,3.1,3.36,3.09,3.29
2018-07-15,3.29,3.58,3.13,3.27
2018-07-22,3.29,3.3,3.04,3.05
2018-07-29,3.03,3.13,2.84,2.85
2018-08-05,2.85,3.04,2.76,2.89
2018-08-12,2.89,3.18,2.7,2.97
2018-08-19,3.0,3.05,2.8,2.9
2018-08-26,2.91,3.19,2.81,3.17
2018-09-02,3.18,3.39,2.99,3.37
2018-09-09,3.39,3.52,3.19,3.24
2018-09-16,3.24,3.34,3.12,3.18
2018-09-23,3.17,3.48,3.05,3.15
2018-09-30,3.17,4.05,3.11,3.78
2018-10-07,3.85,3.89,3.41,3.43
2018-10-14,3.4,3.46,3.0,3.14
2018-10-21,3.14,3.49,3.14,3.31
2018-10-28,3.31,3.46,2.92,3.12
2018-11-04,3.13,3.25,2.86,3.18
2018-11-11,3.22,3.35,2.84,2.88
2018-11-18,2.86,3.11,2.68,3.09
2018-11-25,3.09,3.15,2.74,2.94
2018-12-02,2.99,3.23,2.32,2.54
2018-12-09,2.71,2.71,2.18,2.39
2018-12-16,2.38,2.54,2.29,2.34
2018-12-23,2.41,2.51,1.85,1.99
2018-12-30,1.98,2.1,1.85,1.98
2019-01-06,1.99,2.34,1.85,2.3
2019-01-13,2.43,2.68,2.39,2.64
2019-01-20,2.63,2.7,2.5,2.62
2019-01-27,2.6175,2.625,2.4,2.54
2019-02-03,2.5,2.55,2.35,2.51
2019-02-10,2.39,2.52,2.17,2.47
2019-02-17,2.47,2.8,2.42,2.77
2019-02-24,2.7649999999999997,2.94,2.65,2.91
2019-03-03,2.91,3.12,2.58,2.88
2019-03-10,2.87,2.95,2.77,2.86
2019-03-17,2.82,3.08,2.81,2.98
2019-03-24,3.01,4.31,2.99,4.02
2019-03-31,4.05,5.63,4.02,5.1
2019-04-07,5.13,5.68,4.91,5.6
2019-04-14,5.55,5.64,5.23,5.39
2019-04-21,5.38,5.59,5.1,5.329999999999999
2019-04-28,5.32,6.09,5.28,5.71
2019-05-05,5.7,6.06,5.56,6.06
2019-05-12,5.85,6.16,2.23,3.14
2019-05-19,3.45,3.91,2.98,3.79
2019-05-26,3.75,3.98,3.32,3.61
2019-06-02,3.535,3.67,3.34,3.5
2019-06-09,3.48,3.63,3.2,3.43
2019-06-16,3.45,3.95,3.21,3.8
2019-06-23,3.78,3.97,3.48,3.58
2019-06-30,3.58,3.89,3.5,3.84
2019-07-07,3.88,4.1,3.77,3.92
2019-07-14,3.91,4.26,3.86,4.07
2019-07-21,4.1,4.29,4.0,4.05
2019-07-28,4.06,4.95,4.01,4.9
2019-08-04,4.95,5.19,4.73,5.06
2019-08-11,4.97,5.23,4.5,5.03
2019-08-18,5.03,5.78,4.96,5.76
2019-08-25,5.78,6.33,5.65,5.99
2019-09-01,6.0,6.36,5.77,6.16
2019-09-08,6.1275,6.75,5.9,6.6
2019-09-15,6.62,7.67,5.95,6.21
2019-09-22,6.17,6.75,5.74,6.62
2019-09-29,6.62,6.64,5.17,5.27
2019-10-06,5.21,5.4,4.78,4.85
2019-10-13,4.83,4.96,4.41,4.83
2019-10-20,4.87,5.37,4.76,5.25
2019-10-27,5.25,5.66,5.23,5.6
2019-11-03,5.6,5.83,4.59,4.81
2019-11-10,4.85,5.07,4.57,5.07
2019-11-17,5.11,5.26,4.16,4.44
2019-11-24,4.43,4.74,4.22,4.45
2019-12-01,4.49,4.83,4.27,4.64
2019-12-08,4.65,5.07,4.46,4.67
2019-12-15,4.7,4.78,4.24,4.43
2019-12-22,4.45,4.52,3.76,3.8
2019-12-29,3.92,4.05,3.71,3.76
2020-01-05,3.78,3.84,3.65,3.73
2020-01-12,3.76,4.63,3.65,4.37
2020-01-19,4.37,4.5,4.12,4.16
2020-01-26,4.205,4.26,3.97,3.98
2020-02-02,3.97,4.52,3.84,4.11
2020-02-09,4.15,4.69,4.15,4.4
2020-02-16,4.4,4.93,4.36,4.77
2020-02-23,4.859999999999999,5.28,4.76,5.21
2020-03-01,4.95,5.13,3.99,4.21
2020-03-08,4.23,4.46,3.8,3.95
2020-03-15,3.6,3.85,2.55,3.41
2020-03-22,2.62,3.35,2.56,2.95
2020-03-29,2.99,4.08,2.93,3.77
2020-04-05,3.82,4.06,3.4,3.53
2020-04-12,3.74,4.4525,3.67,4.3975
2020-04-19,4.46,4.61,4.18,4.58
2020-04-26,4.58,5.03,4.51,5.02
2020-05-03,5.11,5.15,4.38,4.6
2020-05-10,4.58,5.03,4.48,4.86
2020-05-17,4.93,5.12,4.06,4.55
2020-05-24,4.69,4.71,4.29,4.42
2020-05-31,4.49,4.55,4.16,4.31
2020-06-07,4.3,4.62,4.24,4.49
2020-06-14,4.5,4.7,4.0,4.1
2020-06-21,4.06,4.69,4.02,4.57
2020-06-28,4.65,4.88,4.46,4.51
2020-07-05,4.57,4.9174999999999995,4.46,4.8325
2020-07-12,4.84,5.19,4.79,4.94
2020-07-19,5.01,5.14,4.73,5.01
2020-07-26,5.07,5.08,4.65,4.72
2020-08-02,4.73,4.88,3.92,4.3
2020-08-09,4.25,4.26,3.96,4.05
2020-08-16,4.12,4.33,3.23,3.47
2020-08-23,3.52,3.73,3.44,3.47
2020-08-30,3.48,3.5,3.2,3.32
2020-09-06,3.31,3.37,2.96,3.08
2020-09-13,3.14,3.28,3.005,3.2
2020-09-20,3.24,3.49,3.21,3.36
2020-09-27,3.29,3.32,3.01,3.16
2020-10-04,3.17,3.36,2.91,3.05
2020-10-11,3.08,3.37,3.08,3.29
2020-10-18,3.31,3.33,3.09,3.27
2020-10-25,3.3,3.3,3.09,3.19
2020-11-01,3.17,3.19,2.94,2.97
2020-11-08,3.01,3.43,2.88,3.15
2020-11-15,3.3,3.55,3.21,3.4
2020-11-22,3.44,3.51,3.22,3.35
2020-11-29,3.37,3.72,3.35,3.7
2020-12-06,3.83,3.84,3.45,3.59
2020-12-13,3.62,3.69,3.38,3.63
2020-12-20,3.72,3.99,3.5,3.58
2020-12-27,3.55,3.57,3.36,3.425
2021-01-03,3.49,3.55,3.3,3.3874999999999997
2021-01-10,3.33,3.57,3.33,3.48
2021-01-17,3.46,3.67,3.43,3.49
2021-01-24,3.5175,3.79,3.45,3.6
2021-01-31,3.62,3.8,3.54,3.64
2021-02-07,3.7,4.68,3.62,4.37
2021-02-14,4.42,4.82,4.18,4.2
2021-02-21,4.2325,4.5,4.05,4.34
2021-02-28,4.32,4.4,3.83,3.89
2021-03-07,4.0,4.05,3.27,3.53
2021-03-14,3.57,3.9,3.49,3.89
2021-03-21,3.99,4.39,3.85,4.37
2021-03-28,4.57,5.05,4.24,4.38
2021-04-04,4.37,4.7075000000000005,4.16,4.5649999999999995
2021-04-11,4.58,4.73,4.3,4.33
2021-04-18,4.33,4.6,4.21,4.44
2021-04-25,4.38,4.75,4.28,4.67
2021-05-02,4.58,4.83,4.55,4.58
2021-05-09,4.57,4.92,4.57,4.83
2021-05-16,4.82,5.54,4.43,5.51
2021-05-23,5.54,5.85,5.42,5.7
2021-05-30,5.77,5.83,5.38,5.53
2021-06-06,5.550000000000001,5.6075,5.45,5.48
2021-06-13,5.48,5.88,5.41,5.74
2021-06-20,5.74,5.9,5.61,5.73
2021-06-27,5.74,6.09,5.68,6.05
2021-07-04,6.22,6.22,5.63,5.65
2021-07-11,5.72,5.7475,5.23,5.59
2021-07-18,5.59,5.72,5.29,5.56
2021-07-25,5.51,5.8,5.5,5.55
2021-08-01,5.55,6.06,5.41,5.84
2021-08-08,5.88,6.04,5.63,5.81
2021-08-15,5.76,6.24,5.67,6.04
2021-08-22,6.04,6.04,5.4,5.51
2021-08-29,5.59,5.73,5.28,5.47
2021-09-05,5.47,5.68,5.2,5.25
2021-09-12,5.305,5.41,4.95,5.01
2021-09-19,5.04,5.13,4.87,5.05
2021-09-26,4.98,5.15,4.81,5.08
2021-10-03,5.06,5.7,5.0,5.21
2021-10-10,5.19,6.6,5.14,6.33
2021-10-17,6.18,6.43,6.03,6.03
2021-10-24,5.98,6.14,5.75,5.76
2021-10-31,5.76,5.99,5.67,5.9
2021-11-07,5.86,6.42,5.86,6.32
2021-11-14,6.35,7.58,6.07,7.41
2021-11-21,7.44,7.51,6.72,7.32
2021-11-28,7.33,7.46,7.05,7.1
2021-12-05,7.09,7.27,6.79,6.86
2021-12-12,6.92,7.16,6.51,6.59
2021-12-19,6.64,7.19,6.33,6.9
2021-12-26,6.89,7.2299999999999995,6.63,7.199999999999999
2022-01-02,7.22,7.35,6.75,6.77
2022-01-09,6.79,7.05,6.49,6.56
2022-01-16,6.51,6.51,5.97,6.24
2022-01-23,6.135,6.2075000000000005,5.33,5.54
2022-01-30,5.45,5.78,5.24,5.54
2022-02-06,5.51,5.85,5.51,5.63
2022-02-13,5.62,7.97,5.61,7.94
2022-02-20,7.99,8.01,7.46,7.64
2022-02-27,7.532500000000001,7.84,7.03,7.83
2022-03-06,7.81,8.3,7.58,7.63
2022-03-13,7.63,8.07,7.47,7.58
2022-03-20,7.61,7.9,7.11,7.62
2022-03-27,7.61,8.5,7.59,7.99
2022-04-03,7.92,8.64,7.77,8.33
2022-04-10,8.35,8.65,8.05,8.07
2022-04-17,8.01,8.64,7.9,8.3525
2022-04-24,8.26,8.55,8.03,8.05
2022-05-01,7.96,8.25,7.38,7.62
2022-05-08,7.62,7.89,7.17,7.22
2022-05-15,7.1,7.26,6.3,6.91
2022-05-22,6.86,7.22,6.69,7.06
2022-05-29,7.16,7.38,6.62,7.33
2022-06-05,7.25,7.42,6.92,7.36
2022-06-12,7.41,7.41,6.52,6.68
2022-06-19,6.5,6.68,6.15,6.45
2022-06-26,6.5075,6.79,6.38,6.64
2022-07-03,6.68,7.23,6.63,7.06
2022-07-10,6.975,7.75,6.915,7.56
2022-07-17,7.5,8.6,7.36,8.57
2022-07-24,8.62,9.88,8.62,9.55
2022-07-31,9.57,10.72,9.54,10.24
2022-08-07,10.2,11.17,10.04,11.13
2022-08-14,11.31,14.31,10.54,13.9
2022-08-21,13.97,14.44,13.3,14.1
2022-08-28,13.95,15.07,13.01,14.02
2022-09-04,13.82,14.4,13.18,13.75
2022-09-11,13.8975,15.61,13.43,14.77
2022-09-18,14.8,17.22,12.8,13.41
2022-09-25,13.01,13.2,11.67,11.87
2022-10-02,11.82,13.21,11.8,12.83
2022-10-09,13.06,13.41,12.16,12.25
2022-10-16,12.25,13.09,12.08,12.55
2022-10-23,12.72,13.45,12.49,13.41
2022-10-30,13.5,14.71,13.11,14.19
2022-11-06,14.15,14.3,13.35,14.06
2022-11-13,14.14,16.66,14.13,14.65
2022-11-20,14.87,16.4,14.75,15.59
2022-11-27,15.61,17.76,14.96,16.97
2022-12-04,17.07,18.39,15.95,17.27
2022-12-11,17.36,17.55,16.18,16.38
2022-12-18,16.68,18.38,15.58,16.0
2022-12-25,16.0,19.78,15.51,19.01
2023-01-01,19.155,19.34,17.94,18.6
2023-01-08,18.58,20.51,17.9,19.6
2023-01-15,20.2,22.11,18.92,21.05
2023-01-22,21.355,21.675,19.71,20.8
2023-01-29,18.32,18.41,13.3,15.52
2023-02-05,15.35,16.22,14.86,16.1
2023-02-12,16.13,16.5,15.23,15.47
2023-02-19,15.49,15.75,15.0,15.52
2023-02-26,15.4175,15.577499999999999,15.11,15.26
2023-03-05,15.35,15.63,15.03,15.45
2023-03-12,15.4,15.45,14.37,14.64
2023-03-19,14.45,16.46,13.87,15.92
2023-03-26,15.96,16.79,15.64,16.12
2023-04-02,16.22,16.99,16.07,16.58
2023-04-09,16.73,17.4125,16.32,17.35
2023-04-16,17.3,18.105,16.781,17.69
2023-04-23,17.75,18.22,16.1388,16.48
2023-04-30,16.41,16.59,15.54,15.92
2023-05-07,15.94,17.54,15.91,17.21
2023-05-14,17.26,17.765,13.1,13.45
2023-05-21,13.34,13.6475,11.8,12.17
2023-05-28,12.17,12.61,11.37,11.5
2023-06-04,11.487499999999999,11.825,11.09,11.55
2023-06-11,11.46,12.17,11.41,11.62
2023-06-18,11.68,12.52,11.485,12.2
2023-06-25,12.235,13.5401,11.785,13.15
2023-07-02,13.26,13.78,12.72,13.44
2023-07-09,13.49,13.53,12.18,12.33
2023-07-16,12.35,12.97,12.16,12.86
2023-07-23,12.9,14.12,12.87,13.66
